# ************************************************************
# Sequel Ace SQL dump
# Version 20094
#
# https://sequel-ace.com/
# https://github.com/Sequel-Ace/Sequel-Ace
#
# Host: 127.0.0.1 (MySQL 9.2.0)
# Database: e-logbook
# Generation Time: 2025-06-18 15:25:22 +0000
# ************************************************************


/*!40101 SET @OLD_CHARACTER_SET_CLIENT=@@CHARACTER_SET_CLIENT */;
/*!40101 SET @OLD_CHARACTER_SET_RESULTS=@@CHARACTER_SET_RESULTS */;
/*!40101 SET @OLD_COLLATION_CONNECTION=@@COLLATION_CONNECTION */;
SET NAMES utf8mb4;
/*!40014 SET @OLD_FOREIGN_KEY_CHECKS=@@FOREIGN_KEY_CHECKS, FOREIGN_KEY_CHECKS=0 */;
/*!40101 SET @OLD_SQL_MODE='NO_AUTO_VALUE_ON_ZERO', SQL_MODE='NO_AUTO_VALUE_ON_ZERO' */;
/*!40111 SET @OLD_SQL_NOTES=@@SQL_NOTES, SQL_NOTES=0 */;


# Dump of table action_uses
# ------------------------------------------------------------

DROP TABLE IF EXISTS `action_uses`;

CREATE TABLE `action_uses` (
  `id` char(36) CHARACTER SET utf8mb4 COLLATE utf8mb4_unicode_ci NOT NULL,
  `menu_authority_id` char(36) CHARACTER SET utf8mb4 COLLATE utf8mb4_unicode_ci DEFAULT NULL,
  `action_id` char(36) CHARACTER SET utf8mb4 COLLATE utf8mb4_unicode_ci DEFAULT NULL,
  `value` tinyint(1) NOT NULL,
  `created_at` timestamp NULL DEFAULT NULL,
  `updated_at` timestamp NULL DEFAULT NULL,
  PRIMARY KEY (`id`),
  KEY `action_uses_menu_authority_id_foreign` (`menu_authority_id`),
  KEY `action_uses_action_id_foreign` (`action_id`),
  CONSTRAINT `action_uses_action_id_foreign` FOREIGN KEY (`action_id`) REFERENCES `actions` (`id`) ON DELETE CASCADE,
  CONSTRAINT `action_uses_menu_authority_id_foreign` FOREIGN KEY (`menu_authority_id`) REFERENCES `menu_authorities` (`id`) ON DELETE CASCADE
) ENGINE=InnoDB DEFAULT CHARSET=utf8mb4 COLLATE=utf8mb4_unicode_ci;

LOCK TABLES `action_uses` WRITE;
/*!40000 ALTER TABLE `action_uses` DISABLE KEYS */;

INSERT INTO `action_uses` (`id`, `menu_authority_id`, `action_id`, `value`, `created_at`, `updated_at`)
VALUES
	('00090a49-cafe-43ce-8288-53be8fe2399a','d8f21054-3e04-4341-819c-d5f8f329c2f6','c18fa99e-8d3c-4b6b-91a3-9c0000000003',0,'2025-05-15 15:24:27','2025-05-15 15:24:27'),
	('003148b4-4733-400d-8902-7f08664a6e95','30489da9-b47f-4bbe-8dcc-f368c9e08d6c','c18fa99e-8d3c-4b6b-91a3-9c0000000002',0,'2025-05-15 15:24:27','2025-05-15 15:24:27'),
	('01655729-e32b-415e-9d13-47cdb0235f56','505f6a33-31a9-4328-9930-a53bb4a52aed','c18fa99e-8d3c-4b6b-91a3-9c0000000008',0,'2025-05-15 15:24:27','2025-05-15 15:24:27'),
	('03cbac7d-b105-48bc-96a4-c166f52c82a6','4c5c3844-7dfd-4fb1-bcd6-8c6caa2c205d','c18fa99e-8d3c-4b6b-91a3-9c0000000006',0,'2025-05-15 15:24:27','2025-05-15 15:24:27'),
	('03f49880-36db-4ced-881c-73ea7bbf5a28','d084907d-1805-412d-b894-95ab642a4e25','c18fa99e-8d3c-4b6b-91a3-9c0000000001',0,'2025-05-15 15:24:27','2025-05-15 15:24:27'),
	('059d96da-ca4d-4e15-9e36-47f96df695df','88457121-ad9e-4789-bd6d-fb7079c5b3a7','c18fa99e-8d3c-4b6b-91a3-9c0000000002',0,'2025-05-15 15:24:27','2025-05-15 15:24:27'),
	('0631838a-92b4-4bc9-a061-de4814b89217','ebcfa206-85eb-408e-8106-53cd072c7a9d','c18fa99e-8d3c-4b6b-91a3-9c0000000007',0,'2025-05-15 15:24:27','2025-05-15 15:24:27'),
	('07a16f3e-7239-4e24-a3dc-e6d35a99ba0c','d91daa0d-2ee7-48f6-b551-f1d219d14f9a','c18fa99e-8d3c-4b6b-91a3-9c0000000007',0,'2025-05-15 15:24:27','2025-05-15 15:24:27'),
	('0aad1816-93c2-4282-b3a2-292d49adb3dc','c71dec48-743b-45d1-8b0a-5adcc8f11c28','c18fa99e-8d3c-4b6b-91a3-9c0000000002',0,'2025-05-15 15:24:27','2025-05-15 15:24:27'),
	('0e534428-c503-417c-8fbc-5c7bdad31944','68d9a616-7975-436c-ac1b-586483f9349b','c18fa99e-8d3c-4b6b-91a3-9c0000000005',0,'2025-05-15 15:24:27','2025-05-15 15:24:27'),
	('125081eb-1c05-4319-a975-667e768ce618','40af3e45-affc-4c35-98df-593cafb54519','c18fa99e-8d3c-4b6b-91a3-9c0000000003',0,'2025-05-15 15:24:27','2025-05-15 15:24:27'),
	('16cddca8-a9cd-4b2a-bc53-f00f2673b99d','68d9a616-7975-436c-ac1b-586483f9349b','c18fa99e-8d3c-4b6b-91a3-9c0000000004',0,'2025-05-15 15:24:27','2025-05-15 15:24:27'),
	('1cf6b7ec-c341-45ca-ab35-07c7895d3ee8','d91daa0d-2ee7-48f6-b551-f1d219d14f9a','c18fa99e-8d3c-4b6b-91a3-9c0000000005',0,'2025-05-15 15:24:27','2025-05-15 15:24:27'),
	('1e512772-f142-48f9-b365-9f7d7dbc2ef5','505f6a33-31a9-4328-9930-a53bb4a52aed','c18fa99e-8d3c-4b6b-91a3-9c0000000004',0,'2025-05-15 15:24:27','2025-05-15 15:24:27'),
	('2196eb7a-bcbd-49f7-b85a-8ba8243a9587','d084907d-1805-412d-b894-95ab642a4e25','c18fa99e-8d3c-4b6b-91a3-9c0000000003',0,'2025-05-15 15:24:27','2025-05-15 15:24:27'),
	('221f2853-d8a8-447b-a1eb-c93a8df62c45','ebcfa206-85eb-408e-8106-53cd072c7a9d','c18fa99e-8d3c-4b6b-91a3-9c0000000003',0,'2025-05-15 15:24:27','2025-05-15 15:24:27'),
	('23fce3e1-1248-4af0-b6d3-e3f714864563','b9bb4c0f-6983-4267-97e8-0d38d7450a06','c18fa99e-8d3c-4b6b-91a3-9c0000000005',0,'2025-05-15 15:24:27','2025-05-15 15:24:27'),
	('28219059-9112-4bde-86f3-a7b8cfb32017','d91daa0d-2ee7-48f6-b551-f1d219d14f9a','c18fa99e-8d3c-4b6b-91a3-9c0000000003',0,'2025-05-15 15:24:27','2025-05-15 15:24:27'),
	('2959d9da-299b-42ef-9d10-bac89d7099d7','d084907d-1805-412d-b894-95ab642a4e25','c18fa99e-8d3c-4b6b-91a3-9c0000000002',0,'2025-05-15 15:24:27','2025-05-15 15:24:27'),
	('2d9ee858-e5b1-45e8-b341-17738bab9f36','c4762e9d-55fb-40bc-aed5-19b08928706d','c18fa99e-8d3c-4b6b-91a3-9c0000000002',0,'2025-05-15 15:24:27','2025-05-15 15:24:27'),
	('2e86ee2a-d393-4ce9-9841-05b5e3ab0457','b9bb4c0f-6983-4267-97e8-0d38d7450a06','c18fa99e-8d3c-4b6b-91a3-9c0000000007',0,'2025-05-15 15:24:27','2025-05-15 15:24:27'),
	('30a734ec-bb1e-41bc-9f19-f36eeb21a89c','4c5c3844-7dfd-4fb1-bcd6-8c6caa2c205d','c18fa99e-8d3c-4b6b-91a3-9c0000000007',0,'2025-05-15 15:24:27','2025-05-15 15:24:27'),
	('328b4e2d-3e2c-47a8-9d53-ca0d9d83be49','88457121-ad9e-4789-bd6d-fb7079c5b3a7','c18fa99e-8d3c-4b6b-91a3-9c0000000006',0,'2025-05-15 15:24:27','2025-05-15 15:24:27'),
	('34b30122-74cf-43ec-be7a-38181fe7b01f','e5edc1b5-5d79-47d1-99c4-7b2738a50032','c18fa99e-8d3c-4b6b-91a3-9c0000000007',0,'2025-05-15 15:24:27','2025-05-15 15:24:27'),
	('35b5891c-d34d-42f3-a80d-9060c8b43d1c','505f6a33-31a9-4328-9930-a53bb4a52aed','c18fa99e-8d3c-4b6b-91a3-9c0000000003',0,'2025-05-15 15:24:27','2025-05-15 15:24:27'),
	('361599f2-bf79-4650-8a98-daffb8a74bb8','40af3e45-affc-4c35-98df-593cafb54519','c18fa99e-8d3c-4b6b-91a3-9c0000000006',0,'2025-05-15 15:24:27','2025-05-15 15:24:27'),
	('376a1db3-ca1c-47d1-85fc-36fd9bdbc43d','ebcfa206-85eb-408e-8106-53cd072c7a9d','c18fa99e-8d3c-4b6b-91a3-9c0000000005',0,'2025-05-15 15:24:27','2025-05-15 15:24:27'),
	('39878f27-428a-4701-aa73-198f4f315257','db29b818-a7a3-4168-b362-6a29d6d0a182','c18fa99e-8d3c-4b6b-91a3-9c0000000004',0,'2025-05-15 15:24:27','2025-05-15 15:24:27'),
	('39f80207-753d-4b1c-a840-c4f089d58886','40af3e45-affc-4c35-98df-593cafb54519','c18fa99e-8d3c-4b6b-91a3-9c0000000007',0,'2025-05-15 15:24:27','2025-05-15 15:24:27'),
	('3a4843bb-1e8b-4c90-83b5-a5596ca1e515','505f6a33-31a9-4328-9930-a53bb4a52aed','c18fa99e-8d3c-4b6b-91a3-9c0000000002',0,'2025-05-15 15:24:27','2025-05-15 15:24:27'),
	('3ab3a4af-92ed-47ee-bb2e-99f8bef25f51','4c5c3844-7dfd-4fb1-bcd6-8c6caa2c205d','c18fa99e-8d3c-4b6b-91a3-9c0000000004',0,'2025-05-15 15:24:27','2025-05-15 15:24:27'),
	('3d6a0bb9-dfe3-470b-a42e-fd0951d29373','e5edc1b5-5d79-47d1-99c4-7b2738a50032','c18fa99e-8d3c-4b6b-91a3-9c0000000001',0,'2025-05-15 15:24:27','2025-05-15 15:24:27'),
	('3daec05f-f3b2-4fab-8748-72ba743b8d21','ebcfa206-85eb-408e-8106-53cd072c7a9d','c18fa99e-8d3c-4b6b-91a3-9c0000000002',0,'2025-05-15 15:24:27','2025-05-15 15:24:27'),
	('428e663f-942e-446c-84b1-0e101a936261','4c5c3844-7dfd-4fb1-bcd6-8c6caa2c205d','c18fa99e-8d3c-4b6b-91a3-9c0000000008',0,'2025-05-15 15:24:27','2025-05-15 15:24:27'),
	('42d3e0a6-e51a-4824-b23e-97bb426df0a0','c71dec48-743b-45d1-8b0a-5adcc8f11c28','c18fa99e-8d3c-4b6b-91a3-9c0000000007',0,'2025-05-15 15:24:27','2025-05-15 15:24:27'),
	('4b2e371c-093c-4cbb-b10a-95ffc379e199','3e2ef021-2265-483b-b421-f36922038c2f','c18fa99e-8d3c-4b6b-91a3-9c0000000005',0,'2025-05-15 15:24:27','2025-05-15 15:24:27'),
	('4daddbb1-8f8d-4a60-8f02-94f7b4d7f31e','e5edc1b5-5d79-47d1-99c4-7b2738a50032','c18fa99e-8d3c-4b6b-91a3-9c0000000002',0,'2025-05-15 15:24:27','2025-05-15 15:24:27'),
	('4dd5a252-78f9-4b06-9965-58f58acf3c3d','c71dec48-743b-45d1-8b0a-5adcc8f11c28','c18fa99e-8d3c-4b6b-91a3-9c0000000008',0,'2025-05-15 15:24:27','2025-05-15 15:24:27'),
	('4f72fa11-d029-4ae4-b353-bd9063ede57b','d084907d-1805-412d-b894-95ab642a4e25','c18fa99e-8d3c-4b6b-91a3-9c0000000004',0,'2025-05-15 15:24:27','2025-05-15 15:24:27'),
	('51b60ae5-ea4b-41fa-bd9c-128e0d463829','d91daa0d-2ee7-48f6-b551-f1d219d14f9a','c18fa99e-8d3c-4b6b-91a3-9c0000000001',0,'2025-05-15 15:24:27','2025-05-15 15:24:27'),
	('524a6457-7edf-43ba-b62c-29151f2194d5','68d9a616-7975-436c-ac1b-586483f9349b','c18fa99e-8d3c-4b6b-91a3-9c0000000007',0,'2025-05-15 15:24:27','2025-05-15 15:24:27'),
	('56e6ad41-89af-4b95-9b7c-f669668430ef','d084907d-1805-412d-b894-95ab642a4e25','c18fa99e-8d3c-4b6b-91a3-9c0000000008',0,'2025-05-15 15:24:27','2025-05-15 15:24:27'),
	('577d65ef-a434-4127-89a5-2347b996954c','d8f21054-3e04-4341-819c-d5f8f329c2f6','c18fa99e-8d3c-4b6b-91a3-9c0000000008',0,'2025-05-15 15:24:27','2025-05-15 15:24:27'),
	('59a9b2fd-8c50-40b2-b66a-3b744caafa80','b9bb4c0f-6983-4267-97e8-0d38d7450a06','c18fa99e-8d3c-4b6b-91a3-9c0000000004',0,'2025-05-15 15:24:27','2025-05-15 15:24:27'),
	('5d0ed45a-b148-459e-8657-aa31eefaeabf','30489da9-b47f-4bbe-8dcc-f368c9e08d6c','c18fa99e-8d3c-4b6b-91a3-9c0000000006',0,'2025-05-15 15:24:27','2025-05-15 15:24:27'),
	('5f22f856-1898-43f0-ad69-8c264a23e9e4','88457121-ad9e-4789-bd6d-fb7079c5b3a7','c18fa99e-8d3c-4b6b-91a3-9c0000000007',0,'2025-05-15 15:24:27','2025-05-15 15:24:27'),
	('5f2bc266-fd11-4a2e-80dd-2bfeec1815d1','e5edc1b5-5d79-47d1-99c4-7b2738a50032','c18fa99e-8d3c-4b6b-91a3-9c0000000008',0,'2025-05-15 15:24:27','2025-05-15 15:24:27'),
	('6098f7b2-02a7-4d63-86b2-7da902f0137c','3e2ef021-2265-483b-b421-f36922038c2f','c18fa99e-8d3c-4b6b-91a3-9c0000000003',0,'2025-05-15 15:24:27','2025-05-15 15:24:27'),
	('64c45069-2033-4f27-b4ad-2e46afd08722','3e2ef021-2265-483b-b421-f36922038c2f','c18fa99e-8d3c-4b6b-91a3-9c0000000004',0,'2025-05-15 15:24:27','2025-05-15 15:24:27'),
	('65331593-925f-4940-8d53-8854d2efd21e','d91daa0d-2ee7-48f6-b551-f1d219d14f9a','c18fa99e-8d3c-4b6b-91a3-9c0000000006',0,'2025-05-15 15:24:27','2025-05-15 15:24:27'),
	('6614dfa6-722f-41de-9f86-2a228e7be751','c4762e9d-55fb-40bc-aed5-19b08928706d','c18fa99e-8d3c-4b6b-91a3-9c0000000005',0,'2025-05-15 15:24:27','2025-05-15 15:24:27'),
	('66946630-9298-4d76-8473-64035de34bb4','505f6a33-31a9-4328-9930-a53bb4a52aed','c18fa99e-8d3c-4b6b-91a3-9c0000000005',0,'2025-05-15 15:24:27','2025-05-15 15:24:27'),
	('66cb3003-2df6-4e4e-8f54-ac7ecf1d18e3','b9bb4c0f-6983-4267-97e8-0d38d7450a06','c18fa99e-8d3c-4b6b-91a3-9c0000000002',0,'2025-05-15 15:24:27','2025-05-15 15:24:27'),
	('68606e3a-adae-4125-971b-e29060d621b3','e5edc1b5-5d79-47d1-99c4-7b2738a50032','c18fa99e-8d3c-4b6b-91a3-9c0000000004',0,'2025-05-15 15:24:27','2025-05-15 15:24:27'),
	('6a0eccd6-42f6-4713-be2c-eb5b45b49355','ebcfa206-85eb-408e-8106-53cd072c7a9d','c18fa99e-8d3c-4b6b-91a3-9c0000000004',0,'2025-05-15 15:24:27','2025-05-15 15:24:27'),
	('6e0090aa-2abd-4908-b638-39f2440b5ad4','68d9a616-7975-436c-ac1b-586483f9349b','c18fa99e-8d3c-4b6b-91a3-9c0000000008',0,'2025-05-15 15:24:27','2025-05-15 15:24:27'),
	('70056c3a-e799-49eb-a02f-ebefb1ff1413','88457121-ad9e-4789-bd6d-fb7079c5b3a7','c18fa99e-8d3c-4b6b-91a3-9c0000000004',0,'2025-05-15 15:24:27','2025-05-15 15:24:27'),
	('739493fe-cdff-4b0d-8850-43627bfd3113','30489da9-b47f-4bbe-8dcc-f368c9e08d6c','c18fa99e-8d3c-4b6b-91a3-9c0000000005',0,'2025-05-15 15:24:27','2025-05-15 15:24:27'),
	('756c03b7-fad2-46f3-8482-3739e057b7ef','3e2ef021-2265-483b-b421-f36922038c2f','c18fa99e-8d3c-4b6b-91a3-9c0000000006',0,'2025-05-15 15:24:27','2025-05-15 15:24:27'),
	('77978f73-0c7a-4baa-bab6-b7241566821f','4c5c3844-7dfd-4fb1-bcd6-8c6caa2c205d','c18fa99e-8d3c-4b6b-91a3-9c0000000005',0,'2025-05-15 15:24:27','2025-05-15 15:24:27'),
	('77d1c001-11e1-4ce7-bb93-ff3139e50dc4','d8f21054-3e04-4341-819c-d5f8f329c2f6','c18fa99e-8d3c-4b6b-91a3-9c0000000007',0,'2025-05-15 15:24:27','2025-05-15 15:24:27'),
	('77e87179-eb9c-45c0-a0dd-eeaf52e9565e','88457121-ad9e-4789-bd6d-fb7079c5b3a7','c18fa99e-8d3c-4b6b-91a3-9c0000000003',0,'2025-05-15 15:24:27','2025-05-15 15:24:27'),
	('838b6a5e-6625-406c-9c38-6facd3f56b33','db29b818-a7a3-4168-b362-6a29d6d0a182','c18fa99e-8d3c-4b6b-91a3-9c0000000003',0,'2025-05-15 15:24:27','2025-05-15 15:24:27'),
	('8530daf9-29c2-4394-8d43-8fa18d732df5','505f6a33-31a9-4328-9930-a53bb4a52aed','c18fa99e-8d3c-4b6b-91a3-9c0000000006',0,'2025-05-15 15:24:27','2025-05-15 15:24:27'),
	('86504a17-5bdd-405b-9dc5-0aa677328ba7','db29b818-a7a3-4168-b362-6a29d6d0a182','c18fa99e-8d3c-4b6b-91a3-9c0000000007',0,'2025-05-15 15:24:27','2025-05-15 15:24:27'),
	('871a6c56-8daf-4430-a4e3-953b63dfbf16','3e2ef021-2265-483b-b421-f36922038c2f','c18fa99e-8d3c-4b6b-91a3-9c0000000002',0,'2025-05-15 15:24:27','2025-05-15 15:24:27'),
	('888e4cdf-3932-480e-98a9-a89ad218ab9f','68d9a616-7975-436c-ac1b-586483f9349b','c18fa99e-8d3c-4b6b-91a3-9c0000000006',0,'2025-05-15 15:24:27','2025-05-15 15:24:27'),
	('8a0cd09b-cd68-4736-9221-94a42e5f6ec9','4c5c3844-7dfd-4fb1-bcd6-8c6caa2c205d','c18fa99e-8d3c-4b6b-91a3-9c0000000002',0,'2025-05-15 15:24:27','2025-05-15 15:24:27'),
	('8a5dc09a-f1bf-43d8-9889-c86fb9324f97','3e2ef021-2265-483b-b421-f36922038c2f','c18fa99e-8d3c-4b6b-91a3-9c0000000008',0,'2025-05-15 15:24:27','2025-05-15 15:24:27'),
	('8c727721-b6c6-430b-8caa-dec33d0dcc5b','b9bb4c0f-6983-4267-97e8-0d38d7450a06','c18fa99e-8d3c-4b6b-91a3-9c0000000003',0,'2025-05-15 15:24:27','2025-05-15 15:24:27'),
	('8d8d450b-b4de-4b48-bf4d-e30882eb1f10','db29b818-a7a3-4168-b362-6a29d6d0a182','c18fa99e-8d3c-4b6b-91a3-9c0000000001',0,'2025-05-15 15:24:27','2025-05-15 15:24:27'),
	('8e871584-096e-4939-85c8-7fe522ffbd60','4c5c3844-7dfd-4fb1-bcd6-8c6caa2c205d','c18fa99e-8d3c-4b6b-91a3-9c0000000001',0,'2025-05-15 15:24:27','2025-05-15 15:24:27'),
	('8eb65027-9450-4781-ab0b-f07aef2c54cc','d084907d-1805-412d-b894-95ab642a4e25','c18fa99e-8d3c-4b6b-91a3-9c0000000005',0,'2025-05-15 15:24:27','2025-05-15 15:24:27'),
	('9112c006-8ffc-4d78-a200-12abf3f2c903','68d9a616-7975-436c-ac1b-586483f9349b','c18fa99e-8d3c-4b6b-91a3-9c0000000002',0,'2025-05-15 15:24:27','2025-05-15 15:24:27'),
	('9242f85b-7490-4bac-bfba-d06a8e6e4d3a','3e2ef021-2265-483b-b421-f36922038c2f','c18fa99e-8d3c-4b6b-91a3-9c0000000001',0,'2025-05-15 15:24:27','2025-05-15 15:24:27'),
	('95a53539-745c-4bb9-8f4a-9588de3420ab','68d9a616-7975-436c-ac1b-586483f9349b','c18fa99e-8d3c-4b6b-91a3-9c0000000003',0,'2025-05-15 15:24:27','2025-05-15 15:24:27'),
	('9a227afe-7473-40f0-95a3-5b84fa4029a3','505f6a33-31a9-4328-9930-a53bb4a52aed','c18fa99e-8d3c-4b6b-91a3-9c0000000007',0,'2025-05-15 15:24:27','2025-05-15 15:24:27'),
	('9bdff293-b447-4844-ae9c-eaf8f4645e47','c71dec48-743b-45d1-8b0a-5adcc8f11c28','c18fa99e-8d3c-4b6b-91a3-9c0000000004',0,'2025-05-15 15:24:27','2025-05-15 15:24:27'),
	('9c37e803-4f82-426d-87b4-2a9cfaece4d1','db29b818-a7a3-4168-b362-6a29d6d0a182','c18fa99e-8d3c-4b6b-91a3-9c0000000008',0,'2025-05-15 15:24:27','2025-05-15 15:24:27'),
	('9eb899e0-e51b-4684-ba9f-0a0c6e42b7f5','ebcfa206-85eb-408e-8106-53cd072c7a9d','c18fa99e-8d3c-4b6b-91a3-9c0000000001',0,'2025-05-15 15:24:27','2025-05-15 15:24:27'),
	('9fef062c-b9b1-4281-b4af-2773e700b614','40af3e45-affc-4c35-98df-593cafb54519','c18fa99e-8d3c-4b6b-91a3-9c0000000002',0,'2025-05-15 15:24:27','2025-05-15 15:24:27'),
	('a3ec7e56-38a9-45df-aa19-9731a529bdad','c4762e9d-55fb-40bc-aed5-19b08928706d','c18fa99e-8d3c-4b6b-91a3-9c0000000001',0,'2025-05-15 15:24:27','2025-05-15 15:24:27'),
	('a42b9b4b-ead8-444d-9e1e-435bc720d37c','30489da9-b47f-4bbe-8dcc-f368c9e08d6c','c18fa99e-8d3c-4b6b-91a3-9c0000000007',0,'2025-05-15 15:24:27','2025-05-15 15:24:27'),
	('a43c8def-cc65-4b61-8259-cb0c736ba35c','e5edc1b5-5d79-47d1-99c4-7b2738a50032','c18fa99e-8d3c-4b6b-91a3-9c0000000003',0,'2025-05-15 15:24:27','2025-05-15 15:24:27'),
	('a5d3814e-a3fd-41a7-a13b-f794e76d4aa8','40af3e45-affc-4c35-98df-593cafb54519','c18fa99e-8d3c-4b6b-91a3-9c0000000005',0,'2025-05-15 15:24:27','2025-05-15 15:24:27'),
	('a6d21961-d050-47f4-bc43-d1756df50279','40af3e45-affc-4c35-98df-593cafb54519','c18fa99e-8d3c-4b6b-91a3-9c0000000008',0,'2025-05-15 15:24:27','2025-05-15 15:24:27'),
	('a8306ba1-995e-45d4-9ec3-a6a4cf2505fe','c4762e9d-55fb-40bc-aed5-19b08928706d','c18fa99e-8d3c-4b6b-91a3-9c0000000003',0,'2025-05-15 15:24:27','2025-05-15 15:24:27'),
	('a88975b5-b098-4c8e-b8d4-8f993de5ced0','40af3e45-affc-4c35-98df-593cafb54519','c18fa99e-8d3c-4b6b-91a3-9c0000000001',0,'2025-05-15 15:24:27','2025-05-15 15:24:27'),
	('b177bee8-b56b-4ee8-862e-b41737e98890','b9bb4c0f-6983-4267-97e8-0d38d7450a06','c18fa99e-8d3c-4b6b-91a3-9c0000000008',0,'2025-05-15 15:24:27','2025-05-15 15:24:27'),
	('b22b01c0-13fe-42ef-bb53-600a9ef7966d','40af3e45-affc-4c35-98df-593cafb54519','c18fa99e-8d3c-4b6b-91a3-9c0000000004',0,'2025-05-15 15:24:27','2025-05-15 15:24:27'),
	('b2b05f9f-d0ed-44f2-a378-df5d107a7425','d084907d-1805-412d-b894-95ab642a4e25','c18fa99e-8d3c-4b6b-91a3-9c0000000006',0,'2025-05-15 15:24:27','2025-05-15 15:24:27'),
	('b3fda9ca-273c-4642-bbac-e2c4ac9e8e75','c71dec48-743b-45d1-8b0a-5adcc8f11c28','c18fa99e-8d3c-4b6b-91a3-9c0000000005',0,'2025-05-15 15:24:27','2025-05-15 15:24:27'),
	('bbdeca40-6913-436a-bb9f-4503aa122b47','db29b818-a7a3-4168-b362-6a29d6d0a182','c18fa99e-8d3c-4b6b-91a3-9c0000000006',0,'2025-05-15 15:24:27','2025-05-15 15:24:27'),
	('bc44ff5f-c7fb-4ea4-94f8-8a0dac305771','d8f21054-3e04-4341-819c-d5f8f329c2f6','c18fa99e-8d3c-4b6b-91a3-9c0000000006',0,'2025-05-15 15:24:27','2025-05-15 15:24:27'),
	('c06ddf60-2497-43bb-81ab-12b3026ef990','68d9a616-7975-436c-ac1b-586483f9349b','c18fa99e-8d3c-4b6b-91a3-9c0000000001',0,'2025-05-15 15:24:27','2025-05-15 15:24:27'),
	('c29541ff-78b4-4969-9264-a175fbef4cc1','e5edc1b5-5d79-47d1-99c4-7b2738a50032','c18fa99e-8d3c-4b6b-91a3-9c0000000005',0,'2025-05-15 15:24:27','2025-05-15 15:24:27'),
	('c323d8aa-af37-4f69-b44e-d0c884a58d80','4c5c3844-7dfd-4fb1-bcd6-8c6caa2c205d','c18fa99e-8d3c-4b6b-91a3-9c0000000003',0,'2025-05-15 15:24:27','2025-05-15 15:24:27'),
	('c33af328-6f11-4b81-aae0-746d2ef300f7','d8f21054-3e04-4341-819c-d5f8f329c2f6','c18fa99e-8d3c-4b6b-91a3-9c0000000004',0,'2025-05-15 15:24:27','2025-05-15 15:24:27'),
	('c81c79b1-76da-4343-b598-cd26d8ea05f6','d084907d-1805-412d-b894-95ab642a4e25','c18fa99e-8d3c-4b6b-91a3-9c0000000007',0,'2025-05-15 15:24:27','2025-05-15 15:24:27'),
	('cbd4b101-d0cc-4a0e-a33a-2c2fc5c5ad68','88457121-ad9e-4789-bd6d-fb7079c5b3a7','c18fa99e-8d3c-4b6b-91a3-9c0000000008',0,'2025-05-15 15:24:27','2025-05-15 15:24:27'),
	('cf220efe-2677-4ec3-a45c-386b431b9f6a','c71dec48-743b-45d1-8b0a-5adcc8f11c28','c18fa99e-8d3c-4b6b-91a3-9c0000000006',0,'2025-05-15 15:24:27','2025-05-15 15:24:27'),
	('d18fa99e-8d3c-4b6b-91a3-9c0000000001','f18fa99e-8d3c-4b6b-91a3-9c0000000006','c18fa99e-8d3c-4b6b-91a3-9c0000000001',1,'2025-05-15 15:18:28','2025-05-15 15:18:28'),
	('d18fa99e-8d3c-4b6b-91a3-9c0000000002','f18fa99e-8d3c-4b6b-91a3-9c0000000006','c18fa99e-8d3c-4b6b-91a3-9c0000000002',1,'2025-05-15 15:18:28','2025-05-15 15:18:28'),
	('d18fa99e-8d3c-4b6b-91a3-9c0000000003','f18fa99e-8d3c-4b6b-91a3-9c0000000006','c18fa99e-8d3c-4b6b-91a3-9c0000000003',1,'2025-05-15 15:18:28','2025-05-15 15:18:28'),
	('d18fa99e-8d3c-4b6b-91a3-9c0000000004','f18fa99e-8d3c-4b6b-91a3-9c0000000006','c18fa99e-8d3c-4b6b-91a3-9c0000000004',1,'2025-05-15 15:18:28','2025-05-15 15:18:28'),
	('d18fa99e-8d3c-4b6b-91a3-9c0000000005','f18fa99e-8d3c-4b6b-91a3-9c0000000006','c18fa99e-8d3c-4b6b-91a3-9c0000000005',1,'2025-05-15 15:18:28','2025-05-15 15:18:28'),
	('d18fa99e-8d3c-4b6b-91a3-9c0000000006','f18fa99e-8d3c-4b6b-91a3-9c0000000006','c18fa99e-8d3c-4b6b-91a3-9c0000000006',1,'2025-05-15 15:18:28','2025-05-15 15:18:28'),
	('d18fa99e-8d3c-4b6b-91a3-9c0000000007','f18fa99e-8d3c-4b6b-91a3-9c0000000006','c18fa99e-8d3c-4b6b-91a3-9c0000000007',1,'2025-05-15 15:18:28','2025-05-15 15:18:28'),
	('d18fa99e-8d3c-4b6b-91a3-9c0000000008','f18fa99e-8d3c-4b6b-91a3-9c0000000006','c18fa99e-8d3c-4b6b-91a3-9c0000000008',1,'2025-05-15 15:18:28','2025-05-15 15:18:28'),
	('d1ad00e4-8083-498c-abde-d4d0bbc640fc','c4762e9d-55fb-40bc-aed5-19b08928706d','c18fa99e-8d3c-4b6b-91a3-9c0000000007',0,'2025-05-15 15:24:27','2025-05-15 15:24:27'),
	('d2b1831a-cb15-4729-acfe-544b24be0f4d','30489da9-b47f-4bbe-8dcc-f368c9e08d6c','c18fa99e-8d3c-4b6b-91a3-9c0000000008',0,'2025-05-15 15:24:27','2025-05-15 15:24:27'),
	('d4239470-771b-4067-b068-048cfd59a7c6','d8f21054-3e04-4341-819c-d5f8f329c2f6','c18fa99e-8d3c-4b6b-91a3-9c0000000001',0,'2025-05-15 15:24:27','2025-05-15 15:24:27'),
	('d45dd670-5b14-42ef-a34a-4eba6b1c4ab0','c4762e9d-55fb-40bc-aed5-19b08928706d','c18fa99e-8d3c-4b6b-91a3-9c0000000006',0,'2025-05-15 15:24:27','2025-05-15 15:24:27'),
	('d5ad3df7-b078-4337-81ac-b5eda3dd0820','88457121-ad9e-4789-bd6d-fb7079c5b3a7','c18fa99e-8d3c-4b6b-91a3-9c0000000001',0,'2025-05-15 15:24:27','2025-05-15 15:24:27'),
	('d73fbf77-c507-46a7-a617-0d4b026995af','c71dec48-743b-45d1-8b0a-5adcc8f11c28','c18fa99e-8d3c-4b6b-91a3-9c0000000001',0,'2025-05-15 15:24:27','2025-05-15 15:24:27'),
	('d7715194-5e40-480b-9672-4db04429c3f1','d91daa0d-2ee7-48f6-b551-f1d219d14f9a','c18fa99e-8d3c-4b6b-91a3-9c0000000002',0,'2025-05-15 15:24:27','2025-05-15 15:24:27'),
	('d8d752b7-0791-408b-b536-b3c41df9fdf3','505f6a33-31a9-4328-9930-a53bb4a52aed','c18fa99e-8d3c-4b6b-91a3-9c0000000001',0,'2025-05-15 15:24:27','2025-05-15 15:24:27'),
	('d8e42e7f-d749-46ec-84cd-b58e7227b8bf','c71dec48-743b-45d1-8b0a-5adcc8f11c28','c18fa99e-8d3c-4b6b-91a3-9c0000000003',0,'2025-05-15 15:24:27','2025-05-15 15:24:27'),
	('dad9600f-dd05-47c2-8029-e336ca030e25','c4762e9d-55fb-40bc-aed5-19b08928706d','c18fa99e-8d3c-4b6b-91a3-9c0000000004',0,'2025-05-15 15:24:27','2025-05-15 15:24:27'),
	('db595dc4-531a-42be-9f3c-1a91b3a9c92e','b9bb4c0f-6983-4267-97e8-0d38d7450a06','c18fa99e-8d3c-4b6b-91a3-9c0000000001',0,'2025-05-15 15:24:27','2025-05-15 15:24:27'),
	('dcee4844-7f0e-4e0f-8a01-ea8b8d148b50','3e2ef021-2265-483b-b421-f36922038c2f','c18fa99e-8d3c-4b6b-91a3-9c0000000007',0,'2025-05-15 15:24:27','2025-05-15 15:24:27'),
	('dd6b5dc5-1df8-467d-9d6b-345889ab954a','c4762e9d-55fb-40bc-aed5-19b08928706d','c18fa99e-8d3c-4b6b-91a3-9c0000000008',0,'2025-05-15 15:24:27','2025-05-15 15:24:27'),
	('e2010a2a-2238-4bc8-b332-7d475d1538da','30489da9-b47f-4bbe-8dcc-f368c9e08d6c','c18fa99e-8d3c-4b6b-91a3-9c0000000004',0,'2025-05-15 15:24:27','2025-05-15 15:24:27'),
	('e22864f1-e99f-41c3-8097-f706436f1cbe','db29b818-a7a3-4168-b362-6a29d6d0a182','c18fa99e-8d3c-4b6b-91a3-9c0000000002',0,'2025-05-15 15:24:27','2025-05-15 15:24:27'),
	('e2acc299-6c8a-4f91-a4cb-27fe6e61db62','d8f21054-3e04-4341-819c-d5f8f329c2f6','c18fa99e-8d3c-4b6b-91a3-9c0000000002',0,'2025-05-15 15:24:27','2025-05-15 15:24:27'),
	('e410c8ab-d4d2-4964-8d96-a3bd520333bc','30489da9-b47f-4bbe-8dcc-f368c9e08d6c','c18fa99e-8d3c-4b6b-91a3-9c0000000001',0,'2025-05-15 15:24:27','2025-05-15 15:24:27'),
	('e5e69ff9-7bc4-4bbc-99f8-ae059fcba878','d8f21054-3e04-4341-819c-d5f8f329c2f6','c18fa99e-8d3c-4b6b-91a3-9c0000000005',0,'2025-05-15 15:24:27','2025-05-15 15:24:27'),
	('e7cdaf1a-7272-4516-9a87-54c63ef7f761','88457121-ad9e-4789-bd6d-fb7079c5b3a7','c18fa99e-8d3c-4b6b-91a3-9c0000000005',0,'2025-05-15 15:24:27','2025-05-15 15:24:27'),
	('eb61bcc0-c8f5-419f-aee4-bd7d0b2f600b','30489da9-b47f-4bbe-8dcc-f368c9e08d6c','c18fa99e-8d3c-4b6b-91a3-9c0000000003',0,'2025-05-15 15:24:27','2025-05-15 15:24:27'),
	('ef6228c3-e784-4dd4-883f-f8feac24b57f','d91daa0d-2ee7-48f6-b551-f1d219d14f9a','c18fa99e-8d3c-4b6b-91a3-9c0000000008',0,'2025-05-15 15:24:27','2025-05-15 15:24:27'),
	('ef94a62c-9ebe-4eab-8a8c-54bb3f9599a6','ebcfa206-85eb-408e-8106-53cd072c7a9d','c18fa99e-8d3c-4b6b-91a3-9c0000000008',0,'2025-05-15 15:24:27','2025-05-15 15:24:27'),
	('f0414a1c-c65e-4b5e-abb5-2e9e2d9739c5','db29b818-a7a3-4168-b362-6a29d6d0a182','c18fa99e-8d3c-4b6b-91a3-9c0000000005',0,'2025-05-15 15:24:27','2025-05-15 15:24:27'),
	('f31653f0-7358-4ae6-8409-40bdb89b65e6','e5edc1b5-5d79-47d1-99c4-7b2738a50032','c18fa99e-8d3c-4b6b-91a3-9c0000000006',0,'2025-05-15 15:24:27','2025-05-15 15:24:27'),
	('f6d3f600-147f-46d0-81a0-ec469c191820','b9bb4c0f-6983-4267-97e8-0d38d7450a06','c18fa99e-8d3c-4b6b-91a3-9c0000000006',0,'2025-05-15 15:24:27','2025-05-15 15:24:27'),
	('fa3f329d-9632-4c5b-80b9-a5d96cfdbbd3','d91daa0d-2ee7-48f6-b551-f1d219d14f9a','c18fa99e-8d3c-4b6b-91a3-9c0000000004',0,'2025-05-15 15:24:27','2025-05-15 15:24:27'),
	('fdbab736-7846-4cd3-a6f5-5fd2b20d36df','ebcfa206-85eb-408e-8106-53cd072c7a9d','c18fa99e-8d3c-4b6b-91a3-9c0000000006',0,'2025-05-15 15:24:27','2025-05-15 15:24:27');

/*!40000 ALTER TABLE `action_uses` ENABLE KEYS */;
UNLOCK TABLES;


# Dump of table actions
# ------------------------------------------------------------

DROP TABLE IF EXISTS `actions`;

CREATE TABLE `actions` (
  `id` char(36) CHARACTER SET utf8mb4 COLLATE utf8mb4_unicode_ci NOT NULL,
  `name` varchar(255) CHARACTER SET utf8mb4 COLLATE utf8mb4_unicode_ci NOT NULL,
  `code` varchar(255) CHARACTER SET utf8mb4 COLLATE utf8mb4_unicode_ci NOT NULL,
  `created_at` timestamp NULL DEFAULT NULL,
  `updated_at` timestamp NULL DEFAULT NULL,
  PRIMARY KEY (`id`)
) ENGINE=InnoDB DEFAULT CHARSET=utf8mb4 COLLATE=utf8mb4_unicode_ci;

LOCK TABLES `actions` WRITE;
/*!40000 ALTER TABLE `actions` DISABLE KEYS */;

INSERT INTO `actions` (`id`, `name`, `code`, `created_at`, `updated_at`)
VALUES
	('c18fa99e-8d3c-4b6b-91a3-9c0000000001','Create','canCreate','2025-04-13 11:58:11','2025-04-13 11:58:11'),
	('c18fa99e-8d3c-4b6b-91a3-9c0000000002','Read','canRead','2025-04-13 11:58:11','2025-04-13 11:58:11'),
	('c18fa99e-8d3c-4b6b-91a3-9c0000000003','Update','canUpdate','2025-04-13 11:58:11','2025-04-13 11:58:11'),
	('c18fa99e-8d3c-4b6b-91a3-9c0000000004','Delete','canDelete','2025-04-13 11:58:11','2025-04-13 11:58:11'),
	('c18fa99e-8d3c-4b6b-91a3-9c0000000005','Print','canPrint','2025-04-13 11:58:11','2025-04-13 11:58:11'),
	('c18fa99e-8d3c-4b6b-91a3-9c0000000006','Export','canExport','2025-04-13 11:58:11','2025-04-13 11:58:11'),
	('c18fa99e-8d3c-4b6b-91a3-9c0000000007','Validate','canValidate','2025-04-13 11:58:11','2025-04-13 11:58:11'),
	('c18fa99e-8d3c-4b6b-91a3-9c0000000008','Verify','canVerify','2025-04-13 11:58:11','2025-04-13 11:58:11');

/*!40000 ALTER TABLE `actions` ENABLE KEYS */;
UNLOCK TABLES;


# Dump of table applications
# ------------------------------------------------------------

DROP TABLE IF EXISTS `applications`;

CREATE TABLE `applications` (
  `id` char(36) CHARACTER SET utf8mb4 COLLATE utf8mb4_unicode_ci NOT NULL,
  `name` varchar(255) CHARACTER SET utf8mb4 COLLATE utf8mb4_unicode_ci NOT NULL,
  `url` varchar(255) CHARACTER SET utf8mb4 COLLATE utf8mb4_unicode_ci NOT NULL,
  `description` varchar(255) CHARACTER SET utf8mb4 COLLATE utf8mb4_unicode_ci DEFAULT NULL,
  `image` text CHARACTER SET utf8mb4 COLLATE utf8mb4_unicode_ci,
  `is_active` tinyint(1) NOT NULL DEFAULT '1',
  `order` int NOT NULL DEFAULT '0',
  `created_at` timestamp NULL DEFAULT NULL,
  `updated_at` timestamp NULL DEFAULT NULL,
  PRIMARY KEY (`id`)
) ENGINE=InnoDB DEFAULT CHARSET=utf8mb4 COLLATE=utf8mb4_unicode_ci;

LOCK TABLES `applications` WRITE;
/*!40000 ALTER TABLE `applications` DISABLE KEYS */;

INSERT INTO `applications` (`id`, `name`, `url`, `description`, `image`, `is_active`, `order`, `created_at`, `updated_at`)
VALUES
	('c18fa99e-8d3c-4b6b-91a3-9c0000000001','Co-Assistant','coassistant','Koas',NULL,1,0,'2025-04-13 11:58:11','2025-04-13 11:58:11'),
	('c18fa99e-8d3c-4b6b-91a3-9c0000000002','Pengaturan','settings','Pengaturan Aplikasi',NULL,1,0,'2025-04-13 11:58:11','2025-04-13 11:58:11');

/*!40000 ALTER TABLE `applications` ENABLE KEYS */;
UNLOCK TABLES;


# Dump of table assessment_formulation_forms
# ------------------------------------------------------------

DROP TABLE IF EXISTS `assessment_formulation_forms`;

CREATE TABLE `assessment_formulation_forms` (
  `id` char(36) CHARACTER SET utf8mb4 COLLATE utf8mb4_unicode_ci NOT NULL,
  `assessment_formulation_id` char(36) CHARACTER SET utf8mb4 COLLATE utf8mb4_unicode_ci NOT NULL,
  `group_id` char(36) CHARACTER SET utf8mb4 COLLATE utf8mb4_unicode_ci NOT NULL,
  `group_form_id` char(36) CHARACTER SET utf8mb4 COLLATE utf8mb4_unicode_ci NOT NULL,
  `group_form_name` varchar(255) CHARACTER SET utf8mb4 COLLATE utf8mb4_unicode_ci NOT NULL,
  `min_assessment` int unsigned DEFAULT NULL,
  `max_assessment` int unsigned DEFAULT NULL,
  `weight` int unsigned NOT NULL,
  `created_at` timestamp NULL DEFAULT NULL,
  `updated_at` timestamp NULL DEFAULT NULL,
  PRIMARY KEY (`id`)
) ENGINE=InnoDB DEFAULT CHARSET=utf8mb4 COLLATE=utf8mb4_unicode_ci;

LOCK TABLES `assessment_formulation_forms` WRITE;
/*!40000 ALTER TABLE `assessment_formulation_forms` DISABLE KEYS */;

INSERT INTO `assessment_formulation_forms` (`id`, `assessment_formulation_id`, `group_id`, `group_form_id`, `group_form_name`, `min_assessment`, `max_assessment`, `weight`, `created_at`, `updated_at`)
VALUES
	('9f2f6c59-2e18-44f4-abe6-4b7ef9b370dd','9f2f6c59-28d6-48b9-a726-ed134108def3','9eeb07bf-e0d5-46ed-a808-e651ac27a3a4','9eeb18ca-f586-4138-963d-96137b329746','Formulir Mini CEX',4,4,100,'2025-06-18 15:25:00','2025-06-18 15:25:00'),
	('9f2f6c59-2fb8-43cc-a3ed-287ef5365e27','9f2f6c59-28d6-48b9-a726-ed134108def3','9eeb2933-d8bd-4d52-9daa-4075eef5a262','9eeb2c72-1828-4a9a-abd6-c2abe69d2e6c','Formulir Tutorial Klinik',2,2,100,'2025-06-18 15:25:00','2025-06-18 15:25:00'),
	('9f2f6c59-31f8-4bab-aeda-1c1f8e8d1695','9f2f6c59-28d6-48b9-a726-ed134108def3','9eeb3241-2e88-4b95-a231-f2976886e343','9eeb3543-3dc5-4bc0-945a-c05f0e765bde','Formulir DOPS',2,2,100,'2025-06-18 15:25:00','2025-06-18 15:25:00'),
	('9f2f6c59-32aa-4bc8-9a81-fd5d1123d910','9f2f6c59-28d6-48b9-a726-ed134108def3','9f2f31a8-733b-41cc-a384-bd22fcd2e357','9f2f321b-5d8c-4289-ba07-9f3ce4f158e8','OSLER',4,4,100,'2025-06-18 15:25:00','2025-06-18 15:25:00'),
	('9f2f6c59-33c6-455a-bc16-05562313c7ff','9f2f6c59-28d6-48b9-a726-ed134108def3','9f2f3237-572c-41d2-8376-65b9771c3928','9f2f3275-8ffc-40b7-b533-aed75efdac4a','Nilai Ujian Tulis',1,1,100,'2025-06-18 15:25:00','2025-06-18 15:25:00'),
	('9f2f6c59-349c-4c32-887f-ba8a5ca6e6a7','9f2f6c59-28d6-48b9-a726-ed134108def3','9f2f56bc-9da3-43fe-95e6-77a5a8b01d89','9f2f5a1a-bdd1-4298-b0e8-4dac33368ab4','Formulir Journal Reading',1,1,100,'2025-06-18 15:25:00','2025-06-18 15:25:00'),
	('9f2f6c59-3528-4187-885b-c79ace046104','9f2f6c59-28d6-48b9-a726-ed134108def3','9f2f5718-7fe6-4f01-b044-214e45296b6f','9f2f58ae-7811-4933-87c9-64176742badc','Formulir Refleksi Kasus',1,1,100,'2025-06-18 15:25:00','2025-06-18 15:25:00'),
	('9f2f6c59-3636-49ee-b83e-d807f819c97c','9f2f6c59-28d6-48b9-a726-ed134108def3','9eeb2d32-8b40-45da-808c-787c732c93d6','9eeb18ca-f586-4138-963d-96137b329747','Formulir Mini CEX',4,4,100,'2025-06-18 15:25:00','2025-06-18 15:25:00'),
	('9f2f6c59-36db-4317-ac2d-9f00a7158125','9f2f6c59-28d6-48b9-a726-ed134108def3','9eeb2d41-6fd7-49e8-bbf6-271bf4fbeb03','9eeb2c72-1828-4a9a-abd6-c2abe69d2e6d','Formulir Bed Site Teaching',5,5,100,'2025-06-18 15:25:00','2025-06-18 15:25:00'),
	('9f2f6c59-379e-4cc4-862e-b3a059ef4228','9f2f6c59-28d6-48b9-a726-ed134108def3','9eeb3241-2e88-4b95-a231-f2976886e342','9eeb3543-3dc5-4bc0-945a-c05f0e765bdd','Formulir DOPS',2,2,100,'2025-06-18 15:25:00','2025-06-18 15:25:00');

/*!40000 ALTER TABLE `assessment_formulation_forms` ENABLE KEYS */;
UNLOCK TABLES;


# Dump of table assessment_formulation_groups
# ------------------------------------------------------------

DROP TABLE IF EXISTS `assessment_formulation_groups`;

CREATE TABLE `assessment_formulation_groups` (
  `id` char(36) CHARACTER SET utf8mb4 COLLATE utf8mb4_unicode_ci NOT NULL,
  `assessment_formulation_id` char(36) CHARACTER SET utf8mb4 COLLATE utf8mb4_unicode_ci NOT NULL,
  `parent_group_id` char(36) CHARACTER SET utf8mb4 COLLATE utf8mb4_unicode_ci DEFAULT NULL,
  `group_id` char(36) CHARACTER SET utf8mb4 COLLATE utf8mb4_unicode_ci NOT NULL,
  `group_name` varchar(255) CHARACTER SET utf8mb4 COLLATE utf8mb4_unicode_ci NOT NULL,
  `weight` int unsigned NOT NULL,
  `created_at` timestamp NULL DEFAULT NULL,
  `updated_at` timestamp NULL DEFAULT NULL,
  PRIMARY KEY (`id`)
) ENGINE=InnoDB DEFAULT CHARSET=utf8mb4 COLLATE=utf8mb4_unicode_ci;

LOCK TABLES `assessment_formulation_groups` WRITE;
/*!40000 ALTER TABLE `assessment_formulation_groups` DISABLE KEYS */;

INSERT INTO `assessment_formulation_groups` (`id`, `assessment_formulation_id`, `parent_group_id`, `group_id`, `group_name`, `weight`, `created_at`, `updated_at`)
VALUES
	('9f2f6c59-2c24-4353-8a02-7b7f48aa9299','9f2f6c59-28d6-48b9-a726-ed134108def3',NULL,'9eeb073b-6646-40cc-b934-a5cfb6383dd5','Ilmu penyakit dalam',50,'2025-06-18 15:25:00','2025-06-18 15:25:00'),
	('9f2f6c59-2d34-42f4-bf9e-6704278b8aff','9f2f6c59-28d6-48b9-a726-ed134108def3','9eeb073b-6646-40cc-b934-a5cfb6383dd5','9eeb07bf-e0d5-46ed-a808-e651ac27a3a4','Mini CEX',30,'2025-06-18 15:25:00','2025-06-18 15:25:00'),
	('9f2f6c59-2f41-43bc-b440-7dc90dc0e9fe','9f2f6c59-28d6-48b9-a726-ed134108def3','9eeb073b-6646-40cc-b934-a5cfb6383dd5','9eeb2933-d8bd-4d52-9daa-4075eef5a262','Tutorial Klinik',10,'2025-06-18 15:25:00','2025-06-18 15:25:00'),
	('9f2f6c59-3166-4028-a5cb-c6bedb45785a','9f2f6c59-28d6-48b9-a726-ed134108def3','9eeb073b-6646-40cc-b934-a5cfb6383dd5','9eeb3241-2e88-4b95-a231-f2976886e343','DOPS',10,'2025-06-18 15:25:00','2025-06-18 15:25:00'),
	('9f2f6c59-3240-472c-84ec-9d126e579c7c','9f2f6c59-28d6-48b9-a726-ed134108def3','9eeb073b-6646-40cc-b934-a5cfb6383dd5','9f2f31a8-733b-41cc-a384-bd22fcd2e357','OSLER',30,'2025-06-18 15:25:00','2025-06-18 15:25:00'),
	('9f2f6c59-3344-4e41-8003-cdd16be3406c','9f2f6c59-28d6-48b9-a726-ed134108def3','9eeb073b-6646-40cc-b934-a5cfb6383dd5','9f2f3237-572c-41d2-8376-65b9771c3928','Nilai Ujian Tulis',10,'2025-06-18 15:25:00','2025-06-18 15:25:00'),
	('9f2f6c59-3435-4766-be09-fd674e2e3af0','9f2f6c59-28d6-48b9-a726-ed134108def3','9eeb073b-6646-40cc-b934-a5cfb6383dd5','9f2f56bc-9da3-43fe-95e6-77a5a8b01d89','Journal Reading',5,'2025-06-18 15:25:00','2025-06-18 15:25:00'),
	('9f2f6c59-34e1-4296-90e3-b494caa52250','9f2f6c59-28d6-48b9-a726-ed134108def3','9eeb073b-6646-40cc-b934-a5cfb6383dd5','9f2f5718-7fe6-4f01-b044-214e45296b6f','Refleksi Kasus',5,'2025-06-18 15:25:00','2025-06-18 15:25:00'),
	('9f2f6c59-3569-4cca-9c1b-3ff0afa3e964','9f2f6c59-28d6-48b9-a726-ed134108def3',NULL,'9eeb2d1d-8083-4adc-a3ca-583c5aa1e098','Ilmu kesehatan mata',50,'2025-06-18 15:25:00','2025-06-18 15:25:00'),
	('9f2f6c59-35d8-45d9-b756-80544a63095b','9f2f6c59-28d6-48b9-a726-ed134108def3','9eeb2d1d-8083-4adc-a3ca-583c5aa1e098','9eeb2d32-8b40-45da-808c-787c732c93d6','Mini CEX',30,'2025-06-18 15:25:00','2025-06-18 15:25:00'),
	('9f2f6c59-3697-4928-a2ea-7f83af16eb6b','9f2f6c59-28d6-48b9-a726-ed134108def3','9eeb2d1d-8083-4adc-a3ca-583c5aa1e098','9eeb2d41-6fd7-49e8-bbf6-271bf4fbeb03','Bed Site Teaching',0,'2025-06-18 15:25:00','2025-06-18 15:25:00'),
	('9f2f6c59-3754-479c-8528-50a8cb22b84a','9f2f6c59-28d6-48b9-a726-ed134108def3','9eeb2d1d-8083-4adc-a3ca-583c5aa1e098','9eeb3241-2e88-4b95-a231-f2976886e342','DOPS',70,'2025-06-18 15:25:00','2025-06-18 15:25:00');

/*!40000 ALTER TABLE `assessment_formulation_groups` ENABLE KEYS */;
UNLOCK TABLES;


# Dump of table assessment_formulations
# ------------------------------------------------------------

DROP TABLE IF EXISTS `assessment_formulations`;

CREATE TABLE `assessment_formulations` (
  `id` char(36) CHARACTER SET utf8mb4 COLLATE utf8mb4_unicode_ci NOT NULL,
  `clerkship_period_id` char(36) CHARACTER SET utf8mb4 COLLATE utf8mb4_unicode_ci NOT NULL,
  `clerkship_period_name` varchar(255) CHARACTER SET utf8mb4 COLLATE utf8mb4_unicode_ci NOT NULL,
  `is_active` tinyint(1) NOT NULL DEFAULT '1',
  `created_at` timestamp NULL DEFAULT NULL,
  `updated_at` timestamp NULL DEFAULT NULL,
  PRIMARY KEY (`id`)
) ENGINE=InnoDB DEFAULT CHARSET=utf8mb4 COLLATE=utf8mb4_unicode_ci;

LOCK TABLES `assessment_formulations` WRITE;
/*!40000 ALTER TABLE `assessment_formulations` DISABLE KEYS */;

INSERT INTO `assessment_formulations` (`id`, `clerkship_period_id`, `clerkship_period_name`, `is_active`, `created_at`, `updated_at`)
VALUES
	('9f2f6c59-28d6-48b9-a726-ed134108def3','9f2f6a7c-94bb-41e3-8817-1bfc797f345a','April 2025',1,'2025-06-18 15:25:00','2025-06-18 15:25:00');

/*!40000 ALTER TABLE `assessment_formulations` ENABLE KEYS */;
UNLOCK TABLES;


# Dump of table assessment_section_fields
# ------------------------------------------------------------

DROP TABLE IF EXISTS `assessment_section_fields`;

CREATE TABLE `assessment_section_fields` (
  `id` char(36) CHARACTER SET utf8mb4 COLLATE utf8mb4_unicode_ci NOT NULL,
  `assessment_section_id` char(36) CHARACTER SET utf8mb4 COLLATE utf8mb4_unicode_ci NOT NULL,
  `field_id` char(36) CHARACTER SET utf8mb4 COLLATE utf8mb4_unicode_ci NOT NULL,
  `field_name` text CHARACTER SET utf8mb4 COLLATE utf8mb4_unicode_ci NOT NULL,
  `field_type` text CHARACTER SET utf8mb4 COLLATE utf8mb4_unicode_ci NOT NULL,
  `field_description` text CHARACTER SET utf8mb4 COLLATE utf8mb4_unicode_ci,
  `value` text CHARACTER SET utf8mb4 COLLATE utf8mb4_unicode_ci,
  `scoreable` tinyint(1) NOT NULL DEFAULT '0',
  `weight` int DEFAULT NULL,
  `score` double DEFAULT NULL,
  `modifier` json DEFAULT NULL,
  `sequence` int unsigned NOT NULL,
  `created_at` timestamp NULL DEFAULT NULL,
  `updated_at` timestamp NULL DEFAULT NULL,
  PRIMARY KEY (`id`)
) ENGINE=InnoDB DEFAULT CHARSET=utf8mb4 COLLATE=utf8mb4_unicode_ci;



# Dump of table assessment_sections
# ------------------------------------------------------------

DROP TABLE IF EXISTS `assessment_sections`;

CREATE TABLE `assessment_sections` (
  `id` char(36) CHARACTER SET utf8mb4 COLLATE utf8mb4_unicode_ci NOT NULL,
  `assessment_id` char(36) CHARACTER SET utf8mb4 COLLATE utf8mb4_unicode_ci NOT NULL,
  `section_id` char(36) CHARACTER SET utf8mb4 COLLATE utf8mb4_unicode_ci NOT NULL,
  `authority_id` char(36) CHARACTER SET utf8mb4 COLLATE utf8mb4_unicode_ci DEFAULT NULL,
  `section_name` text CHARACTER SET utf8mb4 COLLATE utf8mb4_unicode_ci NOT NULL,
  `section_description` text CHARACTER SET utf8mb4 COLLATE utf8mb4_unicode_ci,
  `is_hide_for_others` tinyint(1) NOT NULL,
  `score` double DEFAULT NULL,
  `weight` int DEFAULT NULL,
  `sequence` int unsigned NOT NULL,
  `created_at` timestamp NULL DEFAULT NULL,
  `updated_at` timestamp NULL DEFAULT NULL,
  PRIMARY KEY (`id`)
) ENGINE=InnoDB DEFAULT CHARSET=utf8mb4 COLLATE=utf8mb4_unicode_ci;



# Dump of table assessments
# ------------------------------------------------------------

DROP TABLE IF EXISTS `assessments`;

CREATE TABLE `assessments` (
  `id` char(36) CHARACTER SET utf8mb4 COLLATE utf8mb4_unicode_ci NOT NULL,
  `clerkship_schedule_id` char(36) CHARACTER SET utf8mb4 COLLATE utf8mb4_unicode_ci NOT NULL,
  `student_id` char(36) CHARACTER SET utf8mb4 COLLATE utf8mb4_unicode_ci NOT NULL,
  `form_id` char(36) CHARACTER SET utf8mb4 COLLATE utf8mb4_unicode_ci NOT NULL,
  `assignee` char(36) CHARACTER SET utf8mb4 COLLATE utf8mb4_unicode_ci NOT NULL,
  `assignee_name` varchar(255) CHARACTER SET utf8mb4 COLLATE utf8mb4_unicode_ci NOT NULL,
  `form_name` text CHARACTER SET utf8mb4 COLLATE utf8mb4_unicode_ci NOT NULL,
  `form_description` text CHARACTER SET utf8mb4 COLLATE utf8mb4_unicode_ci,
  `score` double DEFAULT NULL,
  `grade` char(2) COLLATE utf8mb4_unicode_ci DEFAULT NULL,
  `status` varchar(255) CHARACTER SET utf8mb4 COLLATE utf8mb4_unicode_ci NOT NULL,
  `modifier` json DEFAULT NULL,
  `created_at` timestamp NULL DEFAULT NULL,
  `updated_at` timestamp NULL DEFAULT NULL,
  PRIMARY KEY (`id`)
) ENGINE=InnoDB DEFAULT CHARSET=utf8mb4 COLLATE=utf8mb4_unicode_ci;



# Dump of table authorities
# ------------------------------------------------------------

DROP TABLE IF EXISTS `authorities`;

CREATE TABLE `authorities` (
  `id` char(36) CHARACTER SET utf8mb4 COLLATE utf8mb4_unicode_ci NOT NULL,
  `application_id` char(36) CHARACTER SET utf8mb4 COLLATE utf8mb4_unicode_ci DEFAULT NULL,
  `code` varchar(255) CHARACTER SET utf8mb4 COLLATE utf8mb4_unicode_ci NOT NULL,
  `name` varchar(255) CHARACTER SET utf8mb4 COLLATE utf8mb4_unicode_ci NOT NULL,
  `description` varchar(255) CHARACTER SET utf8mb4 COLLATE utf8mb4_unicode_ci DEFAULT NULL,
  `created_at` timestamp NULL DEFAULT NULL,
  `updated_at` timestamp NULL DEFAULT NULL,
  PRIMARY KEY (`id`)
) ENGINE=InnoDB DEFAULT CHARSET=utf8mb4 COLLATE=utf8mb4_unicode_ci;

LOCK TABLES `authorities` WRITE;
/*!40000 ALTER TABLE `authorities` DISABLE KEYS */;

INSERT INTO `authorities` (`id`, `application_id`, `code`, `name`, `description`, `created_at`, `updated_at`)
VALUES
	('f18fa99e-8d3c-4b6b-91a3-9c0000000001','c18fa99e-8d3c-4b6b-91a3-9c0000000001','mahasiswa','Mahasiswa',NULL,'2025-04-13 11:58:11','2025-04-13 11:58:11'),
	('f18fa99e-8d3c-4b6b-91a3-9c0000000002','c18fa99e-8d3c-4b6b-91a3-9c0000000001','dosen','Dosen',NULL,'2025-04-13 11:58:11','2025-04-13 11:58:11'),
	('f18fa99e-8d3c-4b6b-91a3-9c0000000003','c18fa99e-8d3c-4b6b-91a3-9c0000000001','dokter_pendamping_klinis','Dokter Pendamping Klinis',NULL,'2025-04-13 11:58:11','2025-04-13 11:58:11'),
	('f18fa99e-8d3c-4b6b-91a3-9c0000000004','c18fa99e-8d3c-4b6b-91a3-9c0000000001','admin_prodi','Admin Prodi',NULL,'2025-04-13 11:58:11','2025-04-13 11:58:11'),
	('f18fa99e-8d3c-4b6b-91a3-9c0000000005','c18fa99e-8d3c-4b6b-91a3-9c0000000001','admin_rs','Admin RS',NULL,'2025-04-13 11:58:11','2025-04-13 11:58:11'),
	('f18fa99e-8d3c-4b6b-91a3-9c0000000006','c18fa99e-8d3c-4b6b-91a3-9c0000000001','superuser','Superuser',NULL,'2025-04-13 11:58:11','2025-04-13 11:58:11');

/*!40000 ALTER TABLE `authorities` ENABLE KEYS */;
UNLOCK TABLES;


# Dump of table authority_user_organizations
# ------------------------------------------------------------

DROP TABLE IF EXISTS `authority_user_organizations`;

CREATE TABLE `authority_user_organizations` (
  `id` char(36) CHARACTER SET utf8mb4 COLLATE utf8mb4_unicode_ci NOT NULL,
  `authority_user_id` char(36) CHARACTER SET utf8mb4 COLLATE utf8mb4_unicode_ci NOT NULL,
  `organization_id` char(36) CHARACTER SET utf8mb4 COLLATE utf8mb4_unicode_ci NOT NULL,
  `created_at` timestamp NULL DEFAULT NULL,
  `updated_at` timestamp NULL DEFAULT NULL,
  PRIMARY KEY (`id`)
) ENGINE=InnoDB DEFAULT CHARSET=utf8mb4 COLLATE=utf8mb4_unicode_ci;

LOCK TABLES `authority_user_organizations` WRITE;
/*!40000 ALTER TABLE `authority_user_organizations` DISABLE KEYS */;

INSERT INTO `authority_user_organizations` (`id`, `authority_user_id`, `organization_id`, `created_at`, `updated_at`)
VALUES
	('c18fa99e-8d3c-4b6b-91a3-9c0000000001','e18fa99e-8d3c-4b6b-91a3-9c0000000001','f18fa99e-8d3c-4b6b-91a3-9c0000000017',NULL,NULL);

/*!40000 ALTER TABLE `authority_user_organizations` ENABLE KEYS */;
UNLOCK TABLES;


# Dump of table authority_users
# ------------------------------------------------------------

DROP TABLE IF EXISTS `authority_users`;

CREATE TABLE `authority_users` (
  `id` char(36) CHARACTER SET utf8mb4 COLLATE utf8mb4_unicode_ci NOT NULL,
  `user_id` char(36) CHARACTER SET utf8mb4 COLLATE utf8mb4_unicode_ci DEFAULT NULL,
  `authority_id` char(36) CHARACTER SET utf8mb4 COLLATE utf8mb4_unicode_ci DEFAULT NULL,
  `created_at` timestamp NULL DEFAULT NULL,
  `updated_at` timestamp NULL DEFAULT NULL,
  PRIMARY KEY (`id`)
) ENGINE=InnoDB DEFAULT CHARSET=utf8mb4 COLLATE=utf8mb4_unicode_ci;

LOCK TABLES `authority_users` WRITE;
/*!40000 ALTER TABLE `authority_users` DISABLE KEYS */;

INSERT INTO `authority_users` (`id`, `user_id`, `authority_id`, `created_at`, `updated_at`)
VALUES
	('708c170c-4c56-11f0-9464-6d12112379f7','231','f18fa99e-8d3c-4b6b-91a3-9c0000000001',NULL,NULL),
	('708c25ee-4c56-11f0-9464-6d12112379f7','232','f18fa99e-8d3c-4b6b-91a3-9c0000000001',NULL,NULL),
	('708c271a-4c56-11f0-9464-6d12112379f7','233','f18fa99e-8d3c-4b6b-91a3-9c0000000001',NULL,NULL),
	('708c27ec-4c56-11f0-9464-6d12112379f7','234','f18fa99e-8d3c-4b6b-91a3-9c0000000001',NULL,NULL),
	('708c28fa-4c56-11f0-9464-6d12112379f7','235','f18fa99e-8d3c-4b6b-91a3-9c0000000001',NULL,NULL),
	('708c2a12-4c56-11f0-9464-6d12112379f7','236','f18fa99e-8d3c-4b6b-91a3-9c0000000001',NULL,NULL),
	('708c2b0c-4c56-11f0-9464-6d12112379f7','237','f18fa99e-8d3c-4b6b-91a3-9c0000000001',NULL,NULL),
	('708c2bfc-4c56-11f0-9464-6d12112379f7','238','f18fa99e-8d3c-4b6b-91a3-9c0000000001',NULL,NULL),
	('708c2cec-4c56-11f0-9464-6d12112379f7','239','f18fa99e-8d3c-4b6b-91a3-9c0000000001',NULL,NULL),
	('708c2de6-4c56-11f0-9464-6d12112379f7','240','f18fa99e-8d3c-4b6b-91a3-9c0000000001',NULL,NULL),
	('708c2f26-4c56-11f0-9464-6d12112379f7','241','f18fa99e-8d3c-4b6b-91a3-9c0000000001',NULL,NULL),
	('708c302a-4c56-11f0-9464-6d12112379f7','242','f18fa99e-8d3c-4b6b-91a3-9c0000000001',NULL,NULL),
	('708c311a-4c56-11f0-9464-6d12112379f7','243','f18fa99e-8d3c-4b6b-91a3-9c0000000001',NULL,NULL),
	('708c3228-4c56-11f0-9464-6d12112379f7','244','f18fa99e-8d3c-4b6b-91a3-9c0000000001',NULL,NULL),
	('708c33b8-4c56-11f0-9464-6d12112379f7','245','f18fa99e-8d3c-4b6b-91a3-9c0000000001',NULL,NULL),
	('708c34bc-4c56-11f0-9464-6d12112379f7','246','f18fa99e-8d3c-4b6b-91a3-9c0000000001',NULL,NULL),
	('708c35a2-4c56-11f0-9464-6d12112379f7','247','f18fa99e-8d3c-4b6b-91a3-9c0000000001',NULL,NULL),
	('708c369c-4c56-11f0-9464-6d12112379f7','248','f18fa99e-8d3c-4b6b-91a3-9c0000000001',NULL,NULL),
	('708c3782-4c56-11f0-9464-6d12112379f7','249','f18fa99e-8d3c-4b6b-91a3-9c0000000001',NULL,NULL),
	('708c387c-4c56-11f0-9464-6d12112379f7','250','f18fa99e-8d3c-4b6b-91a3-9c0000000001',NULL,NULL),
	('708c3962-4c56-11f0-9464-6d12112379f7','251','f18fa99e-8d3c-4b6b-91a3-9c0000000001',NULL,NULL),
	('708c3a48-4c56-11f0-9464-6d12112379f7','252','f18fa99e-8d3c-4b6b-91a3-9c0000000001',NULL,NULL),
	('708c3b2e-4c56-11f0-9464-6d12112379f7','253','f18fa99e-8d3c-4b6b-91a3-9c0000000001',NULL,NULL),
	('708c3c6e-4c56-11f0-9464-6d12112379f7','254','f18fa99e-8d3c-4b6b-91a3-9c0000000001',NULL,NULL),
	('708c3d5e-4c56-11f0-9464-6d12112379f7','255','f18fa99e-8d3c-4b6b-91a3-9c0000000001',NULL,NULL),
	('708c3e44-4c56-11f0-9464-6d12112379f7','256','f18fa99e-8d3c-4b6b-91a3-9c0000000001',NULL,NULL),
	('708c3f70-4c56-11f0-9464-6d12112379f7','257','f18fa99e-8d3c-4b6b-91a3-9c0000000001',NULL,NULL),
	('708c41b4-4c56-11f0-9464-6d12112379f7','258','f18fa99e-8d3c-4b6b-91a3-9c0000000001',NULL,NULL),
	('708c42ae-4c56-11f0-9464-6d12112379f7','259','f18fa99e-8d3c-4b6b-91a3-9c0000000001',NULL,NULL),
	('708c43b2-4c56-11f0-9464-6d12112379f7','260','f18fa99e-8d3c-4b6b-91a3-9c0000000001',NULL,NULL),
	('708c4498-4c56-11f0-9464-6d12112379f7','261','f18fa99e-8d3c-4b6b-91a3-9c0000000001',NULL,NULL),
	('708c4588-4c56-11f0-9464-6d12112379f7','262','f18fa99e-8d3c-4b6b-91a3-9c0000000001',NULL,NULL),
	('708c4678-4c56-11f0-9464-6d12112379f7','263','f18fa99e-8d3c-4b6b-91a3-9c0000000001',NULL,NULL),
	('708c4772-4c56-11f0-9464-6d12112379f7','264','f18fa99e-8d3c-4b6b-91a3-9c0000000001',NULL,NULL),
	('708c4862-4c56-11f0-9464-6d12112379f7','265','f18fa99e-8d3c-4b6b-91a3-9c0000000001',NULL,NULL),
	('708c4966-4c56-11f0-9464-6d12112379f7','266','f18fa99e-8d3c-4b6b-91a3-9c0000000001',NULL,NULL),
	('708c4a56-4c56-11f0-9464-6d12112379f7','267','f18fa99e-8d3c-4b6b-91a3-9c0000000001',NULL,NULL),
	('708c4eca-4c56-11f0-9464-6d12112379f7','268','f18fa99e-8d3c-4b6b-91a3-9c0000000001',NULL,NULL),
	('708c4fce-4c56-11f0-9464-6d12112379f7','269','f18fa99e-8d3c-4b6b-91a3-9c0000000001',NULL,NULL),
	('708c50be-4c56-11f0-9464-6d12112379f7','270','f18fa99e-8d3c-4b6b-91a3-9c0000000001',NULL,NULL),
	('708c51a4-4c56-11f0-9464-6d12112379f7','271','f18fa99e-8d3c-4b6b-91a3-9c0000000001',NULL,NULL),
	('708c529e-4c56-11f0-9464-6d12112379f7','272','f18fa99e-8d3c-4b6b-91a3-9c0000000001',NULL,NULL),
	('708c5384-4c56-11f0-9464-6d12112379f7','273','f18fa99e-8d3c-4b6b-91a3-9c0000000001',NULL,NULL),
	('708c5474-4c56-11f0-9464-6d12112379f7','274','f18fa99e-8d3c-4b6b-91a3-9c0000000001',NULL,NULL),
	('708c558c-4c56-11f0-9464-6d12112379f7','275','f18fa99e-8d3c-4b6b-91a3-9c0000000001',NULL,NULL),
	('708c5672-4c56-11f0-9464-6d12112379f7','276','f18fa99e-8d3c-4b6b-91a3-9c0000000001',NULL,NULL),
	('708c5762-4c56-11f0-9464-6d12112379f7','277','f18fa99e-8d3c-4b6b-91a3-9c0000000001',NULL,NULL),
	('708c5848-4c56-11f0-9464-6d12112379f7','278','f18fa99e-8d3c-4b6b-91a3-9c0000000001',NULL,NULL),
	('708c592e-4c56-11f0-9464-6d12112379f7','279','f18fa99e-8d3c-4b6b-91a3-9c0000000001',NULL,NULL),
	('708c5a1e-4c56-11f0-9464-6d12112379f7','280','f18fa99e-8d3c-4b6b-91a3-9c0000000001',NULL,NULL),
	('708c5b04-4c56-11f0-9464-6d12112379f7','281','f18fa99e-8d3c-4b6b-91a3-9c0000000001',NULL,NULL),
	('708c5bfe-4c56-11f0-9464-6d12112379f7','282','f18fa99e-8d3c-4b6b-91a3-9c0000000001',NULL,NULL),
	('708c5dac-4c56-11f0-9464-6d12112379f7','283','f18fa99e-8d3c-4b6b-91a3-9c0000000001',NULL,NULL),
	('708c5f00-4c56-11f0-9464-6d12112379f7','284','f18fa99e-8d3c-4b6b-91a3-9c0000000001',NULL,NULL),
	('708c5ffa-4c56-11f0-9464-6d12112379f7','285','f18fa99e-8d3c-4b6b-91a3-9c0000000001',NULL,NULL),
	('708c60ea-4c56-11f0-9464-6d12112379f7','286','f18fa99e-8d3c-4b6b-91a3-9c0000000001',NULL,NULL),
	('708c61e4-4c56-11f0-9464-6d12112379f7','287','f18fa99e-8d3c-4b6b-91a3-9c0000000001',NULL,NULL),
	('708c62d4-4c56-11f0-9464-6d12112379f7','288','f18fa99e-8d3c-4b6b-91a3-9c0000000001',NULL,NULL),
	('708c63ce-4c56-11f0-9464-6d12112379f7','289','f18fa99e-8d3c-4b6b-91a3-9c0000000001',NULL,NULL),
	('708cba04-4c56-11f0-9464-6d12112379f7','290','f18fa99e-8d3c-4b6b-91a3-9c0000000001',NULL,NULL),
	('708cbb26-4c56-11f0-9464-6d12112379f7','291','f18fa99e-8d3c-4b6b-91a3-9c0000000001',NULL,NULL),
	('708cbbee-4c56-11f0-9464-6d12112379f7','292','f18fa99e-8d3c-4b6b-91a3-9c0000000001',NULL,NULL),
	('708cbcac-4c56-11f0-9464-6d12112379f7','293','f18fa99e-8d3c-4b6b-91a3-9c0000000001',NULL,NULL),
	('708cbd7e-4c56-11f0-9464-6d12112379f7','294','f18fa99e-8d3c-4b6b-91a3-9c0000000001',NULL,NULL),
	('708cbe1e-4c56-11f0-9464-6d12112379f7','295','f18fa99e-8d3c-4b6b-91a3-9c0000000001',NULL,NULL),
	('708cbed2-4c56-11f0-9464-6d12112379f7','296','f18fa99e-8d3c-4b6b-91a3-9c0000000001',NULL,NULL),
	('708cbf86-4c56-11f0-9464-6d12112379f7','297','f18fa99e-8d3c-4b6b-91a3-9c0000000001',NULL,NULL),
	('708cc030-4c56-11f0-9464-6d12112379f7','298','f18fa99e-8d3c-4b6b-91a3-9c0000000001',NULL,NULL),
	('708cc0da-4c56-11f0-9464-6d12112379f7','299','f18fa99e-8d3c-4b6b-91a3-9c0000000001',NULL,NULL),
	('708cc17a-4c56-11f0-9464-6d12112379f7','300','f18fa99e-8d3c-4b6b-91a3-9c0000000001',NULL,NULL),
	('708cc224-4c56-11f0-9464-6d12112379f7','301','f18fa99e-8d3c-4b6b-91a3-9c0000000001',NULL,NULL),
	('708cc2d8-4c56-11f0-9464-6d12112379f7','302','f18fa99e-8d3c-4b6b-91a3-9c0000000001',NULL,NULL),
	('708cc38c-4c56-11f0-9464-6d12112379f7','303','f18fa99e-8d3c-4b6b-91a3-9c0000000001',NULL,NULL),
	('708cc42c-4c56-11f0-9464-6d12112379f7','304','f18fa99e-8d3c-4b6b-91a3-9c0000000001',NULL,NULL),
	('708cc576-4c56-11f0-9464-6d12112379f7','305','f18fa99e-8d3c-4b6b-91a3-9c0000000001',NULL,NULL),
	('708cc62a-4c56-11f0-9464-6d12112379f7','306','f18fa99e-8d3c-4b6b-91a3-9c0000000001',NULL,NULL),
	('708cc6ac-4c56-11f0-9464-6d12112379f7','307','f18fa99e-8d3c-4b6b-91a3-9c0000000001',NULL,NULL),
	('708cc72e-4c56-11f0-9464-6d12112379f7','308','f18fa99e-8d3c-4b6b-91a3-9c0000000001',NULL,NULL),
	('708cc7b0-4c56-11f0-9464-6d12112379f7','309','f18fa99e-8d3c-4b6b-91a3-9c0000000001',NULL,NULL),
	('708cc832-4c56-11f0-9464-6d12112379f7','310','f18fa99e-8d3c-4b6b-91a3-9c0000000001',NULL,NULL),
	('708cc8b4-4c56-11f0-9464-6d12112379f7','311','f18fa99e-8d3c-4b6b-91a3-9c0000000001',NULL,NULL),
	('708cc936-4c56-11f0-9464-6d12112379f7','312','f18fa99e-8d3c-4b6b-91a3-9c0000000001',NULL,NULL),
	('708cc9ae-4c56-11f0-9464-6d12112379f7','313','f18fa99e-8d3c-4b6b-91a3-9c0000000001',NULL,NULL),
	('708cca9e-4c56-11f0-9464-6d12112379f7','314','f18fa99e-8d3c-4b6b-91a3-9c0000000001',NULL,NULL),
	('708ccb20-4c56-11f0-9464-6d12112379f7','315','f18fa99e-8d3c-4b6b-91a3-9c0000000001',NULL,NULL),
	('708ccbac-4c56-11f0-9464-6d12112379f7','316','f18fa99e-8d3c-4b6b-91a3-9c0000000001',NULL,NULL),
	('708ccc24-4c56-11f0-9464-6d12112379f7','317','f18fa99e-8d3c-4b6b-91a3-9c0000000001',NULL,NULL),
	('708ccc9c-4c56-11f0-9464-6d12112379f7','318','f18fa99e-8d3c-4b6b-91a3-9c0000000001',NULL,NULL),
	('708ccd1e-4c56-11f0-9464-6d12112379f7','319','f18fa99e-8d3c-4b6b-91a3-9c0000000001',NULL,NULL),
	('708ccddc-4c56-11f0-9464-6d12112379f7','320','f18fa99e-8d3c-4b6b-91a3-9c0000000001',NULL,NULL),
	('708cce5e-4c56-11f0-9464-6d12112379f7','321','f18fa99e-8d3c-4b6b-91a3-9c0000000001',NULL,NULL),
	('708ccee0-4c56-11f0-9464-6d12112379f7','322','f18fa99e-8d3c-4b6b-91a3-9c0000000001',NULL,NULL),
	('708ccf58-4c56-11f0-9464-6d12112379f7','323','f18fa99e-8d3c-4b6b-91a3-9c0000000001',NULL,NULL),
	('708ccfd0-4c56-11f0-9464-6d12112379f7','324','f18fa99e-8d3c-4b6b-91a3-9c0000000001',NULL,NULL),
	('708cd0c0-4c56-11f0-9464-6d12112379f7','325','f18fa99e-8d3c-4b6b-91a3-9c0000000001',NULL,NULL),
	('708cd142-4c56-11f0-9464-6d12112379f7','326','f18fa99e-8d3c-4b6b-91a3-9c0000000001',NULL,NULL),
	('708cd1c4-4c56-11f0-9464-6d12112379f7','327','f18fa99e-8d3c-4b6b-91a3-9c0000000001',NULL,NULL),
	('708cd246-4c56-11f0-9464-6d12112379f7','328','f18fa99e-8d3c-4b6b-91a3-9c0000000001',NULL,NULL),
	('708cd2be-4c56-11f0-9464-6d12112379f7','329','f18fa99e-8d3c-4b6b-91a3-9c0000000001',NULL,NULL),
	('708cd336-4c56-11f0-9464-6d12112379f7','330','f18fa99e-8d3c-4b6b-91a3-9c0000000001',NULL,NULL),
	('708cd3ae-4c56-11f0-9464-6d12112379f7','331','f18fa99e-8d3c-4b6b-91a3-9c0000000001',NULL,NULL),
	('708cd426-4c56-11f0-9464-6d12112379f7','332','f18fa99e-8d3c-4b6b-91a3-9c0000000001',NULL,NULL),
	('708cd49e-4c56-11f0-9464-6d12112379f7','333','f18fa99e-8d3c-4b6b-91a3-9c0000000001',NULL,NULL),
	('708cd520-4c56-11f0-9464-6d12112379f7','334','f18fa99e-8d3c-4b6b-91a3-9c0000000001',NULL,NULL),
	('708cd688-4c56-11f0-9464-6d12112379f7','335','f18fa99e-8d3c-4b6b-91a3-9c0000000001',NULL,NULL),
	('708cd73c-4c56-11f0-9464-6d12112379f7','336','f18fa99e-8d3c-4b6b-91a3-9c0000000001',NULL,NULL),
	('708cd7be-4c56-11f0-9464-6d12112379f7','337','f18fa99e-8d3c-4b6b-91a3-9c0000000001',NULL,NULL),
	('708cd840-4c56-11f0-9464-6d12112379f7','338','f18fa99e-8d3c-4b6b-91a3-9c0000000001',NULL,NULL),
	('708cd8c2-4c56-11f0-9464-6d12112379f7','339','f18fa99e-8d3c-4b6b-91a3-9c0000000001',NULL,NULL),
	('708cd93a-4c56-11f0-9464-6d12112379f7','340','f18fa99e-8d3c-4b6b-91a3-9c0000000001',NULL,NULL),
	('708cd9b2-4c56-11f0-9464-6d12112379f7','341','f18fa99e-8d3c-4b6b-91a3-9c0000000001',NULL,NULL),
	('708cda2a-4c56-11f0-9464-6d12112379f7','342','f18fa99e-8d3c-4b6b-91a3-9c0000000001',NULL,NULL),
	('708cdaac-4c56-11f0-9464-6d12112379f7','343','f18fa99e-8d3c-4b6b-91a3-9c0000000001',NULL,NULL),
	('708cdb24-4c56-11f0-9464-6d12112379f7','344','f18fa99e-8d3c-4b6b-91a3-9c0000000001',NULL,NULL),
	('708cdba6-4c56-11f0-9464-6d12112379f7','345','f18fa99e-8d3c-4b6b-91a3-9c0000000001',NULL,NULL),
	('708cdc1e-4c56-11f0-9464-6d12112379f7','346','f18fa99e-8d3c-4b6b-91a3-9c0000000001',NULL,NULL),
	('708ceca4-4c56-11f0-9464-6d12112379f7','347','f18fa99e-8d3c-4b6b-91a3-9c0000000001',NULL,NULL),
	('708ced4e-4c56-11f0-9464-6d12112379f7','348','f18fa99e-8d3c-4b6b-91a3-9c0000000001',NULL,NULL),
	('708cedd0-4c56-11f0-9464-6d12112379f7','349','f18fa99e-8d3c-4b6b-91a3-9c0000000001',NULL,NULL),
	('708cee52-4c56-11f0-9464-6d12112379f7','350','f18fa99e-8d3c-4b6b-91a3-9c0000000001',NULL,NULL),
	('708ceed4-4c56-11f0-9464-6d12112379f7','351','f18fa99e-8d3c-4b6b-91a3-9c0000000001',NULL,NULL),
	('708cef56-4c56-11f0-9464-6d12112379f7','352','f18fa99e-8d3c-4b6b-91a3-9c0000000001',NULL,NULL),
	('708cefce-4c56-11f0-9464-6d12112379f7','353','f18fa99e-8d3c-4b6b-91a3-9c0000000001',NULL,NULL),
	('708cf050-4c56-11f0-9464-6d12112379f7','354','f18fa99e-8d3c-4b6b-91a3-9c0000000001',NULL,NULL),
	('708cf0c8-4c56-11f0-9464-6d12112379f7','355','f18fa99e-8d3c-4b6b-91a3-9c0000000001',NULL,NULL),
	('708cf14a-4c56-11f0-9464-6d12112379f7','356','f18fa99e-8d3c-4b6b-91a3-9c0000000001',NULL,NULL),
	('708cf1cc-4c56-11f0-9464-6d12112379f7','357','f18fa99e-8d3c-4b6b-91a3-9c0000000001',NULL,NULL),
	('708cf24e-4c56-11f0-9464-6d12112379f7','358','f18fa99e-8d3c-4b6b-91a3-9c0000000001',NULL,NULL),
	('708cf2d0-4c56-11f0-9464-6d12112379f7','359','f18fa99e-8d3c-4b6b-91a3-9c0000000001',NULL,NULL),
	('708cf37a-4c56-11f0-9464-6d12112379f7','360','f18fa99e-8d3c-4b6b-91a3-9c0000000001',NULL,NULL),
	('708cf3fc-4c56-11f0-9464-6d12112379f7','361','f18fa99e-8d3c-4b6b-91a3-9c0000000001',NULL,NULL),
	('708cf474-4c56-11f0-9464-6d12112379f7','362','f18fa99e-8d3c-4b6b-91a3-9c0000000001',NULL,NULL),
	('708cf4f6-4c56-11f0-9464-6d12112379f7','363','f18fa99e-8d3c-4b6b-91a3-9c0000000001',NULL,NULL),
	('708cf578-4c56-11f0-9464-6d12112379f7','364','f18fa99e-8d3c-4b6b-91a3-9c0000000001',NULL,NULL),
	('708cf5f0-4c56-11f0-9464-6d12112379f7','365','f18fa99e-8d3c-4b6b-91a3-9c0000000001',NULL,NULL),
	('708cf668-4c56-11f0-9464-6d12112379f7','366','f18fa99e-8d3c-4b6b-91a3-9c0000000001',NULL,NULL),
	('708cf776-4c56-11f0-9464-6d12112379f7','367','f18fa99e-8d3c-4b6b-91a3-9c0000000001',NULL,NULL),
	('708cf7ee-4c56-11f0-9464-6d12112379f7','368','f18fa99e-8d3c-4b6b-91a3-9c0000000001',NULL,NULL),
	('708cf870-4c56-11f0-9464-6d12112379f7','369','f18fa99e-8d3c-4b6b-91a3-9c0000000001',NULL,NULL),
	('708cf8f2-4c56-11f0-9464-6d12112379f7','370','f18fa99e-8d3c-4b6b-91a3-9c0000000001',NULL,NULL),
	('708cf96a-4c56-11f0-9464-6d12112379f7','371','f18fa99e-8d3c-4b6b-91a3-9c0000000001',NULL,NULL),
	('708cf9e2-4c56-11f0-9464-6d12112379f7','372','f18fa99e-8d3c-4b6b-91a3-9c0000000001',NULL,NULL),
	('708cfa6e-4c56-11f0-9464-6d12112379f7','373','f18fa99e-8d3c-4b6b-91a3-9c0000000001',NULL,NULL),
	('708cfaf0-4c56-11f0-9464-6d12112379f7','374','f18fa99e-8d3c-4b6b-91a3-9c0000000001',NULL,NULL),
	('708cfb72-4c56-11f0-9464-6d12112379f7','375','f18fa99e-8d3c-4b6b-91a3-9c0000000001',NULL,NULL),
	('708cfbf4-4c56-11f0-9464-6d12112379f7','376','f18fa99e-8d3c-4b6b-91a3-9c0000000001',NULL,NULL),
	('708cfc6c-4c56-11f0-9464-6d12112379f7','377','f18fa99e-8d3c-4b6b-91a3-9c0000000001',NULL,NULL),
	('708cfcee-4c56-11f0-9464-6d12112379f7','378','f18fa99e-8d3c-4b6b-91a3-9c0000000001',NULL,NULL),
	('708cfd70-4c56-11f0-9464-6d12112379f7','379','f18fa99e-8d3c-4b6b-91a3-9c0000000001',NULL,NULL),
	('708cfdf2-4c56-11f0-9464-6d12112379f7','380','f18fa99e-8d3c-4b6b-91a3-9c0000000001',NULL,NULL),
	('708cfe74-4c56-11f0-9464-6d12112379f7','381','f18fa99e-8d3c-4b6b-91a3-9c0000000001',NULL,NULL),
	('708cff50-4c56-11f0-9464-6d12112379f7','382','f18fa99e-8d3c-4b6b-91a3-9c0000000001',NULL,NULL),
	('708cffd2-4c56-11f0-9464-6d12112379f7','383','f18fa99e-8d3c-4b6b-91a3-9c0000000001',NULL,NULL),
	('708d005e-4c56-11f0-9464-6d12112379f7','384','f18fa99e-8d3c-4b6b-91a3-9c0000000001',NULL,NULL),
	('708d00e0-4c56-11f0-9464-6d12112379f7','385','f18fa99e-8d3c-4b6b-91a3-9c0000000001',NULL,NULL),
	('708d018a-4c56-11f0-9464-6d12112379f7','386','f18fa99e-8d3c-4b6b-91a3-9c0000000001',NULL,NULL),
	('708d0202-4c56-11f0-9464-6d12112379f7','387','f18fa99e-8d3c-4b6b-91a3-9c0000000001',NULL,NULL),
	('708d0284-4c56-11f0-9464-6d12112379f7','388','f18fa99e-8d3c-4b6b-91a3-9c0000000001',NULL,NULL),
	('708d0306-4c56-11f0-9464-6d12112379f7','389','f18fa99e-8d3c-4b6b-91a3-9c0000000001',NULL,NULL),
	('708d0388-4c56-11f0-9464-6d12112379f7','390','f18fa99e-8d3c-4b6b-91a3-9c0000000001',NULL,NULL),
	('708d040a-4c56-11f0-9464-6d12112379f7','391','f18fa99e-8d3c-4b6b-91a3-9c0000000001',NULL,NULL),
	('708d0482-4c56-11f0-9464-6d12112379f7','392','f18fa99e-8d3c-4b6b-91a3-9c0000000001',NULL,NULL),
	('708d0504-4c56-11f0-9464-6d12112379f7','393','f18fa99e-8d3c-4b6b-91a3-9c0000000001',NULL,NULL),
	('708d0590-4c56-11f0-9464-6d12112379f7','394','f18fa99e-8d3c-4b6b-91a3-9c0000000001',NULL,NULL),
	('708d0612-4c56-11f0-9464-6d12112379f7','395','f18fa99e-8d3c-4b6b-91a3-9c0000000001',NULL,NULL),
	('708d0694-4c56-11f0-9464-6d12112379f7','396','f18fa99e-8d3c-4b6b-91a3-9c0000000001',NULL,NULL),
	('708d0720-4c56-11f0-9464-6d12112379f7','397','f18fa99e-8d3c-4b6b-91a3-9c0000000001',NULL,NULL),
	('708d0798-4c56-11f0-9464-6d12112379f7','398','f18fa99e-8d3c-4b6b-91a3-9c0000000001',NULL,NULL),
	('708d0824-4c56-11f0-9464-6d12112379f7','399','f18fa99e-8d3c-4b6b-91a3-9c0000000001',NULL,NULL),
	('708d08d8-4c56-11f0-9464-6d12112379f7','400','f18fa99e-8d3c-4b6b-91a3-9c0000000001',NULL,NULL),
	('708d095a-4c56-11f0-9464-6d12112379f7','401','f18fa99e-8d3c-4b6b-91a3-9c0000000001',NULL,NULL),
	('708d09d2-4c56-11f0-9464-6d12112379f7','402','f18fa99e-8d3c-4b6b-91a3-9c0000000001',NULL,NULL),
	('708d0a54-4c56-11f0-9464-6d12112379f7','403','f18fa99e-8d3c-4b6b-91a3-9c0000000001',NULL,NULL),
	('708d0acc-4c56-11f0-9464-6d12112379f7','404','f18fa99e-8d3c-4b6b-91a3-9c0000000001',NULL,NULL),
	('708d0b44-4c56-11f0-9464-6d12112379f7','405','f18fa99e-8d3c-4b6b-91a3-9c0000000001',NULL,NULL),
	('708d0bd0-4c56-11f0-9464-6d12112379f7','406','f18fa99e-8d3c-4b6b-91a3-9c0000000001',NULL,NULL),
	('708d0c48-4c56-11f0-9464-6d12112379f7','407','f18fa99e-8d3c-4b6b-91a3-9c0000000001',NULL,NULL),
	('708d0cca-4c56-11f0-9464-6d12112379f7','408','f18fa99e-8d3c-4b6b-91a3-9c0000000001',NULL,NULL),
	('708d0d4c-4c56-11f0-9464-6d12112379f7','409','f18fa99e-8d3c-4b6b-91a3-9c0000000001',NULL,NULL),
	('708d0dc4-4c56-11f0-9464-6d12112379f7','410','f18fa99e-8d3c-4b6b-91a3-9c0000000001',NULL,NULL),
	('708d0e46-4c56-11f0-9464-6d12112379f7','411','f18fa99e-8d3c-4b6b-91a3-9c0000000001',NULL,NULL),
	('708d0ec8-4c56-11f0-9464-6d12112379f7','412','f18fa99e-8d3c-4b6b-91a3-9c0000000001',NULL,NULL),
	('708d0f4a-4c56-11f0-9464-6d12112379f7','413','f18fa99e-8d3c-4b6b-91a3-9c0000000001',NULL,NULL),
	('708d0fc2-4c56-11f0-9464-6d12112379f7','414','f18fa99e-8d3c-4b6b-91a3-9c0000000001',NULL,NULL),
	('708d103a-4c56-11f0-9464-6d12112379f7','415','f18fa99e-8d3c-4b6b-91a3-9c0000000001',NULL,NULL),
	('708d10bc-4c56-11f0-9464-6d12112379f7','416','f18fa99e-8d3c-4b6b-91a3-9c0000000001',NULL,NULL),
	('708d1134-4c56-11f0-9464-6d12112379f7','417','f18fa99e-8d3c-4b6b-91a3-9c0000000001',NULL,NULL),
	('708d11b6-4c56-11f0-9464-6d12112379f7','418','f18fa99e-8d3c-4b6b-91a3-9c0000000001',NULL,NULL),
	('708d129c-4c56-11f0-9464-6d12112379f7','419','f18fa99e-8d3c-4b6b-91a3-9c0000000001',NULL,NULL),
	('708d1396-4c56-11f0-9464-6d12112379f7','420','f18fa99e-8d3c-4b6b-91a3-9c0000000001',NULL,NULL),
	('708d1490-4c56-11f0-9464-6d12112379f7','421','f18fa99e-8d3c-4b6b-91a3-9c0000000001',NULL,NULL),
	('708d156c-4c56-11f0-9464-6d12112379f7','422','f18fa99e-8d3c-4b6b-91a3-9c0000000001',NULL,NULL),
	('708d165c-4c56-11f0-9464-6d12112379f7','423','f18fa99e-8d3c-4b6b-91a3-9c0000000001',NULL,NULL),
	('708d174c-4c56-11f0-9464-6d12112379f7','424','f18fa99e-8d3c-4b6b-91a3-9c0000000001',NULL,NULL),
	('708d18b4-4c56-11f0-9464-6d12112379f7','425','f18fa99e-8d3c-4b6b-91a3-9c0000000001',NULL,NULL),
	('708d19ae-4c56-11f0-9464-6d12112379f7','426','f18fa99e-8d3c-4b6b-91a3-9c0000000001',NULL,NULL),
	('708d1a94-4c56-11f0-9464-6d12112379f7','427','f18fa99e-8d3c-4b6b-91a3-9c0000000001',NULL,NULL),
	('708d1b7a-4c56-11f0-9464-6d12112379f7','428','f18fa99e-8d3c-4b6b-91a3-9c0000000001',NULL,NULL),
	('708d1c74-4c56-11f0-9464-6d12112379f7','429','f18fa99e-8d3c-4b6b-91a3-9c0000000001',NULL,NULL),
	('708d1d5a-4c56-11f0-9464-6d12112379f7','430','f18fa99e-8d3c-4b6b-91a3-9c0000000001',NULL,NULL),
	('708d1e4a-4c56-11f0-9464-6d12112379f7','431','f18fa99e-8d3c-4b6b-91a3-9c0000000001',NULL,NULL),
	('708d21b0-4c56-11f0-9464-6d12112379f7','432','f18fa99e-8d3c-4b6b-91a3-9c0000000001',NULL,NULL),
	('708d2412-4c56-11f0-9464-6d12112379f7','433','f18fa99e-8d3c-4b6b-91a3-9c0000000001',NULL,NULL),
	('708d24d0-4c56-11f0-9464-6d12112379f7','434','f18fa99e-8d3c-4b6b-91a3-9c0000000001',NULL,NULL),
	('708d2566-4c56-11f0-9464-6d12112379f7','435','f18fa99e-8d3c-4b6b-91a3-9c0000000001',NULL,NULL),
	('708d25f2-4c56-11f0-9464-6d12112379f7','436','f18fa99e-8d3c-4b6b-91a3-9c0000000001',NULL,NULL),
	('708d267e-4c56-11f0-9464-6d12112379f7','437','f18fa99e-8d3c-4b6b-91a3-9c0000000001',NULL,NULL),
	('708d28cc-4c56-11f0-9464-6d12112379f7','438','f18fa99e-8d3c-4b6b-91a3-9c0000000001',NULL,NULL),
	('708d2a16-4c56-11f0-9464-6d12112379f7','439','f18fa99e-8d3c-4b6b-91a3-9c0000000001',NULL,NULL),
	('708d2ac0-4c56-11f0-9464-6d12112379f7','440','f18fa99e-8d3c-4b6b-91a3-9c0000000001',NULL,NULL),
	('708d2b56-4c56-11f0-9464-6d12112379f7','441','f18fa99e-8d3c-4b6b-91a3-9c0000000001',NULL,NULL),
	('708d2be2-4c56-11f0-9464-6d12112379f7','442','f18fa99e-8d3c-4b6b-91a3-9c0000000001',NULL,NULL),
	('708d2c64-4c56-11f0-9464-6d12112379f7','443','f18fa99e-8d3c-4b6b-91a3-9c0000000001',NULL,NULL),
	('708d2ce6-4c56-11f0-9464-6d12112379f7','444','f18fa99e-8d3c-4b6b-91a3-9c0000000001',NULL,NULL),
	('708d2d68-4c56-11f0-9464-6d12112379f7','445','f18fa99e-8d3c-4b6b-91a3-9c0000000001',NULL,NULL),
	('708d2df4-4c56-11f0-9464-6d12112379f7','446','f18fa99e-8d3c-4b6b-91a3-9c0000000001',NULL,NULL),
	('708d2e80-4c56-11f0-9464-6d12112379f7','447','f18fa99e-8d3c-4b6b-91a3-9c0000000001',NULL,NULL),
	('708d2f02-4c56-11f0-9464-6d12112379f7','448','f18fa99e-8d3c-4b6b-91a3-9c0000000001',NULL,NULL),
	('708d2f84-4c56-11f0-9464-6d12112379f7','449','f18fa99e-8d3c-4b6b-91a3-9c0000000001',NULL,NULL),
	('708d3010-4c56-11f0-9464-6d12112379f7','450','f18fa99e-8d3c-4b6b-91a3-9c0000000001',NULL,NULL),
	('708d309c-4c56-11f0-9464-6d12112379f7','451','f18fa99e-8d3c-4b6b-91a3-9c0000000001',NULL,NULL),
	('708d3132-4c56-11f0-9464-6d12112379f7','452','f18fa99e-8d3c-4b6b-91a3-9c0000000001',NULL,NULL),
	('708d31be-4c56-11f0-9464-6d12112379f7','453','f18fa99e-8d3c-4b6b-91a3-9c0000000001',NULL,NULL),
	('708d3240-4c56-11f0-9464-6d12112379f7','454','f18fa99e-8d3c-4b6b-91a3-9c0000000001',NULL,NULL),
	('708d32c2-4c56-11f0-9464-6d12112379f7','455','f18fa99e-8d3c-4b6b-91a3-9c0000000001',NULL,NULL),
	('708d333a-4c56-11f0-9464-6d12112379f7','456','f18fa99e-8d3c-4b6b-91a3-9c0000000001',NULL,NULL),
	('708d33bc-4c56-11f0-9464-6d12112379f7','457','f18fa99e-8d3c-4b6b-91a3-9c0000000001',NULL,NULL),
	('708d343e-4c56-11f0-9464-6d12112379f7','458','f18fa99e-8d3c-4b6b-91a3-9c0000000001',NULL,NULL),
	('708d34c0-4c56-11f0-9464-6d12112379f7','459','f18fa99e-8d3c-4b6b-91a3-9c0000000001',NULL,NULL),
	('708d3542-4c56-11f0-9464-6d12112379f7','460','f18fa99e-8d3c-4b6b-91a3-9c0000000001',NULL,NULL),
	('708d35ce-4c56-11f0-9464-6d12112379f7','461','f18fa99e-8d3c-4b6b-91a3-9c0000000001',NULL,NULL),
	('708d40be-4c56-11f0-9464-6d12112379f7','462','f18fa99e-8d3c-4b6b-91a3-9c0000000001',NULL,NULL),
	('708d419a-4c56-11f0-9464-6d12112379f7','463','f18fa99e-8d3c-4b6b-91a3-9c0000000001',NULL,NULL),
	('708d4226-4c56-11f0-9464-6d12112379f7','464','f18fa99e-8d3c-4b6b-91a3-9c0000000001',NULL,NULL),
	('708d42b2-4c56-11f0-9464-6d12112379f7','465','f18fa99e-8d3c-4b6b-91a3-9c0000000001',NULL,NULL),
	('708d433e-4c56-11f0-9464-6d12112379f7','466','f18fa99e-8d3c-4b6b-91a3-9c0000000001',NULL,NULL),
	('708d43ca-4c56-11f0-9464-6d12112379f7','467','f18fa99e-8d3c-4b6b-91a3-9c0000000001',NULL,NULL),
	('708d444c-4c56-11f0-9464-6d12112379f7','468','f18fa99e-8d3c-4b6b-91a3-9c0000000001',NULL,NULL),
	('708d44d8-4c56-11f0-9464-6d12112379f7','469','f18fa99e-8d3c-4b6b-91a3-9c0000000001',NULL,NULL),
	('708d455a-4c56-11f0-9464-6d12112379f7','470','f18fa99e-8d3c-4b6b-91a3-9c0000000001',NULL,NULL),
	('708d45dc-4c56-11f0-9464-6d12112379f7','471','f18fa99e-8d3c-4b6b-91a3-9c0000000001',NULL,NULL),
	('708d4668-4c56-11f0-9464-6d12112379f7','472','f18fa99e-8d3c-4b6b-91a3-9c0000000001',NULL,NULL),
	('708d46ea-4c56-11f0-9464-6d12112379f7','473','f18fa99e-8d3c-4b6b-91a3-9c0000000001',NULL,NULL),
	('708d476c-4c56-11f0-9464-6d12112379f7','474','f18fa99e-8d3c-4b6b-91a3-9c0000000001',NULL,NULL),
	('708d47f8-4c56-11f0-9464-6d12112379f7','475','f18fa99e-8d3c-4b6b-91a3-9c0000000001',NULL,NULL),
	('708d4884-4c56-11f0-9464-6d12112379f7','476','f18fa99e-8d3c-4b6b-91a3-9c0000000001',NULL,NULL),
	('708d4906-4c56-11f0-9464-6d12112379f7','477','f18fa99e-8d3c-4b6b-91a3-9c0000000001',NULL,NULL),
	('708d4988-4c56-11f0-9464-6d12112379f7','478','f18fa99e-8d3c-4b6b-91a3-9c0000000001',NULL,NULL),
	('708d4a14-4c56-11f0-9464-6d12112379f7','479','f18fa99e-8d3c-4b6b-91a3-9c0000000001',NULL,NULL),
	('708d4a96-4c56-11f0-9464-6d12112379f7','480','f18fa99e-8d3c-4b6b-91a3-9c0000000001',NULL,NULL),
	('708d4b54-4c56-11f0-9464-6d12112379f7','481','f18fa99e-8d3c-4b6b-91a3-9c0000000001',NULL,NULL),
	('708d4be0-4c56-11f0-9464-6d12112379f7','482','f18fa99e-8d3c-4b6b-91a3-9c0000000001',NULL,NULL),
	('708d4c62-4c56-11f0-9464-6d12112379f7','483','f18fa99e-8d3c-4b6b-91a3-9c0000000001',NULL,NULL),
	('708d4ce4-4c56-11f0-9464-6d12112379f7','484','f18fa99e-8d3c-4b6b-91a3-9c0000000001',NULL,NULL),
	('708d4d5c-4c56-11f0-9464-6d12112379f7','485','f18fa99e-8d3c-4b6b-91a3-9c0000000001',NULL,NULL),
	('708d4dde-4c56-11f0-9464-6d12112379f7','486','f18fa99e-8d3c-4b6b-91a3-9c0000000001',NULL,NULL),
	('708d4e56-4c56-11f0-9464-6d12112379f7','487','f18fa99e-8d3c-4b6b-91a3-9c0000000001',NULL,NULL),
	('708d4ed8-4c56-11f0-9464-6d12112379f7','488','f18fa99e-8d3c-4b6b-91a3-9c0000000001',NULL,NULL),
	('708d4f96-4c56-11f0-9464-6d12112379f7','489','f18fa99e-8d3c-4b6b-91a3-9c0000000001',NULL,NULL),
	('708d502c-4c56-11f0-9464-6d12112379f7','490','f18fa99e-8d3c-4b6b-91a3-9c0000000001',NULL,NULL),
	('708d50b8-4c56-11f0-9464-6d12112379f7','491','f18fa99e-8d3c-4b6b-91a3-9c0000000001',NULL,NULL),
	('708d5130-4c56-11f0-9464-6d12112379f7','492','f18fa99e-8d3c-4b6b-91a3-9c0000000001',NULL,NULL),
	('708d51b2-4c56-11f0-9464-6d12112379f7','493','f18fa99e-8d3c-4b6b-91a3-9c0000000001',NULL,NULL),
	('708d5234-4c56-11f0-9464-6d12112379f7','494','f18fa99e-8d3c-4b6b-91a3-9c0000000001',NULL,NULL),
	('708d52ac-4c56-11f0-9464-6d12112379f7','495','f18fa99e-8d3c-4b6b-91a3-9c0000000001',NULL,NULL),
	('708d5338-4c56-11f0-9464-6d12112379f7','496','f18fa99e-8d3c-4b6b-91a3-9c0000000001',NULL,NULL),
	('708d53b0-4c56-11f0-9464-6d12112379f7','497','f18fa99e-8d3c-4b6b-91a3-9c0000000001',NULL,NULL),
	('708d5432-4c56-11f0-9464-6d12112379f7','498','f18fa99e-8d3c-4b6b-91a3-9c0000000001',NULL,NULL),
	('708d54aa-4c56-11f0-9464-6d12112379f7','499','f18fa99e-8d3c-4b6b-91a3-9c0000000001',NULL,NULL),
	('708d552c-4c56-11f0-9464-6d12112379f7','500','f18fa99e-8d3c-4b6b-91a3-9c0000000001',NULL,NULL),
	('708d55ae-4c56-11f0-9464-6d12112379f7','501','f18fa99e-8d3c-4b6b-91a3-9c0000000001',NULL,NULL),
	('708d572a-4c56-11f0-9464-6d12112379f7','502','f18fa99e-8d3c-4b6b-91a3-9c0000000001',NULL,NULL),
	('708d57b6-4c56-11f0-9464-6d12112379f7','503','f18fa99e-8d3c-4b6b-91a3-9c0000000001',NULL,NULL),
	('708d5842-4c56-11f0-9464-6d12112379f7','504','f18fa99e-8d3c-4b6b-91a3-9c0000000001',NULL,NULL),
	('708d5932-4c56-11f0-9464-6d12112379f7','505','f18fa99e-8d3c-4b6b-91a3-9c0000000001',NULL,NULL),
	('708d59be-4c56-11f0-9464-6d12112379f7','506','f18fa99e-8d3c-4b6b-91a3-9c0000000001',NULL,NULL),
	('708d5a40-4c56-11f0-9464-6d12112379f7','507','f18fa99e-8d3c-4b6b-91a3-9c0000000001',NULL,NULL),
	('708d5ac2-4c56-11f0-9464-6d12112379f7','508','f18fa99e-8d3c-4b6b-91a3-9c0000000001',NULL,NULL),
	('708d5b44-4c56-11f0-9464-6d12112379f7','509','f18fa99e-8d3c-4b6b-91a3-9c0000000001',NULL,NULL),
	('708d5bbc-4c56-11f0-9464-6d12112379f7','510','f18fa99e-8d3c-4b6b-91a3-9c0000000001',NULL,NULL),
	('708d5d10-4c56-11f0-9464-6d12112379f7','511','f18fa99e-8d3c-4b6b-91a3-9c0000000001',NULL,NULL),
	('708d5ebe-4c56-11f0-9464-6d12112379f7','512','f18fa99e-8d3c-4b6b-91a3-9c0000000001',NULL,NULL),
	('708d5f4a-4c56-11f0-9464-6d12112379f7','513','f18fa99e-8d3c-4b6b-91a3-9c0000000001',NULL,NULL),
	('708d5fcc-4c56-11f0-9464-6d12112379f7','514','f18fa99e-8d3c-4b6b-91a3-9c0000000001',NULL,NULL),
	('708d6058-4c56-11f0-9464-6d12112379f7','515','f18fa99e-8d3c-4b6b-91a3-9c0000000001',NULL,NULL),
	('708d60da-4c56-11f0-9464-6d12112379f7','516','f18fa99e-8d3c-4b6b-91a3-9c0000000001',NULL,NULL),
	('708d615c-4c56-11f0-9464-6d12112379f7','517','f18fa99e-8d3c-4b6b-91a3-9c0000000001',NULL,NULL),
	('708d61de-4c56-11f0-9464-6d12112379f7','518','f18fa99e-8d3c-4b6b-91a3-9c0000000001',NULL,NULL),
	('708d6260-4c56-11f0-9464-6d12112379f7','519','f18fa99e-8d3c-4b6b-91a3-9c0000000001',NULL,NULL),
	('708d62e2-4c56-11f0-9464-6d12112379f7','520','f18fa99e-8d3c-4b6b-91a3-9c0000000001',NULL,NULL),
	('708d6364-4c56-11f0-9464-6d12112379f7','521','f18fa99e-8d3c-4b6b-91a3-9c0000000001',NULL,NULL),
	('708d63e6-4c56-11f0-9464-6d12112379f7','522','f18fa99e-8d3c-4b6b-91a3-9c0000000001',NULL,NULL),
	('708d645e-4c56-11f0-9464-6d12112379f7','523','f18fa99e-8d3c-4b6b-91a3-9c0000000001',NULL,NULL),
	('708d6558-4c56-11f0-9464-6d12112379f7','524','f18fa99e-8d3c-4b6b-91a3-9c0000000001',NULL,NULL),
	('708d65da-4c56-11f0-9464-6d12112379f7','525','f18fa99e-8d3c-4b6b-91a3-9c0000000001',NULL,NULL),
	('708d665c-4c56-11f0-9464-6d12112379f7','526','f18fa99e-8d3c-4b6b-91a3-9c0000000001',NULL,NULL),
	('708d66d4-4c56-11f0-9464-6d12112379f7','527','f18fa99e-8d3c-4b6b-91a3-9c0000000001',NULL,NULL),
	('708d6756-4c56-11f0-9464-6d12112379f7','528','f18fa99e-8d3c-4b6b-91a3-9c0000000001',NULL,NULL),
	('708d67e2-4c56-11f0-9464-6d12112379f7','529','f18fa99e-8d3c-4b6b-91a3-9c0000000001',NULL,NULL),
	('708d6864-4c56-11f0-9464-6d12112379f7','530','f18fa99e-8d3c-4b6b-91a3-9c0000000001',NULL,NULL),
	('708d68dc-4c56-11f0-9464-6d12112379f7','531','f18fa99e-8d3c-4b6b-91a3-9c0000000001',NULL,NULL),
	('708d695e-4c56-11f0-9464-6d12112379f7','532','f18fa99e-8d3c-4b6b-91a3-9c0000000001',NULL,NULL),
	('708d69e0-4c56-11f0-9464-6d12112379f7','533','f18fa99e-8d3c-4b6b-91a3-9c0000000001',NULL,NULL),
	('708d6a58-4c56-11f0-9464-6d12112379f7','534','f18fa99e-8d3c-4b6b-91a3-9c0000000001',NULL,NULL),
	('708d6ada-4c56-11f0-9464-6d12112379f7','535','f18fa99e-8d3c-4b6b-91a3-9c0000000001',NULL,NULL),
	('708d6b5c-4c56-11f0-9464-6d12112379f7','536','f18fa99e-8d3c-4b6b-91a3-9c0000000001',NULL,NULL),
	('708d6bde-4c56-11f0-9464-6d12112379f7','537','f18fa99e-8d3c-4b6b-91a3-9c0000000001',NULL,NULL),
	('708d6c56-4c56-11f0-9464-6d12112379f7','538','f18fa99e-8d3c-4b6b-91a3-9c0000000001',NULL,NULL),
	('708d6cce-4c56-11f0-9464-6d12112379f7','539','f18fa99e-8d3c-4b6b-91a3-9c0000000001',NULL,NULL),
	('708d6d50-4c56-11f0-9464-6d12112379f7','540','f18fa99e-8d3c-4b6b-91a3-9c0000000001',NULL,NULL),
	('708d6e22-4c56-11f0-9464-6d12112379f7','541','f18fa99e-8d3c-4b6b-91a3-9c0000000001',NULL,NULL),
	('708d6fee-4c56-11f0-9464-6d12112379f7','542','f18fa99e-8d3c-4b6b-91a3-9c0000000001',NULL,NULL),
	('708d707a-4c56-11f0-9464-6d12112379f7','543','f18fa99e-8d3c-4b6b-91a3-9c0000000001',NULL,NULL),
	('708d7106-4c56-11f0-9464-6d12112379f7','544','f18fa99e-8d3c-4b6b-91a3-9c0000000001',NULL,NULL),
	('708d7188-4c56-11f0-9464-6d12112379f7','545','f18fa99e-8d3c-4b6b-91a3-9c0000000001',NULL,NULL),
	('708d720a-4c56-11f0-9464-6d12112379f7','546','f18fa99e-8d3c-4b6b-91a3-9c0000000001',NULL,NULL),
	('708d728c-4c56-11f0-9464-6d12112379f7','547','f18fa99e-8d3c-4b6b-91a3-9c0000000001',NULL,NULL),
	('708d730e-4c56-11f0-9464-6d12112379f7','548','f18fa99e-8d3c-4b6b-91a3-9c0000000001',NULL,NULL),
	('708d7390-4c56-11f0-9464-6d12112379f7','549','f18fa99e-8d3c-4b6b-91a3-9c0000000001',NULL,NULL),
	('708d7408-4c56-11f0-9464-6d12112379f7','550','f18fa99e-8d3c-4b6b-91a3-9c0000000001',NULL,NULL),
	('708d748a-4c56-11f0-9464-6d12112379f7','551','f18fa99e-8d3c-4b6b-91a3-9c0000000001',NULL,NULL),
	('708d750c-4c56-11f0-9464-6d12112379f7','552','f18fa99e-8d3c-4b6b-91a3-9c0000000001',NULL,NULL),
	('708d7598-4c56-11f0-9464-6d12112379f7','553','f18fa99e-8d3c-4b6b-91a3-9c0000000001',NULL,NULL),
	('708d7624-4c56-11f0-9464-6d12112379f7','554','f18fa99e-8d3c-4b6b-91a3-9c0000000001',NULL,NULL),
	('708d769c-4c56-11f0-9464-6d12112379f7','555','f18fa99e-8d3c-4b6b-91a3-9c0000000001',NULL,NULL),
	('708d771e-4c56-11f0-9464-6d12112379f7','556','f18fa99e-8d3c-4b6b-91a3-9c0000000001',NULL,NULL),
	('708d77a0-4c56-11f0-9464-6d12112379f7','557','f18fa99e-8d3c-4b6b-91a3-9c0000000001',NULL,NULL),
	('708d7822-4c56-11f0-9464-6d12112379f7','558','f18fa99e-8d3c-4b6b-91a3-9c0000000001',NULL,NULL),
	('708d78a4-4c56-11f0-9464-6d12112379f7','559','f18fa99e-8d3c-4b6b-91a3-9c0000000001',NULL,NULL),
	('708d791c-4c56-11f0-9464-6d12112379f7','560','f18fa99e-8d3c-4b6b-91a3-9c0000000001',NULL,NULL),
	('708d799e-4c56-11f0-9464-6d12112379f7','561','f18fa99e-8d3c-4b6b-91a3-9c0000000001',NULL,NULL),
	('708d7a20-4c56-11f0-9464-6d12112379f7','562','f18fa99e-8d3c-4b6b-91a3-9c0000000001',NULL,NULL),
	('708d7ad4-4c56-11f0-9464-6d12112379f7','563','f18fa99e-8d3c-4b6b-91a3-9c0000000001',NULL,NULL),
	('708d7b56-4c56-11f0-9464-6d12112379f7','564','f18fa99e-8d3c-4b6b-91a3-9c0000000001',NULL,NULL),
	('708d7bce-4c56-11f0-9464-6d12112379f7','565','f18fa99e-8d3c-4b6b-91a3-9c0000000001',NULL,NULL),
	('708d7c6e-4c56-11f0-9464-6d12112379f7','566','f18fa99e-8d3c-4b6b-91a3-9c0000000001',NULL,NULL),
	('708d7cf0-4c56-11f0-9464-6d12112379f7','567','f18fa99e-8d3c-4b6b-91a3-9c0000000001',NULL,NULL),
	('708d7d72-4c56-11f0-9464-6d12112379f7','568','f18fa99e-8d3c-4b6b-91a3-9c0000000001',NULL,NULL),
	('708d7df4-4c56-11f0-9464-6d12112379f7','569','f18fa99e-8d3c-4b6b-91a3-9c0000000001',NULL,NULL),
	('708d7e6c-4c56-11f0-9464-6d12112379f7','570','f18fa99e-8d3c-4b6b-91a3-9c0000000001',NULL,NULL),
	('708d7ef8-4c56-11f0-9464-6d12112379f7','571','f18fa99e-8d3c-4b6b-91a3-9c0000000001',NULL,NULL),
	('708d7f70-4c56-11f0-9464-6d12112379f7','572','f18fa99e-8d3c-4b6b-91a3-9c0000000001',NULL,NULL),
	('708d7ff2-4c56-11f0-9464-6d12112379f7','573','f18fa99e-8d3c-4b6b-91a3-9c0000000001',NULL,NULL),
	('708d8074-4c56-11f0-9464-6d12112379f7','574','f18fa99e-8d3c-4b6b-91a3-9c0000000001',NULL,NULL),
	('708d80ec-4c56-11f0-9464-6d12112379f7','575','f18fa99e-8d3c-4b6b-91a3-9c0000000001',NULL,NULL),
	('708d816e-4c56-11f0-9464-6d12112379f7','576','f18fa99e-8d3c-4b6b-91a3-9c0000000001',NULL,NULL),
	('708d8c4a-4c56-11f0-9464-6d12112379f7','577','f18fa99e-8d3c-4b6b-91a3-9c0000000001',NULL,NULL),
	('708d8cfe-4c56-11f0-9464-6d12112379f7','578','f18fa99e-8d3c-4b6b-91a3-9c0000000001',NULL,NULL),
	('708d8d9e-4c56-11f0-9464-6d12112379f7','579','f18fa99e-8d3c-4b6b-91a3-9c0000000001',NULL,NULL),
	('708d8e2a-4c56-11f0-9464-6d12112379f7','580','f18fa99e-8d3c-4b6b-91a3-9c0000000001',NULL,NULL),
	('708d8ea2-4c56-11f0-9464-6d12112379f7','581','f18fa99e-8d3c-4b6b-91a3-9c0000000001',NULL,NULL),
	('708d8f24-4c56-11f0-9464-6d12112379f7','582','f18fa99e-8d3c-4b6b-91a3-9c0000000001',NULL,NULL),
	('708d8fa6-4c56-11f0-9464-6d12112379f7','583','f18fa99e-8d3c-4b6b-91a3-9c0000000001',NULL,NULL),
	('708dad2e-4c56-11f0-9464-6d12112379f7','584','f18fa99e-8d3c-4b6b-91a3-9c0000000001',NULL,NULL),
	('708dae14-4c56-11f0-9464-6d12112379f7','585','f18fa99e-8d3c-4b6b-91a3-9c0000000001',NULL,NULL),
	('708daeaa-4c56-11f0-9464-6d12112379f7','586','f18fa99e-8d3c-4b6b-91a3-9c0000000001',NULL,NULL),
	('708daf36-4c56-11f0-9464-6d12112379f7','587','f18fa99e-8d3c-4b6b-91a3-9c0000000001',NULL,NULL),
	('708dafb8-4c56-11f0-9464-6d12112379f7','588','f18fa99e-8d3c-4b6b-91a3-9c0000000001',NULL,NULL),
	('708db03a-4c56-11f0-9464-6d12112379f7','589','f18fa99e-8d3c-4b6b-91a3-9c0000000001',NULL,NULL),
	('708db0bc-4c56-11f0-9464-6d12112379f7','590','f18fa99e-8d3c-4b6b-91a3-9c0000000001',NULL,NULL),
	('708db134-4c56-11f0-9464-6d12112379f7','591','f18fa99e-8d3c-4b6b-91a3-9c0000000001',NULL,NULL),
	('708db1e8-4c56-11f0-9464-6d12112379f7','592','f18fa99e-8d3c-4b6b-91a3-9c0000000001',NULL,NULL),
	('708db26a-4c56-11f0-9464-6d12112379f7','593','f18fa99e-8d3c-4b6b-91a3-9c0000000001',NULL,NULL),
	('708db2ec-4c56-11f0-9464-6d12112379f7','594','f18fa99e-8d3c-4b6b-91a3-9c0000000001',NULL,NULL),
	('708db364-4c56-11f0-9464-6d12112379f7','595','f18fa99e-8d3c-4b6b-91a3-9c0000000001',NULL,NULL),
	('708db3dc-4c56-11f0-9464-6d12112379f7','596','f18fa99e-8d3c-4b6b-91a3-9c0000000001',NULL,NULL),
	('708db45e-4c56-11f0-9464-6d12112379f7','597','f18fa99e-8d3c-4b6b-91a3-9c0000000001',NULL,NULL),
	('708db4d6-4c56-11f0-9464-6d12112379f7','598','f18fa99e-8d3c-4b6b-91a3-9c0000000001',NULL,NULL),
	('708db576-4c56-11f0-9464-6d12112379f7','599','f18fa99e-8d3c-4b6b-91a3-9c0000000001',NULL,NULL),
	('708db5ee-4c56-11f0-9464-6d12112379f7','600','f18fa99e-8d3c-4b6b-91a3-9c0000000001',NULL,NULL),
	('708db666-4c56-11f0-9464-6d12112379f7','601','f18fa99e-8d3c-4b6b-91a3-9c0000000001',NULL,NULL),
	('708db6e8-4c56-11f0-9464-6d12112379f7','602','f18fa99e-8d3c-4b6b-91a3-9c0000000001',NULL,NULL),
	('708db760-4c56-11f0-9464-6d12112379f7','603','f18fa99e-8d3c-4b6b-91a3-9c0000000001',NULL,NULL),
	('708db7d8-4c56-11f0-9464-6d12112379f7','604','f18fa99e-8d3c-4b6b-91a3-9c0000000001',NULL,NULL),
	('708db864-4c56-11f0-9464-6d12112379f7','605','f18fa99e-8d3c-4b6b-91a3-9c0000000001',NULL,NULL),
	('708db8dc-4c56-11f0-9464-6d12112379f7','606','f18fa99e-8d3c-4b6b-91a3-9c0000000001',NULL,NULL),
	('708db954-4c56-11f0-9464-6d12112379f7','607','f18fa99e-8d3c-4b6b-91a3-9c0000000001',NULL,NULL),
	('708db9d6-4c56-11f0-9464-6d12112379f7','608','f18fa99e-8d3c-4b6b-91a3-9c0000000001',NULL,NULL),
	('708dba4e-4c56-11f0-9464-6d12112379f7','609','f18fa99e-8d3c-4b6b-91a3-9c0000000001',NULL,NULL),
	('708dbac6-4c56-11f0-9464-6d12112379f7','610','f18fa99e-8d3c-4b6b-91a3-9c0000000001',NULL,NULL),
	('708dbb48-4c56-11f0-9464-6d12112379f7','611','f18fa99e-8d3c-4b6b-91a3-9c0000000001',NULL,NULL),
	('708dbbc0-4c56-11f0-9464-6d12112379f7','612','f18fa99e-8d3c-4b6b-91a3-9c0000000001',NULL,NULL),
	('708dbc38-4c56-11f0-9464-6d12112379f7','613','f18fa99e-8d3c-4b6b-91a3-9c0000000001',NULL,NULL),
	('708dbcba-4c56-11f0-9464-6d12112379f7','614','f18fa99e-8d3c-4b6b-91a3-9c0000000001',NULL,NULL),
	('708dbd32-4c56-11f0-9464-6d12112379f7','615','f18fa99e-8d3c-4b6b-91a3-9c0000000001',NULL,NULL),
	('708dbdb4-4c56-11f0-9464-6d12112379f7','616','f18fa99e-8d3c-4b6b-91a3-9c0000000001',NULL,NULL),
	('708dbe2c-4c56-11f0-9464-6d12112379f7','617','f18fa99e-8d3c-4b6b-91a3-9c0000000001',NULL,NULL),
	('708dbeae-4c56-11f0-9464-6d12112379f7','618','f18fa99e-8d3c-4b6b-91a3-9c0000000001',NULL,NULL),
	('708dbf26-4c56-11f0-9464-6d12112379f7','619','f18fa99e-8d3c-4b6b-91a3-9c0000000001',NULL,NULL),
	('708dbf9e-4c56-11f0-9464-6d12112379f7','620','f18fa99e-8d3c-4b6b-91a3-9c0000000001',NULL,NULL),
	('708dc020-4c56-11f0-9464-6d12112379f7','621','f18fa99e-8d3c-4b6b-91a3-9c0000000001',NULL,NULL),
	('708dc098-4c56-11f0-9464-6d12112379f7','622','f18fa99e-8d3c-4b6b-91a3-9c0000000001',NULL,NULL),
	('708dc110-4c56-11f0-9464-6d12112379f7','623','f18fa99e-8d3c-4b6b-91a3-9c0000000001',NULL,NULL),
	('708dc192-4c56-11f0-9464-6d12112379f7','624','f18fa99e-8d3c-4b6b-91a3-9c0000000001',NULL,NULL),
	('708dc20a-4c56-11f0-9464-6d12112379f7','625','f18fa99e-8d3c-4b6b-91a3-9c0000000001',NULL,NULL),
	('708dc282-4c56-11f0-9464-6d12112379f7','626','f18fa99e-8d3c-4b6b-91a3-9c0000000001',NULL,NULL),
	('708dc304-4c56-11f0-9464-6d12112379f7','627','f18fa99e-8d3c-4b6b-91a3-9c0000000001',NULL,NULL),
	('708dc37c-4c56-11f0-9464-6d12112379f7','628','f18fa99e-8d3c-4b6b-91a3-9c0000000001',NULL,NULL),
	('708dc3fe-4c56-11f0-9464-6d12112379f7','629','f18fa99e-8d3c-4b6b-91a3-9c0000000001',NULL,NULL),
	('708dc4a8-4c56-11f0-9464-6d12112379f7','630','f18fa99e-8d3c-4b6b-91a3-9c0000000001',NULL,NULL),
	('708dc552-4c56-11f0-9464-6d12112379f7','631','f18fa99e-8d3c-4b6b-91a3-9c0000000001',NULL,NULL),
	('708dc5f2-4c56-11f0-9464-6d12112379f7','632','f18fa99e-8d3c-4b6b-91a3-9c0000000001',NULL,NULL),
	('708dc69c-4c56-11f0-9464-6d12112379f7','633','f18fa99e-8d3c-4b6b-91a3-9c0000000001',NULL,NULL),
	('708dc73c-4c56-11f0-9464-6d12112379f7','634','f18fa99e-8d3c-4b6b-91a3-9c0000000001',NULL,NULL),
	('708dc7e6-4c56-11f0-9464-6d12112379f7','635','f18fa99e-8d3c-4b6b-91a3-9c0000000001',NULL,NULL),
	('708dc886-4c56-11f0-9464-6d12112379f7','636','f18fa99e-8d3c-4b6b-91a3-9c0000000001',NULL,NULL),
	('708dc930-4c56-11f0-9464-6d12112379f7','637','f18fa99e-8d3c-4b6b-91a3-9c0000000001',NULL,NULL),
	('708dc9da-4c56-11f0-9464-6d12112379f7','638','f18fa99e-8d3c-4b6b-91a3-9c0000000001',NULL,NULL),
	('708dcab6-4c56-11f0-9464-6d12112379f7','639','f18fa99e-8d3c-4b6b-91a3-9c0000000001',NULL,NULL),
	('708dcb56-4c56-11f0-9464-6d12112379f7','640','f18fa99e-8d3c-4b6b-91a3-9c0000000001',NULL,NULL),
	('708dcc00-4c56-11f0-9464-6d12112379f7','641','f18fa99e-8d3c-4b6b-91a3-9c0000000001',NULL,NULL),
	('708dcca0-4c56-11f0-9464-6d12112379f7','642','f18fa99e-8d3c-4b6b-91a3-9c0000000001',NULL,NULL),
	('708dcda4-4c56-11f0-9464-6d12112379f7','643','f18fa99e-8d3c-4b6b-91a3-9c0000000001',NULL,NULL),
	('708dfe28-4c56-11f0-9464-6d12112379f7','644','f18fa99e-8d3c-4b6b-91a3-9c0000000001',NULL,NULL),
	('708dffae-4c56-11f0-9464-6d12112379f7','645','f18fa99e-8d3c-4b6b-91a3-9c0000000001',NULL,NULL),
	('708e0080-4c56-11f0-9464-6d12112379f7','646','f18fa99e-8d3c-4b6b-91a3-9c0000000001',NULL,NULL),
	('708e0148-4c56-11f0-9464-6d12112379f7','647','f18fa99e-8d3c-4b6b-91a3-9c0000000001',NULL,NULL),
	('708e01fc-4c56-11f0-9464-6d12112379f7','648','f18fa99e-8d3c-4b6b-91a3-9c0000000001',NULL,NULL),
	('708e02ba-4c56-11f0-9464-6d12112379f7','649','f18fa99e-8d3c-4b6b-91a3-9c0000000001',NULL,NULL),
	('708e036e-4c56-11f0-9464-6d12112379f7','650','f18fa99e-8d3c-4b6b-91a3-9c0000000001',NULL,NULL),
	('708e0422-4c56-11f0-9464-6d12112379f7','651','f18fa99e-8d3c-4b6b-91a3-9c0000000001',NULL,NULL),
	('708e0698-4c56-11f0-9464-6d12112379f7','652','f18fa99e-8d3c-4b6b-91a3-9c0000000001',NULL,NULL),
	('708e076a-4c56-11f0-9464-6d12112379f7','653','f18fa99e-8d3c-4b6b-91a3-9c0000000001',NULL,NULL),
	('708e081e-4c56-11f0-9464-6d12112379f7','654','f18fa99e-8d3c-4b6b-91a3-9c0000000001',NULL,NULL),
	('708e08d2-4c56-11f0-9464-6d12112379f7','655','f18fa99e-8d3c-4b6b-91a3-9c0000000001',NULL,NULL),
	('708e0990-4c56-11f0-9464-6d12112379f7','656','f18fa99e-8d3c-4b6b-91a3-9c0000000001',NULL,NULL),
	('708e0a44-4c56-11f0-9464-6d12112379f7','657','f18fa99e-8d3c-4b6b-91a3-9c0000000001',NULL,NULL),
	('708e0af8-4c56-11f0-9464-6d12112379f7','658','f18fa99e-8d3c-4b6b-91a3-9c0000000001',NULL,NULL),
	('708e0bac-4c56-11f0-9464-6d12112379f7','659','f18fa99e-8d3c-4b6b-91a3-9c0000000001',NULL,NULL),
	('708e0c56-4c56-11f0-9464-6d12112379f7','660','f18fa99e-8d3c-4b6b-91a3-9c0000000001',NULL,NULL),
	('708e0d0a-4c56-11f0-9464-6d12112379f7','661','f18fa99e-8d3c-4b6b-91a3-9c0000000001',NULL,NULL),
	('708e0db4-4c56-11f0-9464-6d12112379f7','662','f18fa99e-8d3c-4b6b-91a3-9c0000000001',NULL,NULL),
	('708e0e5e-4c56-11f0-9464-6d12112379f7','663','f18fa99e-8d3c-4b6b-91a3-9c0000000001',NULL,NULL),
	('708e0f08-4c56-11f0-9464-6d12112379f7','664','f18fa99e-8d3c-4b6b-91a3-9c0000000001',NULL,NULL),
	('708e0fb2-4c56-11f0-9464-6d12112379f7','665','f18fa99e-8d3c-4b6b-91a3-9c0000000001',NULL,NULL),
	('708e105c-4c56-11f0-9464-6d12112379f7','666','f18fa99e-8d3c-4b6b-91a3-9c0000000001',NULL,NULL),
	('708e1106-4c56-11f0-9464-6d12112379f7','667','f18fa99e-8d3c-4b6b-91a3-9c0000000001',NULL,NULL),
	('708e11b0-4c56-11f0-9464-6d12112379f7','668','f18fa99e-8d3c-4b6b-91a3-9c0000000001',NULL,NULL),
	('708e1282-4c56-11f0-9464-6d12112379f7','669','f18fa99e-8d3c-4b6b-91a3-9c0000000001',NULL,NULL),
	('708e132c-4c56-11f0-9464-6d12112379f7','670','f18fa99e-8d3c-4b6b-91a3-9c0000000001',NULL,NULL),
	('708e13e0-4c56-11f0-9464-6d12112379f7','671','f18fa99e-8d3c-4b6b-91a3-9c0000000001',NULL,NULL),
	('708e148a-4c56-11f0-9464-6d12112379f7','672','f18fa99e-8d3c-4b6b-91a3-9c0000000001',NULL,NULL),
	('708e153e-4c56-11f0-9464-6d12112379f7','673','f18fa99e-8d3c-4b6b-91a3-9c0000000001',NULL,NULL),
	('708e15e8-4c56-11f0-9464-6d12112379f7','674','f18fa99e-8d3c-4b6b-91a3-9c0000000001',NULL,NULL),
	('708e169c-4c56-11f0-9464-6d12112379f7','675','f18fa99e-8d3c-4b6b-91a3-9c0000000001',NULL,NULL),
	('708e1746-4c56-11f0-9464-6d12112379f7','676','f18fa99e-8d3c-4b6b-91a3-9c0000000001',NULL,NULL),
	('708e17f0-4c56-11f0-9464-6d12112379f7','677','f18fa99e-8d3c-4b6b-91a3-9c0000000001',NULL,NULL),
	('708e189a-4c56-11f0-9464-6d12112379f7','678','f18fa99e-8d3c-4b6b-91a3-9c0000000001',NULL,NULL),
	('708e1944-4c56-11f0-9464-6d12112379f7','679','f18fa99e-8d3c-4b6b-91a3-9c0000000001',NULL,NULL),
	('708e19ee-4c56-11f0-9464-6d12112379f7','680','f18fa99e-8d3c-4b6b-91a3-9c0000000001',NULL,NULL),
	('708e1a98-4c56-11f0-9464-6d12112379f7','681','f18fa99e-8d3c-4b6b-91a3-9c0000000001',NULL,NULL),
	('708e1b4c-4c56-11f0-9464-6d12112379f7','682','f18fa99e-8d3c-4b6b-91a3-9c0000000001',NULL,NULL),
	('708e1bf6-4c56-11f0-9464-6d12112379f7','683','f18fa99e-8d3c-4b6b-91a3-9c0000000001',NULL,NULL),
	('708e1ca0-4c56-11f0-9464-6d12112379f7','684','f18fa99e-8d3c-4b6b-91a3-9c0000000001',NULL,NULL),
	('708e1d4a-4c56-11f0-9464-6d12112379f7','685','f18fa99e-8d3c-4b6b-91a3-9c0000000001',NULL,NULL),
	('708e1e30-4c56-11f0-9464-6d12112379f7','686','f18fa99e-8d3c-4b6b-91a3-9c0000000001',NULL,NULL),
	('708e1eda-4c56-11f0-9464-6d12112379f7','687','f18fa99e-8d3c-4b6b-91a3-9c0000000001',NULL,NULL),
	('708e1f84-4c56-11f0-9464-6d12112379f7','688','f18fa99e-8d3c-4b6b-91a3-9c0000000001',NULL,NULL),
	('708e202e-4c56-11f0-9464-6d12112379f7','689','f18fa99e-8d3c-4b6b-91a3-9c0000000001',NULL,NULL),
	('708e20d8-4c56-11f0-9464-6d12112379f7','690','f18fa99e-8d3c-4b6b-91a3-9c0000000001',NULL,NULL),
	('708e2182-4c56-11f0-9464-6d12112379f7','691','f18fa99e-8d3c-4b6b-91a3-9c0000000001',NULL,NULL),
	('708e2e02-4c56-11f0-9464-6d12112379f7','692','f18fa99e-8d3c-4b6b-91a3-9c0000000001',NULL,NULL),
	('708e2f24-4c56-11f0-9464-6d12112379f7','693','f18fa99e-8d3c-4b6b-91a3-9c0000000001',NULL,NULL),
	('708e2ff6-4c56-11f0-9464-6d12112379f7','694','f18fa99e-8d3c-4b6b-91a3-9c0000000001',NULL,NULL),
	('708e30fa-4c56-11f0-9464-6d12112379f7','695','f18fa99e-8d3c-4b6b-91a3-9c0000000001',NULL,NULL),
	('708e31c2-4c56-11f0-9464-6d12112379f7','696','f18fa99e-8d3c-4b6b-91a3-9c0000000001',NULL,NULL),
	('708e3276-4c56-11f0-9464-6d12112379f7','697','f18fa99e-8d3c-4b6b-91a3-9c0000000001',NULL,NULL),
	('708e332a-4c56-11f0-9464-6d12112379f7','698','f18fa99e-8d3c-4b6b-91a3-9c0000000001',NULL,NULL),
	('708e33de-4c56-11f0-9464-6d12112379f7','699','f18fa99e-8d3c-4b6b-91a3-9c0000000001',NULL,NULL),
	('708e3492-4c56-11f0-9464-6d12112379f7','700','f18fa99e-8d3c-4b6b-91a3-9c0000000001',NULL,NULL),
	('708e353c-4c56-11f0-9464-6d12112379f7','701','f18fa99e-8d3c-4b6b-91a3-9c0000000001',NULL,NULL),
	('708e35e6-4c56-11f0-9464-6d12112379f7','702','f18fa99e-8d3c-4b6b-91a3-9c0000000001',NULL,NULL),
	('708e3690-4c56-11f0-9464-6d12112379f7','703','f18fa99e-8d3c-4b6b-91a3-9c0000000001',NULL,NULL),
	('708e3744-4c56-11f0-9464-6d12112379f7','704','f18fa99e-8d3c-4b6b-91a3-9c0000000001',NULL,NULL),
	('708e37ee-4c56-11f0-9464-6d12112379f7','705','f18fa99e-8d3c-4b6b-91a3-9c0000000001',NULL,NULL),
	('708e3898-4c56-11f0-9464-6d12112379f7','706','f18fa99e-8d3c-4b6b-91a3-9c0000000001',NULL,NULL),
	('708e3942-4c56-11f0-9464-6d12112379f7','707','f18fa99e-8d3c-4b6b-91a3-9c0000000001',NULL,NULL),
	('708e39f6-4c56-11f0-9464-6d12112379f7','708','f18fa99e-8d3c-4b6b-91a3-9c0000000001',NULL,NULL),
	('708e3aa0-4c56-11f0-9464-6d12112379f7','709','f18fa99e-8d3c-4b6b-91a3-9c0000000001',NULL,NULL),
	('708e3b54-4c56-11f0-9464-6d12112379f7','710','f18fa99e-8d3c-4b6b-91a3-9c0000000001',NULL,NULL),
	('708e3bfe-4c56-11f0-9464-6d12112379f7','711','f18fa99e-8d3c-4b6b-91a3-9c0000000001',NULL,NULL),
	('708e3ca8-4c56-11f0-9464-6d12112379f7','712','f18fa99e-8d3c-4b6b-91a3-9c0000000001',NULL,NULL),
	('708e3d52-4c56-11f0-9464-6d12112379f7','713','f18fa99e-8d3c-4b6b-91a3-9c0000000001',NULL,NULL),
	('708e3dfc-4c56-11f0-9464-6d12112379f7','714','f18fa99e-8d3c-4b6b-91a3-9c0000000001',NULL,NULL),
	('708e3ea6-4c56-11f0-9464-6d12112379f7','715','f18fa99e-8d3c-4b6b-91a3-9c0000000001',NULL,NULL),
	('708e3f50-4c56-11f0-9464-6d12112379f7','716','f18fa99e-8d3c-4b6b-91a3-9c0000000001',NULL,NULL),
	('708e3ffa-4c56-11f0-9464-6d12112379f7','717','f18fa99e-8d3c-4b6b-91a3-9c0000000001',NULL,NULL),
	('708e40a4-4c56-11f0-9464-6d12112379f7','718','f18fa99e-8d3c-4b6b-91a3-9c0000000001',NULL,NULL),
	('708e4158-4c56-11f0-9464-6d12112379f7','719','f18fa99e-8d3c-4b6b-91a3-9c0000000001',NULL,NULL),
	('708e4202-4c56-11f0-9464-6d12112379f7','720','f18fa99e-8d3c-4b6b-91a3-9c0000000001',NULL,NULL),
	('708e42b6-4c56-11f0-9464-6d12112379f7','721','f18fa99e-8d3c-4b6b-91a3-9c0000000001',NULL,NULL),
	('708e4360-4c56-11f0-9464-6d12112379f7','722','f18fa99e-8d3c-4b6b-91a3-9c0000000001',NULL,NULL),
	('708e440a-4c56-11f0-9464-6d12112379f7','723','f18fa99e-8d3c-4b6b-91a3-9c0000000001',NULL,NULL),
	('708e454a-4c56-11f0-9464-6d12112379f7','724','f18fa99e-8d3c-4b6b-91a3-9c0000000001',NULL,NULL),
	('708e47de-4c56-11f0-9464-6d12112379f7','725','f18fa99e-8d3c-4b6b-91a3-9c0000000001',NULL,NULL),
	('708e48ba-4c56-11f0-9464-6d12112379f7','726','f18fa99e-8d3c-4b6b-91a3-9c0000000001',NULL,NULL),
	('708e496e-4c56-11f0-9464-6d12112379f7','727','f18fa99e-8d3c-4b6b-91a3-9c0000000001',NULL,NULL),
	('708e4a18-4c56-11f0-9464-6d12112379f7','728','f18fa99e-8d3c-4b6b-91a3-9c0000000001',NULL,NULL),
	('708e4ac2-4c56-11f0-9464-6d12112379f7','729','f18fa99e-8d3c-4b6b-91a3-9c0000000001',NULL,NULL),
	('708e4b6c-4c56-11f0-9464-6d12112379f7','730','f18fa99e-8d3c-4b6b-91a3-9c0000000001',NULL,NULL),
	('708e4c20-4c56-11f0-9464-6d12112379f7','731','f18fa99e-8d3c-4b6b-91a3-9c0000000001',NULL,NULL),
	('708e4cc0-4c56-11f0-9464-6d12112379f7','732','f18fa99e-8d3c-4b6b-91a3-9c0000000001',NULL,NULL),
	('708e4d6a-4c56-11f0-9464-6d12112379f7','733','f18fa99e-8d3c-4b6b-91a3-9c0000000001',NULL,NULL),
	('708e4e1e-4c56-11f0-9464-6d12112379f7','734','f18fa99e-8d3c-4b6b-91a3-9c0000000001',NULL,NULL),
	('708e4ec8-4c56-11f0-9464-6d12112379f7','735','f18fa99e-8d3c-4b6b-91a3-9c0000000001',NULL,NULL),
	('708e4f7c-4c56-11f0-9464-6d12112379f7','736','f18fa99e-8d3c-4b6b-91a3-9c0000000001',NULL,NULL),
	('708e5026-4c56-11f0-9464-6d12112379f7','737','f18fa99e-8d3c-4b6b-91a3-9c0000000001',NULL,NULL),
	('708e50d0-4c56-11f0-9464-6d12112379f7','738','f18fa99e-8d3c-4b6b-91a3-9c0000000001',NULL,NULL),
	('708e515c-4c56-11f0-9464-6d12112379f7','739','f18fa99e-8d3c-4b6b-91a3-9c0000000001',NULL,NULL),
	('708e51de-4c56-11f0-9464-6d12112379f7','740','f18fa99e-8d3c-4b6b-91a3-9c0000000001',NULL,NULL),
	('708e5256-4c56-11f0-9464-6d12112379f7','741','f18fa99e-8d3c-4b6b-91a3-9c0000000001',NULL,NULL),
	('708e52d8-4c56-11f0-9464-6d12112379f7','742','f18fa99e-8d3c-4b6b-91a3-9c0000000001',NULL,NULL),
	('708e5350-4c56-11f0-9464-6d12112379f7','743','f18fa99e-8d3c-4b6b-91a3-9c0000000001',NULL,NULL),
	('708e53d2-4c56-11f0-9464-6d12112379f7','744','f18fa99e-8d3c-4b6b-91a3-9c0000000001',NULL,NULL),
	('708e544a-4c56-11f0-9464-6d12112379f7','745','f18fa99e-8d3c-4b6b-91a3-9c0000000001',NULL,NULL),
	('708e54cc-4c56-11f0-9464-6d12112379f7','746','f18fa99e-8d3c-4b6b-91a3-9c0000000001',NULL,NULL),
	('708e56b6-4c56-11f0-9464-6d12112379f7','747','f18fa99e-8d3c-4b6b-91a3-9c0000000001',NULL,NULL),
	('708e574c-4c56-11f0-9464-6d12112379f7','748','f18fa99e-8d3c-4b6b-91a3-9c0000000001',NULL,NULL),
	('708e57ce-4c56-11f0-9464-6d12112379f7','749','f18fa99e-8d3c-4b6b-91a3-9c0000000001',NULL,NULL),
	('708e5850-4c56-11f0-9464-6d12112379f7','750','f18fa99e-8d3c-4b6b-91a3-9c0000000001',NULL,NULL),
	('708e58c8-4c56-11f0-9464-6d12112379f7','751','f18fa99e-8d3c-4b6b-91a3-9c0000000001',NULL,NULL),
	('708e594a-4c56-11f0-9464-6d12112379f7','752','f18fa99e-8d3c-4b6b-91a3-9c0000000001',NULL,NULL),
	('708e59cc-4c56-11f0-9464-6d12112379f7','753','f18fa99e-8d3c-4b6b-91a3-9c0000000001',NULL,NULL),
	('708e5a44-4c56-11f0-9464-6d12112379f7','754','f18fa99e-8d3c-4b6b-91a3-9c0000000001',NULL,NULL),
	('708e5ac6-4c56-11f0-9464-6d12112379f7','755','f18fa99e-8d3c-4b6b-91a3-9c0000000001',NULL,NULL),
	('708e5b3e-4c56-11f0-9464-6d12112379f7','756','f18fa99e-8d3c-4b6b-91a3-9c0000000001',NULL,NULL),
	('708e5bc0-4c56-11f0-9464-6d12112379f7','757','f18fa99e-8d3c-4b6b-91a3-9c0000000001',NULL,NULL),
	('708e5c42-4c56-11f0-9464-6d12112379f7','758','f18fa99e-8d3c-4b6b-91a3-9c0000000001',NULL,NULL),
	('708e5cce-4c56-11f0-9464-6d12112379f7','759','f18fa99e-8d3c-4b6b-91a3-9c0000000001',NULL,NULL),
	('708e5d78-4c56-11f0-9464-6d12112379f7','760','f18fa99e-8d3c-4b6b-91a3-9c0000000001',NULL,NULL),
	('708e5e9a-4c56-11f0-9464-6d12112379f7','761','f18fa99e-8d3c-4b6b-91a3-9c0000000001',NULL,NULL),
	('708e5f30-4c56-11f0-9464-6d12112379f7','762','f18fa99e-8d3c-4b6b-91a3-9c0000000001',NULL,NULL),
	('708e5fb2-4c56-11f0-9464-6d12112379f7','763','f18fa99e-8d3c-4b6b-91a3-9c0000000001',NULL,NULL),
	('708e6034-4c56-11f0-9464-6d12112379f7','764','f18fa99e-8d3c-4b6b-91a3-9c0000000001',NULL,NULL),
	('708e60ac-4c56-11f0-9464-6d12112379f7','765','f18fa99e-8d3c-4b6b-91a3-9c0000000001',NULL,NULL),
	('708e612e-4c56-11f0-9464-6d12112379f7','766','f18fa99e-8d3c-4b6b-91a3-9c0000000001',NULL,NULL),
	('708e61b0-4c56-11f0-9464-6d12112379f7','767','f18fa99e-8d3c-4b6b-91a3-9c0000000001',NULL,NULL),
	('708e6228-4c56-11f0-9464-6d12112379f7','768','f18fa99e-8d3c-4b6b-91a3-9c0000000001',NULL,NULL),
	('708e62aa-4c56-11f0-9464-6d12112379f7','769','f18fa99e-8d3c-4b6b-91a3-9c0000000001',NULL,NULL),
	('708e6322-4c56-11f0-9464-6d12112379f7','770','f18fa99e-8d3c-4b6b-91a3-9c0000000001',NULL,NULL),
	('708e639a-4c56-11f0-9464-6d12112379f7','771','f18fa99e-8d3c-4b6b-91a3-9c0000000001',NULL,NULL),
	('708e643a-4c56-11f0-9464-6d12112379f7','772','f18fa99e-8d3c-4b6b-91a3-9c0000000001',NULL,NULL),
	('708e64b2-4c56-11f0-9464-6d12112379f7','773','f18fa99e-8d3c-4b6b-91a3-9c0000000001',NULL,NULL),
	('708e6534-4c56-11f0-9464-6d12112379f7','774','f18fa99e-8d3c-4b6b-91a3-9c0000000001',NULL,NULL),
	('708e65b6-4c56-11f0-9464-6d12112379f7','775','f18fa99e-8d3c-4b6b-91a3-9c0000000001',NULL,NULL),
	('708e662e-4c56-11f0-9464-6d12112379f7','776','f18fa99e-8d3c-4b6b-91a3-9c0000000001',NULL,NULL),
	('708e66b0-4c56-11f0-9464-6d12112379f7','777','f18fa99e-8d3c-4b6b-91a3-9c0000000001',NULL,NULL),
	('708e6732-4c56-11f0-9464-6d12112379f7','778','f18fa99e-8d3c-4b6b-91a3-9c0000000001',NULL,NULL),
	('708e67aa-4c56-11f0-9464-6d12112379f7','779','f18fa99e-8d3c-4b6b-91a3-9c0000000001',NULL,NULL),
	('708e682c-4c56-11f0-9464-6d12112379f7','780','f18fa99e-8d3c-4b6b-91a3-9c0000000001',NULL,NULL),
	('708e68a4-4c56-11f0-9464-6d12112379f7','781','f18fa99e-8d3c-4b6b-91a3-9c0000000001',NULL,NULL),
	('708e6926-4c56-11f0-9464-6d12112379f7','782','f18fa99e-8d3c-4b6b-91a3-9c0000000001',NULL,NULL),
	('708e699e-4c56-11f0-9464-6d12112379f7','783','f18fa99e-8d3c-4b6b-91a3-9c0000000001',NULL,NULL),
	('708e6a20-4c56-11f0-9464-6d12112379f7','784','f18fa99e-8d3c-4b6b-91a3-9c0000000001',NULL,NULL),
	('708e6a98-4c56-11f0-9464-6d12112379f7','785','f18fa99e-8d3c-4b6b-91a3-9c0000000001',NULL,NULL),
	('708e6b1a-4c56-11f0-9464-6d12112379f7','786','f18fa99e-8d3c-4b6b-91a3-9c0000000001',NULL,NULL),
	('708e6b9c-4c56-11f0-9464-6d12112379f7','787','f18fa99e-8d3c-4b6b-91a3-9c0000000001',NULL,NULL),
	('708e6c1e-4c56-11f0-9464-6d12112379f7','788','f18fa99e-8d3c-4b6b-91a3-9c0000000001',NULL,NULL),
	('708e6c96-4c56-11f0-9464-6d12112379f7','789','f18fa99e-8d3c-4b6b-91a3-9c0000000001',NULL,NULL),
	('708e6d18-4c56-11f0-9464-6d12112379f7','790','f18fa99e-8d3c-4b6b-91a3-9c0000000001',NULL,NULL),
	('708e6d9a-4c56-11f0-9464-6d12112379f7','791','f18fa99e-8d3c-4b6b-91a3-9c0000000001',NULL,NULL),
	('708e6e12-4c56-11f0-9464-6d12112379f7','792','f18fa99e-8d3c-4b6b-91a3-9c0000000001',NULL,NULL),
	('708e6e8a-4c56-11f0-9464-6d12112379f7','793','f18fa99e-8d3c-4b6b-91a3-9c0000000001',NULL,NULL),
	('708e6f0c-4c56-11f0-9464-6d12112379f7','794','f18fa99e-8d3c-4b6b-91a3-9c0000000001',NULL,NULL),
	('708e6f84-4c56-11f0-9464-6d12112379f7','795','f18fa99e-8d3c-4b6b-91a3-9c0000000001',NULL,NULL),
	('708e7006-4c56-11f0-9464-6d12112379f7','796','f18fa99e-8d3c-4b6b-91a3-9c0000000001',NULL,NULL),
	('708e707e-4c56-11f0-9464-6d12112379f7','797','f18fa99e-8d3c-4b6b-91a3-9c0000000001',NULL,NULL),
	('708e7128-4c56-11f0-9464-6d12112379f7','798','f18fa99e-8d3c-4b6b-91a3-9c0000000001',NULL,NULL),
	('708e71aa-4c56-11f0-9464-6d12112379f7','799','f18fa99e-8d3c-4b6b-91a3-9c0000000001',NULL,NULL),
	('708e72ae-4c56-11f0-9464-6d12112379f7','800','f18fa99e-8d3c-4b6b-91a3-9c0000000001',NULL,NULL),
	('708e73a8-4c56-11f0-9464-6d12112379f7','801','f18fa99e-8d3c-4b6b-91a3-9c0000000001',NULL,NULL),
	('708e76dc-4c56-11f0-9464-6d12112379f7','802','f18fa99e-8d3c-4b6b-91a3-9c0000000001',NULL,NULL),
	('708e77ae-4c56-11f0-9464-6d12112379f7','803','f18fa99e-8d3c-4b6b-91a3-9c0000000001',NULL,NULL),
	('708e78f8-4c56-11f0-9464-6d12112379f7','804','f18fa99e-8d3c-4b6b-91a3-9c0000000001',NULL,NULL),
	('708e798e-4c56-11f0-9464-6d12112379f7','805','f18fa99e-8d3c-4b6b-91a3-9c0000000001',NULL,NULL),
	('708e7a56-4c56-11f0-9464-6d12112379f7','806','f18fa99e-8d3c-4b6b-91a3-9c0000000001',NULL,NULL),
	('708e8d48-4c56-11f0-9464-6d12112379f7','807','f18fa99e-8d3c-4b6b-91a3-9c0000000001',NULL,NULL),
	('708e8ed8-4c56-11f0-9464-6d12112379f7','808','f18fa99e-8d3c-4b6b-91a3-9c0000000001',NULL,NULL),
	('708e8f78-4c56-11f0-9464-6d12112379f7','809','f18fa99e-8d3c-4b6b-91a3-9c0000000001',NULL,NULL),
	('708e9004-4c56-11f0-9464-6d12112379f7','810','f18fa99e-8d3c-4b6b-91a3-9c0000000001',NULL,NULL),
	('708e909a-4c56-11f0-9464-6d12112379f7','811','f18fa99e-8d3c-4b6b-91a3-9c0000000001',NULL,NULL),
	('708e911c-4c56-11f0-9464-6d12112379f7','812','f18fa99e-8d3c-4b6b-91a3-9c0000000001',NULL,NULL),
	('708e91a8-4c56-11f0-9464-6d12112379f7','813','f18fa99e-8d3c-4b6b-91a3-9c0000000001',NULL,NULL),
	('708e925c-4c56-11f0-9464-6d12112379f7','814','f18fa99e-8d3c-4b6b-91a3-9c0000000001',NULL,NULL),
	('708e92e8-4c56-11f0-9464-6d12112379f7','815','f18fa99e-8d3c-4b6b-91a3-9c0000000001',NULL,NULL),
	('708e936a-4c56-11f0-9464-6d12112379f7','816','f18fa99e-8d3c-4b6b-91a3-9c0000000001',NULL,NULL),
	('708e9428-4c56-11f0-9464-6d12112379f7','817','f18fa99e-8d3c-4b6b-91a3-9c0000000001',NULL,NULL),
	('708e94d2-4c56-11f0-9464-6d12112379f7','818','f18fa99e-8d3c-4b6b-91a3-9c0000000001',NULL,NULL),
	('708e9590-4c56-11f0-9464-6d12112379f7','819','f18fa99e-8d3c-4b6b-91a3-9c0000000001',NULL,NULL),
	('708e964e-4c56-11f0-9464-6d12112379f7','820','f18fa99e-8d3c-4b6b-91a3-9c0000000001',NULL,NULL),
	('708e96f8-4c56-11f0-9464-6d12112379f7','230','f18fa99e-8d3c-4b6b-91a3-9c0000000001',NULL,NULL),
	('86fcb524-4c55-11f0-9464-6d12112379f7','9','f18fa99e-8d3c-4b6b-91a3-9c0000000002',NULL,NULL),
	('86fdb6ae-4c55-11f0-9464-6d12112379f7','10','f18fa99e-8d3c-4b6b-91a3-9c0000000002',NULL,NULL),
	('86fdc68a-4c55-11f0-9464-6d12112379f7','11','f18fa99e-8d3c-4b6b-91a3-9c0000000002',NULL,NULL),
	('86fdc928-4c55-11f0-9464-6d12112379f7','12','f18fa99e-8d3c-4b6b-91a3-9c0000000002',NULL,NULL),
	('86fdc9f0-4c55-11f0-9464-6d12112379f7','13','f18fa99e-8d3c-4b6b-91a3-9c0000000002',NULL,NULL),
	('86fdca9a-4c55-11f0-9464-6d12112379f7','14','f18fa99e-8d3c-4b6b-91a3-9c0000000002',NULL,NULL),
	('86fdcb26-4c55-11f0-9464-6d12112379f7','15','f18fa99e-8d3c-4b6b-91a3-9c0000000002',NULL,NULL),
	('86fdcb94-4c55-11f0-9464-6d12112379f7','16','f18fa99e-8d3c-4b6b-91a3-9c0000000002',NULL,NULL),
	('86fdda12-4c55-11f0-9464-6d12112379f7','17','f18fa99e-8d3c-4b6b-91a3-9c0000000002',NULL,NULL),
	('86fddb0c-4c55-11f0-9464-6d12112379f7','18','f18fa99e-8d3c-4b6b-91a3-9c0000000002',NULL,NULL),
	('86fddb98-4c55-11f0-9464-6d12112379f7','19','f18fa99e-8d3c-4b6b-91a3-9c0000000002',NULL,NULL),
	('86fddc10-4c55-11f0-9464-6d12112379f7','20','f18fa99e-8d3c-4b6b-91a3-9c0000000002',NULL,NULL),
	('86fddc88-4c55-11f0-9464-6d12112379f7','21','f18fa99e-8d3c-4b6b-91a3-9c0000000002',NULL,NULL),
	('86fddcf6-4c55-11f0-9464-6d12112379f7','22','f18fa99e-8d3c-4b6b-91a3-9c0000000002',NULL,NULL),
	('86fddd6e-4c55-11f0-9464-6d12112379f7','23','f18fa99e-8d3c-4b6b-91a3-9c0000000002',NULL,NULL),
	('86fdddf0-4c55-11f0-9464-6d12112379f7','24','f18fa99e-8d3c-4b6b-91a3-9c0000000002',NULL,NULL),
	('86fdde5e-4c55-11f0-9464-6d12112379f7','25','f18fa99e-8d3c-4b6b-91a3-9c0000000002',NULL,NULL),
	('86fddecc-4c55-11f0-9464-6d12112379f7','26','f18fa99e-8d3c-4b6b-91a3-9c0000000002',NULL,NULL),
	('86fddf3a-4c55-11f0-9464-6d12112379f7','27','f18fa99e-8d3c-4b6b-91a3-9c0000000002',NULL,NULL),
	('86fddfa8-4c55-11f0-9464-6d12112379f7','28','f18fa99e-8d3c-4b6b-91a3-9c0000000002',NULL,NULL),
	('86fde016-4c55-11f0-9464-6d12112379f7','29','f18fa99e-8d3c-4b6b-91a3-9c0000000002',NULL,NULL),
	('86fde106-4c55-11f0-9464-6d12112379f7','30','f18fa99e-8d3c-4b6b-91a3-9c0000000002',NULL,NULL),
	('86fde17e-4c55-11f0-9464-6d12112379f7','31','f18fa99e-8d3c-4b6b-91a3-9c0000000002',NULL,NULL),
	('86fde1ec-4c55-11f0-9464-6d12112379f7','32','f18fa99e-8d3c-4b6b-91a3-9c0000000002',NULL,NULL),
	('86fde25a-4c55-11f0-9464-6d12112379f7','33','f18fa99e-8d3c-4b6b-91a3-9c0000000002',NULL,NULL),
	('86fde2c8-4c55-11f0-9464-6d12112379f7','34','f18fa99e-8d3c-4b6b-91a3-9c0000000002',NULL,NULL),
	('86fde37c-4c55-11f0-9464-6d12112379f7','35','f18fa99e-8d3c-4b6b-91a3-9c0000000002',NULL,NULL),
	('86fde3fe-4c55-11f0-9464-6d12112379f7','36','f18fa99e-8d3c-4b6b-91a3-9c0000000002',NULL,NULL),
	('86fde46c-4c55-11f0-9464-6d12112379f7','37','f18fa99e-8d3c-4b6b-91a3-9c0000000002',NULL,NULL),
	('86fde4da-4c55-11f0-9464-6d12112379f7','38','f18fa99e-8d3c-4b6b-91a3-9c0000000002',NULL,NULL),
	('86fde53e-4c55-11f0-9464-6d12112379f7','39','f18fa99e-8d3c-4b6b-91a3-9c0000000002',NULL,NULL),
	('86fde5ac-4c55-11f0-9464-6d12112379f7','40','f18fa99e-8d3c-4b6b-91a3-9c0000000002',NULL,NULL),
	('86fde66a-4c55-11f0-9464-6d12112379f7','41','f18fa99e-8d3c-4b6b-91a3-9c0000000002',NULL,NULL),
	('86fde6ce-4c55-11f0-9464-6d12112379f7','42','f18fa99e-8d3c-4b6b-91a3-9c0000000002',NULL,NULL),
	('86fde73c-4c55-11f0-9464-6d12112379f7','43','f18fa99e-8d3c-4b6b-91a3-9c0000000002',NULL,NULL),
	('86fde7aa-4c55-11f0-9464-6d12112379f7','44','f18fa99e-8d3c-4b6b-91a3-9c0000000002',NULL,NULL),
	('86fde80e-4c55-11f0-9464-6d12112379f7','45','f18fa99e-8d3c-4b6b-91a3-9c0000000002',NULL,NULL),
	('86fde87c-4c55-11f0-9464-6d12112379f7','46','f18fa99e-8d3c-4b6b-91a3-9c0000000002',NULL,NULL),
	('86fde8e0-4c55-11f0-9464-6d12112379f7','47','f18fa99e-8d3c-4b6b-91a3-9c0000000002',NULL,NULL),
	('86fdea48-4c55-11f0-9464-6d12112379f7','48','f18fa99e-8d3c-4b6b-91a3-9c0000000002',NULL,NULL),
	('86fdeac0-4c55-11f0-9464-6d12112379f7','49','f18fa99e-8d3c-4b6b-91a3-9c0000000002',NULL,NULL),
	('86fdeb24-4c55-11f0-9464-6d12112379f7','50','f18fa99e-8d3c-4b6b-91a3-9c0000000002',NULL,NULL),
	('86fdeb92-4c55-11f0-9464-6d12112379f7','51','f18fa99e-8d3c-4b6b-91a3-9c0000000002',NULL,NULL),
	('86fdec00-4c55-11f0-9464-6d12112379f7','52','f18fa99e-8d3c-4b6b-91a3-9c0000000002',NULL,NULL),
	('86fdec64-4c55-11f0-9464-6d12112379f7','53','f18fa99e-8d3c-4b6b-91a3-9c0000000002',NULL,NULL),
	('86fdecd2-4c55-11f0-9464-6d12112379f7','54','f18fa99e-8d3c-4b6b-91a3-9c0000000002',NULL,NULL),
	('86fded36-4c55-11f0-9464-6d12112379f7','55','f18fa99e-8d3c-4b6b-91a3-9c0000000002',NULL,NULL),
	('86fdeda4-4c55-11f0-9464-6d12112379f7','56','f18fa99e-8d3c-4b6b-91a3-9c0000000002',NULL,NULL),
	('86fdeeb2-4c55-11f0-9464-6d12112379f7','57','f18fa99e-8d3c-4b6b-91a3-9c0000000002',NULL,NULL),
	('86fdef7a-4c55-11f0-9464-6d12112379f7','58','f18fa99e-8d3c-4b6b-91a3-9c0000000002',NULL,NULL),
	('86fdf006-4c55-11f0-9464-6d12112379f7','59','f18fa99e-8d3c-4b6b-91a3-9c0000000002',NULL,NULL),
	('86fdf074-4c55-11f0-9464-6d12112379f7','60','f18fa99e-8d3c-4b6b-91a3-9c0000000002',NULL,NULL),
	('86fdf0e2-4c55-11f0-9464-6d12112379f7','61','f18fa99e-8d3c-4b6b-91a3-9c0000000002',NULL,NULL),
	('86fdf1c8-4c55-11f0-9464-6d12112379f7','62','f18fa99e-8d3c-4b6b-91a3-9c0000000002',NULL,NULL),
	('86fdf2ea-4c55-11f0-9464-6d12112379f7','63','f18fa99e-8d3c-4b6b-91a3-9c0000000002',NULL,NULL),
	('86fdf376-4c55-11f0-9464-6d12112379f7','64','f18fa99e-8d3c-4b6b-91a3-9c0000000002',NULL,NULL),
	('86fdf3f8-4c55-11f0-9464-6d12112379f7','65','f18fa99e-8d3c-4b6b-91a3-9c0000000002',NULL,NULL),
	('86fdf47a-4c55-11f0-9464-6d12112379f7','66','f18fa99e-8d3c-4b6b-91a3-9c0000000002',NULL,NULL),
	('86fdf4f2-4c55-11f0-9464-6d12112379f7','67','f18fa99e-8d3c-4b6b-91a3-9c0000000002',NULL,NULL),
	('86fdf574-4c55-11f0-9464-6d12112379f7','68','f18fa99e-8d3c-4b6b-91a3-9c0000000002',NULL,NULL),
	('86fdf5ec-4c55-11f0-9464-6d12112379f7','69','f18fa99e-8d3c-4b6b-91a3-9c0000000002',NULL,NULL),
	('86fdf664-4c55-11f0-9464-6d12112379f7','70','f18fa99e-8d3c-4b6b-91a3-9c0000000002',NULL,NULL),
	('86fdf6dc-4c55-11f0-9464-6d12112379f7','71','f18fa99e-8d3c-4b6b-91a3-9c0000000002',NULL,NULL),
	('86fdf74a-4c55-11f0-9464-6d12112379f7','72','f18fa99e-8d3c-4b6b-91a3-9c0000000002',NULL,NULL),
	('86fdf7b8-4c55-11f0-9464-6d12112379f7','73','f18fa99e-8d3c-4b6b-91a3-9c0000000002',NULL,NULL),
	('86fdf830-4c55-11f0-9464-6d12112379f7','74','f18fa99e-8d3c-4b6b-91a3-9c0000000002',NULL,NULL),
	('86fdf8a8-4c55-11f0-9464-6d12112379f7','75','f18fa99e-8d3c-4b6b-91a3-9c0000000002',NULL,NULL),
	('86fdf920-4c55-11f0-9464-6d12112379f7','76','f18fa99e-8d3c-4b6b-91a3-9c0000000002',NULL,NULL),
	('86fdf998-4c55-11f0-9464-6d12112379f7','77','f18fa99e-8d3c-4b6b-91a3-9c0000000002',NULL,NULL),
	('86fdfa06-4c55-11f0-9464-6d12112379f7','78','f18fa99e-8d3c-4b6b-91a3-9c0000000002',NULL,NULL),
	('86fdfa7e-4c55-11f0-9464-6d12112379f7','79','f18fa99e-8d3c-4b6b-91a3-9c0000000002',NULL,NULL),
	('86fdfaf6-4c55-11f0-9464-6d12112379f7','80','f18fa99e-8d3c-4b6b-91a3-9c0000000002',NULL,NULL),
	('86fdfb64-4c55-11f0-9464-6d12112379f7','81','f18fa99e-8d3c-4b6b-91a3-9c0000000002',NULL,NULL),
	('86fdfbd2-4c55-11f0-9464-6d12112379f7','82','f18fa99e-8d3c-4b6b-91a3-9c0000000002',NULL,NULL),
	('86fdfc4a-4c55-11f0-9464-6d12112379f7','83','f18fa99e-8d3c-4b6b-91a3-9c0000000002',NULL,NULL),
	('86fdfcb8-4c55-11f0-9464-6d12112379f7','84','f18fa99e-8d3c-4b6b-91a3-9c0000000002',NULL,NULL),
	('86fdfd26-4c55-11f0-9464-6d12112379f7','85','f18fa99e-8d3c-4b6b-91a3-9c0000000002',NULL,NULL),
	('86fdfe16-4c55-11f0-9464-6d12112379f7','86','f18fa99e-8d3c-4b6b-91a3-9c0000000002',NULL,NULL),
	('86fdfe98-4c55-11f0-9464-6d12112379f7','87','f18fa99e-8d3c-4b6b-91a3-9c0000000002',NULL,NULL),
	('86fdff10-4c55-11f0-9464-6d12112379f7','88','f18fa99e-8d3c-4b6b-91a3-9c0000000002',NULL,NULL),
	('86fdff88-4c55-11f0-9464-6d12112379f7','89','f18fa99e-8d3c-4b6b-91a3-9c0000000002',NULL,NULL),
	('86fe0000-4c55-11f0-9464-6d12112379f7','90','f18fa99e-8d3c-4b6b-91a3-9c0000000002',NULL,NULL),
	('86fe006e-4c55-11f0-9464-6d12112379f7','91','f18fa99e-8d3c-4b6b-91a3-9c0000000002',NULL,NULL),
	('86fe00dc-4c55-11f0-9464-6d12112379f7','92','f18fa99e-8d3c-4b6b-91a3-9c0000000002',NULL,NULL),
	('86fe014a-4c55-11f0-9464-6d12112379f7','93','f18fa99e-8d3c-4b6b-91a3-9c0000000002',NULL,NULL),
	('86fe01c2-4c55-11f0-9464-6d12112379f7','94','f18fa99e-8d3c-4b6b-91a3-9c0000000002',NULL,NULL),
	('86fe0230-4c55-11f0-9464-6d12112379f7','95','f18fa99e-8d3c-4b6b-91a3-9c0000000002',NULL,NULL),
	('86fe02a8-4c55-11f0-9464-6d12112379f7','96','f18fa99e-8d3c-4b6b-91a3-9c0000000002',NULL,NULL),
	('86fe0320-4c55-11f0-9464-6d12112379f7','97','f18fa99e-8d3c-4b6b-91a3-9c0000000002',NULL,NULL),
	('86fe038e-4c55-11f0-9464-6d12112379f7','98','f18fa99e-8d3c-4b6b-91a3-9c0000000002',NULL,NULL),
	('86fe0406-4c55-11f0-9464-6d12112379f7','99','f18fa99e-8d3c-4b6b-91a3-9c0000000002',NULL,NULL),
	('86fe0a64-4c55-11f0-9464-6d12112379f7','100','f18fa99e-8d3c-4b6b-91a3-9c0000000002',NULL,NULL),
	('86fe0e60-4c55-11f0-9464-6d12112379f7','101','f18fa99e-8d3c-4b6b-91a3-9c0000000002',NULL,NULL),
	('86fe0ee2-4c55-11f0-9464-6d12112379f7','102','f18fa99e-8d3c-4b6b-91a3-9c0000000002',NULL,NULL),
	('86fe0f5a-4c55-11f0-9464-6d12112379f7','103','f18fa99e-8d3c-4b6b-91a3-9c0000000002',NULL,NULL),
	('86fe0fc8-4c55-11f0-9464-6d12112379f7','104','f18fa99e-8d3c-4b6b-91a3-9c0000000002',NULL,NULL),
	('86fe1036-4c55-11f0-9464-6d12112379f7','105','f18fa99e-8d3c-4b6b-91a3-9c0000000002',NULL,NULL),
	('86fe10ae-4c55-11f0-9464-6d12112379f7','106','f18fa99e-8d3c-4b6b-91a3-9c0000000002',NULL,NULL),
	('86fe1144-4c55-11f0-9464-6d12112379f7','107','f18fa99e-8d3c-4b6b-91a3-9c0000000002',NULL,NULL),
	('86fe177a-4c55-11f0-9464-6d12112379f7','108','f18fa99e-8d3c-4b6b-91a3-9c0000000002',NULL,NULL),
	('86fe17fc-4c55-11f0-9464-6d12112379f7','109','f18fa99e-8d3c-4b6b-91a3-9c0000000002',NULL,NULL),
	('86fe2aee-4c55-11f0-9464-6d12112379f7','110','f18fa99e-8d3c-4b6b-91a3-9c0000000002',NULL,NULL),
	('86fe30c0-4c55-11f0-9464-6d12112379f7','111','f18fa99e-8d3c-4b6b-91a3-9c0000000002',NULL,NULL),
	('86fe317e-4c55-11f0-9464-6d12112379f7','112','f18fa99e-8d3c-4b6b-91a3-9c0000000002',NULL,NULL),
	('86fe3200-4c55-11f0-9464-6d12112379f7','113','f18fa99e-8d3c-4b6b-91a3-9c0000000002',NULL,NULL),
	('86fe32fa-4c55-11f0-9464-6d12112379f7','114','f18fa99e-8d3c-4b6b-91a3-9c0000000002',NULL,NULL),
	('86fe33e0-4c55-11f0-9464-6d12112379f7','115','f18fa99e-8d3c-4b6b-91a3-9c0000000002',NULL,NULL),
	('86fe3458-4c55-11f0-9464-6d12112379f7','116','f18fa99e-8d3c-4b6b-91a3-9c0000000002',NULL,NULL),
	('86fe3926-4c55-11f0-9464-6d12112379f7','118','f18fa99e-8d3c-4b6b-91a3-9c0000000002',NULL,NULL),
	('86fe3a70-4c55-11f0-9464-6d12112379f7','119','f18fa99e-8d3c-4b6b-91a3-9c0000000002',NULL,NULL),
	('86fea0dc-4c55-11f0-9464-6d12112379f7','120','f18fa99e-8d3c-4b6b-91a3-9c0000000002',NULL,NULL),
	('86fea4a6-4c55-11f0-9464-6d12112379f7','182','f18fa99e-8d3c-4b6b-91a3-9c0000000002',NULL,NULL),
	('86fea582-4c55-11f0-9464-6d12112379f7','183','f18fa99e-8d3c-4b6b-91a3-9c0000000002',NULL,NULL),
	('86fea60e-4c55-11f0-9464-6d12112379f7','184','f18fa99e-8d3c-4b6b-91a3-9c0000000002',NULL,NULL),
	('86fea690-4c55-11f0-9464-6d12112379f7','185','f18fa99e-8d3c-4b6b-91a3-9c0000000002',NULL,NULL),
	('86fea6fe-4c55-11f0-9464-6d12112379f7','186','f18fa99e-8d3c-4b6b-91a3-9c0000000002',NULL,NULL),
	('86fea776-4c55-11f0-9464-6d12112379f7','187','f18fa99e-8d3c-4b6b-91a3-9c0000000002',NULL,NULL),
	('86fea7ee-4c55-11f0-9464-6d12112379f7','188','f18fa99e-8d3c-4b6b-91a3-9c0000000002',NULL,NULL),
	('86fea866-4c55-11f0-9464-6d12112379f7','189','f18fa99e-8d3c-4b6b-91a3-9c0000000002',NULL,NULL),
	('86fea8ca-4c55-11f0-9464-6d12112379f7','190','f18fa99e-8d3c-4b6b-91a3-9c0000000002',NULL,NULL),
	('86fea942-4c55-11f0-9464-6d12112379f7','191','f18fa99e-8d3c-4b6b-91a3-9c0000000002',NULL,NULL),
	('86fea9a6-4c55-11f0-9464-6d12112379f7','192','f18fa99e-8d3c-4b6b-91a3-9c0000000002',NULL,NULL),
	('86feaa1e-4c55-11f0-9464-6d12112379f7','193','f18fa99e-8d3c-4b6b-91a3-9c0000000002',NULL,NULL),
	('86feaa82-4c55-11f0-9464-6d12112379f7','194','f18fa99e-8d3c-4b6b-91a3-9c0000000002',NULL,NULL),
	('86feaaf0-4c55-11f0-9464-6d12112379f7','195','f18fa99e-8d3c-4b6b-91a3-9c0000000002',NULL,NULL),
	('86feab5e-4c55-11f0-9464-6d12112379f7','196','f18fa99e-8d3c-4b6b-91a3-9c0000000002',NULL,NULL),
	('86feabcc-4c55-11f0-9464-6d12112379f7','197','f18fa99e-8d3c-4b6b-91a3-9c0000000002',NULL,NULL),
	('86feac3a-4c55-11f0-9464-6d12112379f7','198','f18fa99e-8d3c-4b6b-91a3-9c0000000002',NULL,NULL),
	('86feaca8-4c55-11f0-9464-6d12112379f7','199','f18fa99e-8d3c-4b6b-91a3-9c0000000002',NULL,NULL),
	('86fead16-4c55-11f0-9464-6d12112379f7','200','f18fa99e-8d3c-4b6b-91a3-9c0000000002',NULL,NULL),
	('86fead98-4c55-11f0-9464-6d12112379f7','201','f18fa99e-8d3c-4b6b-91a3-9c0000000002',NULL,NULL),
	('86feae06-4c55-11f0-9464-6d12112379f7','202','f18fa99e-8d3c-4b6b-91a3-9c0000000002',NULL,NULL),
	('86feae74-4c55-11f0-9464-6d12112379f7','203','f18fa99e-8d3c-4b6b-91a3-9c0000000002',NULL,NULL),
	('86feaee2-4c55-11f0-9464-6d12112379f7','204','f18fa99e-8d3c-4b6b-91a3-9c0000000002',NULL,NULL),
	('86feaf46-4c55-11f0-9464-6d12112379f7','205','f18fa99e-8d3c-4b6b-91a3-9c0000000002',NULL,NULL),
	('86feafb4-4c55-11f0-9464-6d12112379f7','206','f18fa99e-8d3c-4b6b-91a3-9c0000000002',NULL,NULL),
	('86feb040-4c55-11f0-9464-6d12112379f7','210','f18fa99e-8d3c-4b6b-91a3-9c0000000002',NULL,NULL),
	('86feb0ae-4c55-11f0-9464-6d12112379f7','211','f18fa99e-8d3c-4b6b-91a3-9c0000000002',NULL,NULL),
	('86feb11c-4c55-11f0-9464-6d12112379f7','212','f18fa99e-8d3c-4b6b-91a3-9c0000000002',NULL,NULL),
	('86feb19e-4c55-11f0-9464-6d12112379f7','215','f18fa99e-8d3c-4b6b-91a3-9c0000000002',NULL,NULL),
	('86feb202-4c55-11f0-9464-6d12112379f7','216','f18fa99e-8d3c-4b6b-91a3-9c0000000002',NULL,NULL),
	('86feb266-4c55-11f0-9464-6d12112379f7','217','f18fa99e-8d3c-4b6b-91a3-9c0000000002',NULL,NULL),
	('86feb2d4-4c55-11f0-9464-6d12112379f7','218','f18fa99e-8d3c-4b6b-91a3-9c0000000002',NULL,NULL),
	('86feb3ba-4c55-11f0-9464-6d12112379f7','219','f18fa99e-8d3c-4b6b-91a3-9c0000000002',NULL,NULL),
	('c4bcfc02-4c55-11f0-9464-6d12112379f7','117','f18fa99e-8d3c-4b6b-91a3-9c0000000004',NULL,NULL),
	('c4bd24ac-4c55-11f0-9464-6d12112379f7','121','f18fa99e-8d3c-4b6b-91a3-9c0000000004',NULL,NULL),
	('c4bd272c-4c55-11f0-9464-6d12112379f7','122','f18fa99e-8d3c-4b6b-91a3-9c0000000004',NULL,NULL),
	('c4bd2862-4c55-11f0-9464-6d12112379f7','123','f18fa99e-8d3c-4b6b-91a3-9c0000000004',NULL,NULL),
	('c4bd2970-4c55-11f0-9464-6d12112379f7','124','f18fa99e-8d3c-4b6b-91a3-9c0000000004',NULL,NULL),
	('c4bd2a74-4c55-11f0-9464-6d12112379f7','125','f18fa99e-8d3c-4b6b-91a3-9c0000000004',NULL,NULL),
	('c4bd2b78-4c55-11f0-9464-6d12112379f7','126','f18fa99e-8d3c-4b6b-91a3-9c0000000004',NULL,NULL),
	('c4bd2c7c-4c55-11f0-9464-6d12112379f7','127','f18fa99e-8d3c-4b6b-91a3-9c0000000004',NULL,NULL),
	('c4bd2d76-4c55-11f0-9464-6d12112379f7','128','f18fa99e-8d3c-4b6b-91a3-9c0000000004',NULL,NULL),
	('c4bd2e70-4c55-11f0-9464-6d12112379f7','129','f18fa99e-8d3c-4b6b-91a3-9c0000000004',NULL,NULL),
	('c4bd2f60-4c55-11f0-9464-6d12112379f7','130','f18fa99e-8d3c-4b6b-91a3-9c0000000004',NULL,NULL),
	('c4bd305a-4c55-11f0-9464-6d12112379f7','131','f18fa99e-8d3c-4b6b-91a3-9c0000000004',NULL,NULL),
	('c4bd3154-4c55-11f0-9464-6d12112379f7','132','f18fa99e-8d3c-4b6b-91a3-9c0000000004',NULL,NULL),
	('c4bd3258-4c55-11f0-9464-6d12112379f7','133','f18fa99e-8d3c-4b6b-91a3-9c0000000004',NULL,NULL),
	('c4bd3370-4c55-11f0-9464-6d12112379f7','134','f18fa99e-8d3c-4b6b-91a3-9c0000000004',NULL,NULL),
	('c4bd346a-4c55-11f0-9464-6d12112379f7','135','f18fa99e-8d3c-4b6b-91a3-9c0000000004',NULL,NULL),
	('c4bd3564-4c55-11f0-9464-6d12112379f7','136','f18fa99e-8d3c-4b6b-91a3-9c0000000004',NULL,NULL),
	('c4bd3654-4c55-11f0-9464-6d12112379f7','137','f18fa99e-8d3c-4b6b-91a3-9c0000000004',NULL,NULL),
	('c4bd38de-4c55-11f0-9464-6d12112379f7','138','f18fa99e-8d3c-4b6b-91a3-9c0000000004',NULL,NULL),
	('c4bd3a46-4c55-11f0-9464-6d12112379f7','139','f18fa99e-8d3c-4b6b-91a3-9c0000000004',NULL,NULL),
	('c4bd3b40-4c55-11f0-9464-6d12112379f7','140','f18fa99e-8d3c-4b6b-91a3-9c0000000004',NULL,NULL),
	('c4bd3c3a-4c55-11f0-9464-6d12112379f7','141','f18fa99e-8d3c-4b6b-91a3-9c0000000004',NULL,NULL),
	('c4bd3d3e-4c55-11f0-9464-6d12112379f7','142','f18fa99e-8d3c-4b6b-91a3-9c0000000004',NULL,NULL),
	('c4bd3e38-4c55-11f0-9464-6d12112379f7','143','f18fa99e-8d3c-4b6b-91a3-9c0000000004',NULL,NULL),
	('c4bd8906-4c55-11f0-9464-6d12112379f7','144','f18fa99e-8d3c-4b6b-91a3-9c0000000004',NULL,NULL),
	('c4bd8a82-4c55-11f0-9464-6d12112379f7','145','f18fa99e-8d3c-4b6b-91a3-9c0000000004',NULL,NULL),
	('c4bd8c9e-4c55-11f0-9464-6d12112379f7','146','f18fa99e-8d3c-4b6b-91a3-9c0000000004',NULL,NULL),
	('c4bd8db6-4c55-11f0-9464-6d12112379f7','147','f18fa99e-8d3c-4b6b-91a3-9c0000000004',NULL,NULL),
	('c4bd8ec4-4c55-11f0-9464-6d12112379f7','148','f18fa99e-8d3c-4b6b-91a3-9c0000000004',NULL,NULL),
	('c4bd8fbe-4c55-11f0-9464-6d12112379f7','149','f18fa99e-8d3c-4b6b-91a3-9c0000000004',NULL,NULL),
	('c4bd9dd8-4c55-11f0-9464-6d12112379f7','150','f18fa99e-8d3c-4b6b-91a3-9c0000000004',NULL,NULL),
	('c4bd9e78-4c55-11f0-9464-6d12112379f7','151','f18fa99e-8d3c-4b6b-91a3-9c0000000004',NULL,NULL),
	('c4bd9efa-4c55-11f0-9464-6d12112379f7','152','f18fa99e-8d3c-4b6b-91a3-9c0000000004',NULL,NULL),
	('c4bd9f72-4c55-11f0-9464-6d12112379f7','153','f18fa99e-8d3c-4b6b-91a3-9c0000000004',NULL,NULL),
	('c4bd9fe0-4c55-11f0-9464-6d12112379f7','154','f18fa99e-8d3c-4b6b-91a3-9c0000000004',NULL,NULL),
	('c4bda044-4c55-11f0-9464-6d12112379f7','155','f18fa99e-8d3c-4b6b-91a3-9c0000000004',NULL,NULL),
	('c4bda0b2-4c55-11f0-9464-6d12112379f7','156','f18fa99e-8d3c-4b6b-91a3-9c0000000004',NULL,NULL),
	('c4bda120-4c55-11f0-9464-6d12112379f7','157','f18fa99e-8d3c-4b6b-91a3-9c0000000004',NULL,NULL),
	('c4bda18e-4c55-11f0-9464-6d12112379f7','158','f18fa99e-8d3c-4b6b-91a3-9c0000000004',NULL,NULL),
	('c4bda1fc-4c55-11f0-9464-6d12112379f7','159','f18fa99e-8d3c-4b6b-91a3-9c0000000004',NULL,NULL),
	('c4bda260-4c55-11f0-9464-6d12112379f7','160','f18fa99e-8d3c-4b6b-91a3-9c0000000004',NULL,NULL),
	('c4bda328-4c55-11f0-9464-6d12112379f7','161','f18fa99e-8d3c-4b6b-91a3-9c0000000004',NULL,NULL),
	('c4bda396-4c55-11f0-9464-6d12112379f7','162','f18fa99e-8d3c-4b6b-91a3-9c0000000004',NULL,NULL),
	('c4bda404-4c55-11f0-9464-6d12112379f7','163','f18fa99e-8d3c-4b6b-91a3-9c0000000004',NULL,NULL),
	('c4bda472-4c55-11f0-9464-6d12112379f7','164','f18fa99e-8d3c-4b6b-91a3-9c0000000004',NULL,NULL),
	('c4bda4e0-4c55-11f0-9464-6d12112379f7','165','f18fa99e-8d3c-4b6b-91a3-9c0000000004',NULL,NULL),
	('c4bda544-4c55-11f0-9464-6d12112379f7','166','f18fa99e-8d3c-4b6b-91a3-9c0000000004',NULL,NULL),
	('c4bda5a8-4c55-11f0-9464-6d12112379f7','167','f18fa99e-8d3c-4b6b-91a3-9c0000000004',NULL,NULL),
	('c4bda602-4c55-11f0-9464-6d12112379f7','168','f18fa99e-8d3c-4b6b-91a3-9c0000000004',NULL,NULL),
	('c4bda666-4c55-11f0-9464-6d12112379f7','169','f18fa99e-8d3c-4b6b-91a3-9c0000000004',NULL,NULL),
	('c4bda6d4-4c55-11f0-9464-6d12112379f7','170','f18fa99e-8d3c-4b6b-91a3-9c0000000004',NULL,NULL),
	('c4bda738-4c55-11f0-9464-6d12112379f7','171','f18fa99e-8d3c-4b6b-91a3-9c0000000004',NULL,NULL),
	('c4bda7c4-4c55-11f0-9464-6d12112379f7','172','f18fa99e-8d3c-4b6b-91a3-9c0000000004',NULL,NULL),
	('c4bda81e-4c55-11f0-9464-6d12112379f7','173','f18fa99e-8d3c-4b6b-91a3-9c0000000004',NULL,NULL),
	('c4bda88c-4c55-11f0-9464-6d12112379f7','174','f18fa99e-8d3c-4b6b-91a3-9c0000000004',NULL,NULL),
	('c4bda8f0-4c55-11f0-9464-6d12112379f7','175','f18fa99e-8d3c-4b6b-91a3-9c0000000004',NULL,NULL),
	('c4bda954-4c55-11f0-9464-6d12112379f7','176','f18fa99e-8d3c-4b6b-91a3-9c0000000004',NULL,NULL),
	('c4bda9b8-4c55-11f0-9464-6d12112379f7','177','f18fa99e-8d3c-4b6b-91a3-9c0000000004',NULL,NULL),
	('c4bdaa1c-4c55-11f0-9464-6d12112379f7','178','f18fa99e-8d3c-4b6b-91a3-9c0000000004',NULL,NULL),
	('c4bdab98-4c55-11f0-9464-6d12112379f7','179','f18fa99e-8d3c-4b6b-91a3-9c0000000004',NULL,NULL),
	('c4bdad78-4c55-11f0-9464-6d12112379f7','180','f18fa99e-8d3c-4b6b-91a3-9c0000000004',NULL,NULL),
	('c4bdaf3a-4c55-11f0-9464-6d12112379f7','181','f18fa99e-8d3c-4b6b-91a3-9c0000000004',NULL,NULL),
	('c4bdb07a-4c55-11f0-9464-6d12112379f7','207','f18fa99e-8d3c-4b6b-91a3-9c0000000004',NULL,NULL),
	('c4bdb0de-4c55-11f0-9464-6d12112379f7','208','f18fa99e-8d3c-4b6b-91a3-9c0000000004',NULL,NULL),
	('c4bdb1b0-4c55-11f0-9464-6d12112379f7','209','f18fa99e-8d3c-4b6b-91a3-9c0000000004',NULL,NULL),
	('c4bdb23c-4c55-11f0-9464-6d12112379f7','213','f18fa99e-8d3c-4b6b-91a3-9c0000000004',NULL,NULL),
	('c4bdb2aa-4c55-11f0-9464-6d12112379f7','214','f18fa99e-8d3c-4b6b-91a3-9c0000000004',NULL,NULL),
	('c4bdb340-4c55-11f0-9464-6d12112379f7','220','f18fa99e-8d3c-4b6b-91a3-9c0000000004',NULL,NULL),
	('c4bdb444-4c55-11f0-9464-6d12112379f7','221','f18fa99e-8d3c-4b6b-91a3-9c0000000004',NULL,NULL),
	('c4bdb4b2-4c55-11f0-9464-6d12112379f7','222','f18fa99e-8d3c-4b6b-91a3-9c0000000004',NULL,NULL),
	('c4bdb516-4c55-11f0-9464-6d12112379f7','223','f18fa99e-8d3c-4b6b-91a3-9c0000000004',NULL,NULL),
	('c4bdb57a-4c55-11f0-9464-6d12112379f7','224','f18fa99e-8d3c-4b6b-91a3-9c0000000004',NULL,NULL),
	('c4bdb5fc-4c55-11f0-9464-6d12112379f7','225','f18fa99e-8d3c-4b6b-91a3-9c0000000004',NULL,NULL),
	('c4bdb660-4c55-11f0-9464-6d12112379f7','226','f18fa99e-8d3c-4b6b-91a3-9c0000000004',NULL,NULL),
	('c4bdb6ce-4c55-11f0-9464-6d12112379f7','227','f18fa99e-8d3c-4b6b-91a3-9c0000000004',NULL,NULL),
	('c4bdb732-4c55-11f0-9464-6d12112379f7','228','f18fa99e-8d3c-4b6b-91a3-9c0000000004',NULL,NULL),
	('c4bdb796-4c55-11f0-9464-6d12112379f7','229','f18fa99e-8d3c-4b6b-91a3-9c0000000004',NULL,NULL),
	('e18fa99e-8d3c-4b6b-91a3-9c0000000001','1','f18fa99e-8d3c-4b6b-91a3-9c0000000006',NULL,NULL),
	('e18fa99e-8d3c-4b6b-91a3-9c0000000002','2','f18fa99e-8d3c-4b6b-91a3-9c0000000001',NULL,NULL),
	('e18fa99e-8d3c-4b6b-91a3-9c0000000003','3','f18fa99e-8d3c-4b6b-91a3-9c0000000001',NULL,NULL),
	('e18fa99e-8d3c-4b6b-91a3-9c0000000004','4','f18fa99e-8d3c-4b6b-91a3-9c0000000002',NULL,NULL),
	('e18fa99e-8d3c-4b6b-91a3-9c0000000005','5','f18fa99e-8d3c-4b6b-91a3-9c0000000003',NULL,NULL),
	('e18fa99e-8d3c-4b6b-91a3-9c0000000006','6','f18fa99e-8d3c-4b6b-91a3-9c0000000004',NULL,NULL),
	('e18fa99e-8d3c-4b6b-91a3-9c0000000007','7','f18fa99e-8d3c-4b6b-91a3-9c0000000005',NULL,NULL);

/*!40000 ALTER TABLE `authority_users` ENABLE KEYS */;
UNLOCK TABLES;


# Dump of table cache
# ------------------------------------------------------------

DROP TABLE IF EXISTS `cache`;

CREATE TABLE `cache` (
  `key` varchar(255) CHARACTER SET utf8mb4 COLLATE utf8mb4_unicode_ci NOT NULL,
  `value` mediumtext CHARACTER SET utf8mb4 COLLATE utf8mb4_unicode_ci NOT NULL,
  `expiration` int NOT NULL,
  PRIMARY KEY (`key`)
) ENGINE=InnoDB DEFAULT CHARSET=utf8mb4 COLLATE=utf8mb4_unicode_ci;



# Dump of table cache_locks
# ------------------------------------------------------------

DROP TABLE IF EXISTS `cache_locks`;

CREATE TABLE `cache_locks` (
  `key` varchar(255) CHARACTER SET utf8mb4 COLLATE utf8mb4_unicode_ci NOT NULL,
  `owner` varchar(255) CHARACTER SET utf8mb4 COLLATE utf8mb4_unicode_ci NOT NULL,
  `expiration` int NOT NULL,
  PRIMARY KEY (`key`)
) ENGINE=InnoDB DEFAULT CHARSET=utf8mb4 COLLATE=utf8mb4_unicode_ci;



# Dump of table clerkship_group_students
# ------------------------------------------------------------

DROP TABLE IF EXISTS `clerkship_group_students`;

CREATE TABLE `clerkship_group_students` (
  `id` char(36) CHARACTER SET utf8mb4 COLLATE utf8mb4_unicode_ci NOT NULL,
  `clerkship_group_id` char(36) CHARACTER SET utf8mb4 COLLATE utf8mb4_unicode_ci NOT NULL,
  `student_id` char(36) CHARACTER SET utf8mb4 COLLATE utf8mb4_unicode_ci NOT NULL,
  `is_active` tinyint(1) NOT NULL DEFAULT '1',
  `created_at` timestamp NULL DEFAULT NULL,
  `updated_at` timestamp NULL DEFAULT NULL,
  PRIMARY KEY (`id`)
) ENGINE=InnoDB DEFAULT CHARSET=utf8mb4 COLLATE=utf8mb4_unicode_ci;



# Dump of table clerkship_groups
# ------------------------------------------------------------

DROP TABLE IF EXISTS `clerkship_groups`;

CREATE TABLE `clerkship_groups` (
  `id` char(36) CHARACTER SET utf8mb4 COLLATE utf8mb4_unicode_ci NOT NULL,
  `name` varchar(255) CHARACTER SET utf8mb4 COLLATE utf8mb4_unicode_ci NOT NULL,
  `clerkship_period_id` char(36) CHARACTER SET utf8mb4 COLLATE utf8mb4_unicode_ci NOT NULL,
  `created_at` timestamp NULL DEFAULT NULL,
  `updated_at` timestamp NULL DEFAULT NULL,
  PRIMARY KEY (`id`)
) ENGINE=InnoDB DEFAULT CHARSET=utf8mb4 COLLATE=utf8mb4_unicode_ci;



# Dump of table clerkship_periods
# ------------------------------------------------------------

DROP TABLE IF EXISTS `clerkship_periods`;

CREATE TABLE `clerkship_periods` (
  `id` char(36) CHARACTER SET utf8mb4 COLLATE utf8mb4_unicode_ci NOT NULL,
  `name` varchar(255) CHARACTER SET utf8mb4 COLLATE utf8mb4_unicode_ci NOT NULL,
  `start_date` date NOT NULL,
  `end_date` date NOT NULL,
  `is_active` tinyint(1) NOT NULL DEFAULT '1',
  `is_ongoing` tinyint(1) NOT NULL DEFAULT '0',
  `created_at` timestamp NULL DEFAULT NULL,
  `updated_at` timestamp NULL DEFAULT NULL,
  PRIMARY KEY (`id`)
) ENGINE=InnoDB DEFAULT CHARSET=utf8mb4 COLLATE=utf8mb4_unicode_ci;

LOCK TABLES `clerkship_periods` WRITE;
/*!40000 ALTER TABLE `clerkship_periods` DISABLE KEYS */;

INSERT INTO `clerkship_periods` (`id`, `name`, `start_date`, `end_date`, `is_active`, `is_ongoing`, `created_at`, `updated_at`)
VALUES
	('9f2f6a7c-94bb-41e3-8817-1bfc797f345a','April 2025','2025-04-28','2027-04-28',1,1,'2025-06-18 15:19:48','2025-06-18 15:19:51');

/*!40000 ALTER TABLE `clerkship_periods` ENABLE KEYS */;
UNLOCK TABLES;


# Dump of table clerkship_schedule_form_scores
# ------------------------------------------------------------

DROP TABLE IF EXISTS `clerkship_schedule_form_scores`;

CREATE TABLE `clerkship_schedule_form_scores` (
  `id` char(36) COLLATE utf8mb4_unicode_ci NOT NULL,
  `clerkship_schedule_id` char(36) COLLATE utf8mb4_unicode_ci NOT NULL,
  `group_form_id` char(36) COLLATE utf8mb4_unicode_ci NOT NULL,
  `group_form_name` varchar(255) COLLATE utf8mb4_unicode_ci NOT NULL,
  `score` double NOT NULL,
  `grade` char(2) COLLATE utf8mb4_unicode_ci DEFAULT NULL,
  `created_at` timestamp NULL DEFAULT NULL,
  `updated_at` timestamp NULL DEFAULT NULL,
  PRIMARY KEY (`id`)
) ENGINE=InnoDB DEFAULT CHARSET=utf8mb4 COLLATE=utf8mb4_unicode_ci;



# Dump of table clerkship_schedule_group_scores
# ------------------------------------------------------------

DROP TABLE IF EXISTS `clerkship_schedule_group_scores`;

CREATE TABLE `clerkship_schedule_group_scores` (
  `id` char(36) COLLATE utf8mb4_unicode_ci NOT NULL,
  `clerkship_schedule_id` char(36) COLLATE utf8mb4_unicode_ci NOT NULL,
  `group_id` char(36) COLLATE utf8mb4_unicode_ci NOT NULL,
  `group_name` varchar(255) COLLATE utf8mb4_unicode_ci NOT NULL,
  `score` double NOT NULL,
  `grade` char(2) COLLATE utf8mb4_unicode_ci DEFAULT NULL,
  `created_at` timestamp NULL DEFAULT NULL,
  `updated_at` timestamp NULL DEFAULT NULL,
  PRIMARY KEY (`id`)
) ENGINE=InnoDB DEFAULT CHARSET=utf8mb4 COLLATE=utf8mb4_unicode_ci;



# Dump of table clerkship_schedule_supervisors
# ------------------------------------------------------------

DROP TABLE IF EXISTS `clerkship_schedule_supervisors`;

CREATE TABLE `clerkship_schedule_supervisors` (
  `id` char(36) COLLATE utf8mb4_unicode_ci NOT NULL,
  `type` enum('DPK','DPF') COLLATE utf8mb4_unicode_ci NOT NULL,
  `supervisor_id` char(36) COLLATE utf8mb4_unicode_ci NOT NULL,
  `status` varchar(255) COLLATE utf8mb4_unicode_ci NOT NULL DEFAULT 'active',
  `clerkship_period_id` char(36) COLLATE utf8mb4_unicode_ci NOT NULL,
  `clerkship_period_name` varchar(255) COLLATE utf8mb4_unicode_ci NOT NULL,
  `clerkship_group_id` char(36) COLLATE utf8mb4_unicode_ci NOT NULL,
  `clerkship_group_name` varchar(255) COLLATE utf8mb4_unicode_ci NOT NULL,
  `group_id` char(36) COLLATE utf8mb4_unicode_ci NOT NULL,
  `group_name` varchar(255) COLLATE utf8mb4_unicode_ci NOT NULL,
  `organization_id` char(36) COLLATE utf8mb4_unicode_ci NOT NULL,
  `organization_name` varchar(255) COLLATE utf8mb4_unicode_ci NOT NULL,
  `created_at` timestamp NULL DEFAULT NULL,
  `updated_at` timestamp NULL DEFAULT NULL,
  PRIMARY KEY (`id`)
) ENGINE=InnoDB DEFAULT CHARSET=utf8mb4 COLLATE=utf8mb4_unicode_ci;



# Dump of table clerkship_schedules
# ------------------------------------------------------------

DROP TABLE IF EXISTS `clerkship_schedules`;

CREATE TABLE `clerkship_schedules` (
  `id` char(36) CHARACTER SET utf8mb4 COLLATE utf8mb4_unicode_ci NOT NULL,
  `clerkship_period_id` char(36) CHARACTER SET utf8mb4 COLLATE utf8mb4_unicode_ci NOT NULL,
  `clerkship_period_name` varchar(255) CHARACTER SET utf8mb4 COLLATE utf8mb4_unicode_ci NOT NULL,
  `student_id` char(36) CHARACTER SET utf8mb4 COLLATE utf8mb4_unicode_ci NOT NULL,
  `clerkship_group_id` char(36) CHARACTER SET utf8mb4 COLLATE utf8mb4_unicode_ci NOT NULL,
  `clerkship_group_name` varchar(255) CHARACTER SET utf8mb4 COLLATE utf8mb4_unicode_ci NOT NULL,
  `group_id` char(36) CHARACTER SET utf8mb4 COLLATE utf8mb4_unicode_ci NOT NULL,
  `group_name` varchar(255) CHARACTER SET utf8mb4 COLLATE utf8mb4_unicode_ci NOT NULL,
  `organization_id` char(36) CHARACTER SET utf8mb4 COLLATE utf8mb4_unicode_ci NOT NULL,
  `organization_name` varchar(255) CHARACTER SET utf8mb4 COLLATE utf8mb4_unicode_ci NOT NULL,
  `score` int unsigned DEFAULT NULL,
  `grade` char(2) COLLATE utf8mb4_unicode_ci DEFAULT NULL,
  `start_date` datetime NOT NULL,
  `end_date` datetime NOT NULL,
  `created_at` timestamp NULL DEFAULT NULL,
  `updated_at` timestamp NULL DEFAULT NULL,
  PRIMARY KEY (`id`)
) ENGINE=InnoDB DEFAULT CHARSET=utf8mb4 COLLATE=utf8mb4_unicode_ci;



# Dump of table failed_jobs
# ------------------------------------------------------------

DROP TABLE IF EXISTS `failed_jobs`;

CREATE TABLE `failed_jobs` (
  `id` bigint unsigned NOT NULL AUTO_INCREMENT,
  `uuid` varchar(255) CHARACTER SET utf8mb4 COLLATE utf8mb4_unicode_ci NOT NULL,
  `connection` text CHARACTER SET utf8mb4 COLLATE utf8mb4_unicode_ci NOT NULL,
  `queue` text CHARACTER SET utf8mb4 COLLATE utf8mb4_unicode_ci NOT NULL,
  `payload` longtext CHARACTER SET utf8mb4 COLLATE utf8mb4_unicode_ci NOT NULL,
  `exception` longtext CHARACTER SET utf8mb4 COLLATE utf8mb4_unicode_ci NOT NULL,
  `failed_at` timestamp NOT NULL DEFAULT CURRENT_TIMESTAMP,
  PRIMARY KEY (`id`),
  UNIQUE KEY `failed_jobs_uuid_unique` (`uuid`)
) ENGINE=InnoDB DEFAULT CHARSET=utf8mb4 COLLATE=utf8mb4_unicode_ci;



# Dump of table grade_conversions
# ------------------------------------------------------------

DROP TABLE IF EXISTS `grade_conversions`;

CREATE TABLE `grade_conversions` (
  `id` bigint unsigned NOT NULL AUTO_INCREMENT,
  `scale` int unsigned NOT NULL,
  `min_score` int unsigned NOT NULL,
  `max_score` int unsigned NOT NULL,
  `grade` varchar(255) COLLATE utf8mb4_unicode_ci NOT NULL,
  `description` varchar(255) COLLATE utf8mb4_unicode_ci NOT NULL,
  `created_at` timestamp NULL DEFAULT NULL,
  `updated_at` timestamp NULL DEFAULT NULL,
  PRIMARY KEY (`id`)
) ENGINE=InnoDB DEFAULT CHARSET=utf8mb4 COLLATE=utf8mb4_unicode_ci;



# Dump of table group_form_section_fields
# ------------------------------------------------------------

DROP TABLE IF EXISTS `group_form_section_fields`;

CREATE TABLE `group_form_section_fields` (
  `id` char(36) CHARACTER SET utf8mb4 COLLATE utf8mb4_unicode_ci NOT NULL,
  `group_form_section_id` char(36) CHARACTER SET utf8mb4 COLLATE utf8mb4_unicode_ci NOT NULL,
  `field_name` varchar(255) CHARACTER SET utf8mb4 COLLATE utf8mb4_unicode_ci NOT NULL,
  `field_type` varchar(255) CHARACTER SET utf8mb4 COLLATE utf8mb4_unicode_ci NOT NULL,
  `field_description` text CHARACTER SET utf8mb4 COLLATE utf8mb4_unicode_ci,
  `is_active` tinyint(1) NOT NULL DEFAULT '1',
  `scoreable` tinyint(1) NOT NULL DEFAULT '0',
  `weight` int DEFAULT NULL,
  `modifier` json DEFAULT NULL,
  `sequence` int unsigned NOT NULL,
  `created_at` timestamp NULL DEFAULT NULL,
  `updated_at` timestamp NULL DEFAULT NULL,
  PRIMARY KEY (`id`)
) ENGINE=InnoDB DEFAULT CHARSET=utf8mb4 COLLATE=utf8mb4_unicode_ci;

LOCK TABLES `group_form_section_fields` WRITE;
/*!40000 ALTER TABLE `group_form_section_fields` DISABLE KEYS */;

INSERT INTO `group_form_section_fields` (`id`, `group_form_section_id`, `field_name`, `field_type`, `field_description`, `is_active`, `scoreable`, `weight`, `modifier`, `sequence`, `created_at`, `updated_at`)
VALUES
	('9eeb2c72-19cc-4dc2-a186-972acc905123','9eeb2c72-1957-44f0-b3eb-865c6f383266','Tanggal','date','Tanggal melakukan bed site teaching',1,0,NULL,'{\"hint\": null, \"maxDate\": null, \"minDate\": null, \"required\": true, \"placeholder\": null}',0,'2025-05-15 17:10:01','2025-05-15 17:10:01'),
	('9eeb2c72-19cc-4dc2-a186-972acc9051ae','9eeb2c72-1957-44f0-b3eb-865c6f383265','Tanggal','date','Tanggal melakukan bed site teaching',1,0,NULL,'{\"hint\": null, \"maxDate\": null, \"minDate\": null, \"required\": true, \"placeholder\": null}',0,'2025-05-15 17:10:01','2025-05-15 17:10:01'),
	('9eeb2c72-1a2a-4d38-922e-b3d52cbad123','9eeb2c72-1957-44f0-b3eb-865c6f383266','Kasus','text','Kasus ditemui dalam bed site teaching',1,0,NULL,'{\"hint\": null, \"pattern\": null, \"required\": true, \"maxLength\": null, \"minLength\": null, \"placeholder\": null}',1,'2025-05-15 17:10:01','2025-05-15 17:10:01'),
	('9eeb2c72-1a2a-4d38-922e-b3d52cbad702','9eeb2c72-1957-44f0-b3eb-865c6f383265','Kasus','text','Kasus ditemui dalam bed site teaching',1,0,NULL,'{\"hint\": null, \"pattern\": null, \"required\": true, \"maxLength\": null, \"minLength\": null, \"placeholder\": null}',1,'2025-05-15 17:10:01','2025-05-15 17:10:01'),
	('9eeb2c72-1a73-40fc-8d01-9b224c704123','9eeb2c72-1957-44f0-b3eb-865c6f383266','No. rekam medis','text','Nomor rekam medis pasien',1,0,NULL,'{\"hint\": null, \"pattern\": null, \"required\": true, \"maxLength\": null, \"minLength\": null, \"placeholder\": null}',2,'2025-05-15 17:10:01','2025-05-15 17:10:01'),
	('9eeb2c72-1a73-40fc-8d01-9b224c704830','9eeb2c72-1957-44f0-b3eb-865c6f383265','No. rekam medis','text','Nomor rekam medis pasien',1,0,NULL,'{\"hint\": null, \"pattern\": null, \"required\": true, \"maxLength\": null, \"minLength\": null, \"placeholder\": null}',2,'2025-05-15 17:10:01','2025-05-15 17:10:01'),
	('9eeb2c72-1ab4-4f3c-9cef-2b9968af4123','9eeb2c72-1957-44f0-b3eb-865c6f383266','Permasalahan','textarea','Permasalahan yang ditemui',1,0,NULL,'{\"hint\": null, \"rows\": 3, \"required\": true, \"maxLength\": null, \"minLength\": null, \"placeholder\": null}',3,'2025-05-15 17:10:01','2025-05-15 17:10:01'),
	('9eeb2c72-1ab4-4f3c-9cef-2b9968af441e','9eeb2c72-1957-44f0-b3eb-865c6f383265','Permasalahan','textarea','Permasalahan yang ditemui',1,0,NULL,'{\"hint\": null, \"rows\": 3, \"required\": true, \"maxLength\": null, \"minLength\": null, \"placeholder\": null}',3,'2025-05-15 17:10:01','2025-05-15 17:10:01'),
	('9eeb2c72-1b41-4cd9-a90f-6dc2cb466cbb','9eeb2c72-1afa-4a3b-ba73-eea114c1135f','Umpan balik','textarea',NULL,1,0,NULL,'{\"hint\": null, \"rows\": 3, \"required\": true, \"maxLength\": null, \"minLength\": null, \"placeholder\": null}',0,'2025-05-15 17:10:01','2025-05-15 17:10:01'),
	('9eeb2c72-1b41-4cd9-a90f-6dc2cb466cbc','9eeb2c72-1afa-4a3b-ba73-eea114c1135a','Umpan balik','textarea',NULL,1,0,NULL,'{\"hint\": null, \"rows\": 3, \"required\": true, \"maxLength\": null, \"minLength\": null, \"placeholder\": null}',0,'2025-05-15 17:10:01','2025-05-15 17:10:01'),
	('9eeb304b-4ac5-412b-ab2f-ffd658843a5b','9eeb304b-48fc-40d4-a3ad-92c40fa7bd29','Tanggal','date',NULL,1,0,NULL,'{\"hint\": null, \"maxDate\": null, \"minDate\": null, \"required\": true, \"placeholder\": null}',0,'2025-05-15 17:20:47','2025-05-15 17:20:47'),
	('9eeb304b-4b1a-491e-8ccc-773d2aadf6a0','9eeb304b-48fc-40d4-a3ad-92c40fa7bd29','Kasus','textarea',NULL,1,0,NULL,'{\"hint\": null, \"rows\": 3, \"required\": true, \"maxLength\": null, \"minLength\": null, \"placeholder\": null}',1,'2025-05-15 17:20:47','2025-05-15 17:20:47'),
	('9eeb304b-4b57-4450-9243-894a1dde20c3','9eeb304b-48fc-40d4-a3ad-92c40fa7bd29','Problem pasien / diagnosis','textarea',NULL,1,0,NULL,'{\"hint\": null, \"rows\": 3, \"required\": true, \"maxLength\": null, \"minLength\": null, \"placeholder\": null}',2,'2025-05-15 17:20:47','2025-05-15 17:20:47'),
	('9eeb304b-4b8c-4580-9275-6736665ba7b3','9eeb304b-48fc-40d4-a3ad-92c40fa7bd29','Mini-CEX ke','number',NULL,1,0,NULL,'{\"max\": null, \"min\": null, \"hint\": null, \"step\": null, \"required\": true, \"placeholder\": null}',3,'2025-05-15 17:20:47','2025-05-15 17:20:47'),
	('9eeb304b-4bbc-4358-9dbc-f32bcd23acca','9eeb304b-48fc-40d4-a3ad-92c40fa7bd29','Situasi Ruangan','radio',NULL,1,0,NULL,'{\"hint\": null, \"options\": [{\"label\": \"Rawat jalan\", \"value\": \"Rawat jalan\"}, {\"label\": \"Rawat inap\", \"value\": \"Rawat inap\"}, {\"label\": \"UGD\", \"value\": \"UGD\"}, {\"label\": \"Lain lain\", \"value\": \"Lain lain\"}], \"required\": true, \"option_master\": null, \"with_option_master\": 0}',4,'2025-05-15 17:20:47','2025-05-15 17:20:47'),
	('9eeb304b-4bfb-46fc-8861-aa035e1c21db','9eeb304b-48fc-40d4-a3ad-92c40fa7bd29','Situasi Ruangan lainnya','text',NULL,1,0,NULL,'{\"hint\": null, \"pattern\": null, \"required\": false, \"maxLength\": null, \"minLength\": null, \"placeholder\": null}',5,'2025-05-15 17:20:47','2025-05-15 17:20:47'),
	('9eeb304b-4c40-4c8d-bb41-141024f5019b','9eeb304b-48fc-40d4-a3ad-92c40fa7bd29','Umur','number',NULL,1,0,NULL,'{\"max\": null, \"min\": null, \"hint\": null, \"step\": null, \"required\": true, \"placeholder\": null}',6,'2025-05-15 17:20:47','2025-05-15 17:20:47'),
	('9eeb304b-4c86-4c64-845b-12f5f2d9c395','9eeb304b-48fc-40d4-a3ad-92c40fa7bd29','Jenis kelamin','radio',NULL,1,0,NULL,'{\"hint\": null, \"options\": [{\"label\": \"Laki-laki\", \"value\": \"Laki-laki\"}, {\"label\": \"Perempuan\", \"value\": \"Perempuan\"}], \"required\": true, \"option_master\": null, \"with_option_master\": 0}',7,'2025-05-15 17:20:47','2025-05-15 17:20:47'),
	('9eeb304b-4cc6-4d32-a1e6-ad60123de7f5','9eeb304b-48fc-40d4-a3ad-92c40fa7bd29','Pasien','radio',NULL,1,0,NULL,'{\"hint\": null, \"options\": [{\"label\": \"Baru\", \"value\": \"Baru\"}, {\"label\": \"Follow up\", \"value\": \"Follow up\"}], \"required\": true, \"option_master\": null, \"with_option_master\": 0}',8,'2025-05-15 17:20:47','2025-05-15 17:20:47'),
	('9eeb304b-4cff-4856-b6ad-a1d2071fd26f','9eeb304b-48fc-40d4-a3ad-92c40fa7bd29','Tingkat kesulitan','radio',NULL,1,0,NULL,'{\"hint\": null, \"options\": [{\"label\": \"Rendah\", \"value\": \"Rendah\"}, {\"label\": \"Sedang\", \"value\": \"Sedang\"}, {\"label\": \"Tinggi\", \"value\": \"Tinggi\"}], \"required\": true, \"option_master\": null, \"with_option_master\": 0}',9,'2025-05-15 17:20:47','2025-05-15 17:20:47'),
	('9eeb304b-4d36-4908-b073-c60897d7d674','9eeb304b-48fc-40d4-a3ad-92c40fa7bd29','Fokus','radio',NULL,1,0,NULL,'{\"hint\": null, \"options\": [{\"label\": \"Pengumpulan data\", \"value\": \"Pengumpulan data\"}, {\"label\": \"Pemeriksaan fisik\", \"value\": \"Pemeriksaan fisik\"}, {\"label\": \"Diagnosis\", \"value\": \"Diagnosis\"}, {\"label\": \"Manajemen\", \"value\": \"Manajemen\"}], \"required\": true, \"option_master\": null, \"with_option_master\": 0}',10,'2025-05-15 17:20:47','2025-05-15 17:20:47'),
	('9eeb304b-4e23-4ec1-9d13-4ea81ea459d3','9eeb304b-4dcf-4911-a001-5da15c7baf2b','Kemampuan wawancara medis','none',NULL,1,1,15,'{\"required\": true}',0,'2025-05-15 17:20:47','2025-05-15 17:20:47'),
	('9eeb304b-4e4e-460d-8141-f6c25bfc8d7d','9eeb304b-4dcf-4911-a001-5da15c7baf2b','Kemampuan pemeriksaan fisik','none',NULL,1,1,15,'{\"required\": true}',1,'2025-05-15 17:20:47','2025-05-15 17:20:47'),
	('9eeb304b-4e79-41a5-924a-82732e21762a','9eeb304b-4dcf-4911-a001-5da15c7baf2b','Kualitas humanistik / profesionalisme','none',NULL,1,1,14,'{\"required\": true}',2,'2025-05-15 17:20:47','2025-05-15 17:20:47'),
	('9eeb304b-4f02-490c-8b20-c985a5eaf077','9eeb304b-4dcf-4911-a001-5da15c7baf2b','Keputusan klinis / diagnosis','none',NULL,1,1,14,'{\"required\": true}',3,'2025-05-15 17:20:47','2025-05-15 17:20:47'),
	('9eeb304b-4f2c-4d59-a30d-99cd83d4d472','9eeb304b-4dcf-4911-a001-5da15c7baf2b','Kemampuan konseling','none',NULL,1,1,14,'{\"required\": true}',4,'2025-05-15 17:20:47','2025-05-15 17:20:47'),
	('9eeb304b-4f56-4074-8d6d-e947eb107f30','9eeb304b-4dcf-4911-a001-5da15c7baf2b','Organisasi / efisiensi','none',NULL,1,1,14,'{\"required\": true}',5,'2025-05-15 17:20:47','2025-05-15 17:20:47'),
	('9eeb304b-4f81-4df8-b32a-8e1dfeec134f','9eeb304b-4dcf-4911-a001-5da15c7baf2b','Kompetensi klinis keseluruhan','none',NULL,1,1,14,'{\"required\": true}',6,'2025-05-15 17:20:47','2025-05-15 17:20:47'),
	('9eeb304b-4faf-4eac-a2ae-d4b2c1a32373','9eeb304b-4dcf-4911-a001-5da15c7baf2b','Keputusan Penilai Terhadap MINI-CEX','radio',NULL,1,0,NULL,'{\"hint\": null, \"options\": [{\"label\": \"Kurang sekali\", \"value\": \"Kurang sekali\"}, {\"label\": \"Kurang\", \"value\": \"Kurang\"}, {\"label\": \"Cukup\", \"value\": \"Cukup\"}, {\"label\": \"Baik\", \"value\": \"Baik\"}, {\"label\": \"Baik sekali\", \"value\": \"Baik sekali\"}], \"required\": true, \"option_master\": null, \"with_option_master\": 0}',7,'2025-05-15 17:20:47','2025-05-15 17:20:47'),
	('9eeb304b-4fde-42ad-a145-538648df748c','9eeb304b-4dcf-4911-a001-5da15c7baf2b','Catatan penilai','textarea',NULL,1,0,NULL,'{\"hint\": null, \"rows\": 3, \"required\": true, \"maxLength\": null, \"minLength\": null, \"placeholder\": null}',8,'2025-05-15 17:20:47','2025-05-15 17:20:47'),
	('9eeb304b-500a-418f-8eeb-6ffc9a690571','9eeb304b-4dcf-4911-a001-5da15c7baf2b','Hasil','radio',NULL,1,0,NULL,'{\"hint\": null, \"options\": [{\"label\": \"Lulus\", \"value\": \"Lulus\"}, {\"label\": \"Tidak lulus\", \"value\": \"Tidak lulus\"}], \"required\": true, \"option_master\": null, \"with_option_master\": 0}',9,'2025-05-15 17:20:47','2025-05-15 17:20:47'),
	('9eeb3543-4196-4f35-9e47-613f4293d412','9eeb3543-3fcc-44bd-bccc-dfb82c2b664d','Tanggal','date',NULL,1,0,NULL,'{\"hint\": null, \"maxDate\": null, \"minDate\": null, \"required\": true, \"placeholder\": null}',0,'2025-05-15 17:34:41','2025-05-15 17:34:41'),
	('9eeb3543-4196-4f35-9e47-613f4293d477','9eeb3543-3fcc-44bd-bccc-dfb82c2b664c','Tanggal','date',NULL,1,0,NULL,'{\"hint\": null, \"maxDate\": null, \"minDate\": null, \"required\": true, \"placeholder\": null}',0,'2025-05-15 17:34:41','2025-05-15 17:34:41'),
	('9eeb3543-4246-4d14-b3c3-6bbcd902bb12','9eeb3543-3fcc-44bd-bccc-dfb82c2b664d','Tempat pengambilan kasus','text',NULL,1,0,NULL,'{\"hint\": null, \"pattern\": null, \"required\": true, \"maxLength\": null, \"minLength\": null, \"placeholder\": null}',1,'2025-05-15 17:34:41','2025-05-15 17:34:41'),
	('9eeb3543-4246-4d14-b3c3-6bbcd902bb24','9eeb3543-3fcc-44bd-bccc-dfb82c2b664c','Tempat pengambilan kasus','text',NULL,1,0,NULL,'{\"hint\": null, \"pattern\": null, \"required\": true, \"maxLength\": null, \"minLength\": null, \"placeholder\": null}',1,'2025-05-15 17:34:41','2025-05-15 17:34:41'),
	('9eeb3543-4294-4004-bc7e-d31cc7f64b12','9eeb3543-3fcc-44bd-bccc-dfb82c2b664d','Jenis prosedur','text',NULL,1,0,NULL,'{\"hint\": null, \"pattern\": null, \"required\": true, \"maxLength\": null, \"minLength\": null, \"placeholder\": null}',2,'2025-05-15 17:34:41','2025-05-15 17:34:41'),
	('9eeb3543-4294-4004-bc7e-d31cc7f64bf9','9eeb3543-3fcc-44bd-bccc-dfb82c2b664c','Jenis prosedur','text',NULL,1,0,NULL,'{\"hint\": null, \"pattern\": null, \"required\": true, \"maxLength\": null, \"minLength\": null, \"placeholder\": null}',2,'2025-05-15 17:34:41','2025-05-15 17:34:41'),
	('9eeb3543-42de-42e7-8ce7-287fc0a0a212','9eeb3543-3fcc-44bd-bccc-dfb82c2b664d','DOPS ke','text',NULL,1,0,NULL,'{\"hint\": null, \"pattern\": null, \"required\": true, \"maxLength\": null, \"minLength\": null, \"placeholder\": null}',3,'2025-05-15 17:34:41','2025-05-15 17:34:41'),
	('9eeb3543-42de-42e7-8ce7-287fc0a0a2d9','9eeb3543-3fcc-44bd-bccc-dfb82c2b664c','DOPS ke','text',NULL,1,0,NULL,'{\"hint\": null, \"pattern\": null, \"required\": true, \"maxLength\": null, \"minLength\": null, \"placeholder\": null}',3,'2025-05-15 17:34:41','2025-05-15 17:34:41'),
	('9eeb3543-434a-4528-9af8-4768f06dbb12','9eeb3543-3fcc-44bd-bccc-dfb82c2b664d','Situasi ruangan','radio',NULL,1,0,NULL,'{\"hint\": null, \"options\": [], \"required\": true, \"option_master\": \"ROOM_SITUATION\", \"with_option_master\": 1}',4,'2025-05-15 17:34:41','2025-05-15 17:34:41'),
	('9eeb3543-434a-4528-9af8-4768f06dbbca','9eeb3543-3fcc-44bd-bccc-dfb82c2b664c','Situasi ruangan','radio',NULL,1,0,NULL,'{\"hint\": null, \"options\": [], \"required\": true, \"option_master\": \"ROOM_SITUATION\", \"with_option_master\": 1}',4,'2025-05-15 17:34:41','2025-05-15 17:34:41'),
	('9eeb3543-43a9-4dff-ac4a-8df81bc8ce12','9eeb3543-3fcc-44bd-bccc-dfb82c2b664d','Tingkat kesulitan','radio',NULL,1,0,NULL,'{\"hint\": null, \"options\": [], \"required\": true, \"option_master\": \"DIFFICULTY\", \"with_option_master\": 1}',5,'2025-05-15 17:34:41','2025-05-15 17:34:41'),
	('9eeb3543-43a9-4dff-ac4a-8df81bc8cec1','9eeb3543-3fcc-44bd-bccc-dfb82c2b664c','Tingkat kesulitan','radio',NULL,1,0,NULL,'{\"hint\": null, \"options\": [], \"required\": true, \"option_master\": \"DIFFICULTY\", \"with_option_master\": 1}',5,'2025-05-15 17:34:41','2025-05-15 17:34:41'),
	('9eeb3543-444c-46d9-a6bc-10ef55b5f123','9eeb3543-43f9-45a8-9bdc-8134fef5d7af','Melakukan dan memperoleh informed consent','none',NULL,1,1,13,'{\"required\": true}',0,'2025-05-15 17:34:41','2025-05-15 17:34:41'),
	('9eeb3543-444c-46d9-a6bc-10ef55b5f741','9eeb3543-43f9-45a8-9bdc-8134fef5d7ae','Melakukan dan memperoleh informed consent','none',NULL,1,1,13,'{\"required\": true}',0,'2025-05-15 17:34:41','2025-05-15 17:34:41'),
	('9eeb3543-448d-447d-8e8a-cbe859cbe123','9eeb3543-43f9-45a8-9bdc-8134fef5d7af','Prosedur persiapan sebelum tindakan','none',NULL,1,1,13,'{\"required\": true}',1,'2025-05-15 17:34:41','2025-05-15 17:34:41'),
	('9eeb3543-448d-447d-8e8a-cbe859cbefbe','9eeb3543-43f9-45a8-9bdc-8134fef5d7ae','Prosedur persiapan sebelum tindakan','none',NULL,1,1,13,'{\"required\": true}',1,'2025-05-15 17:34:41','2025-05-15 17:34:41'),
	('9eeb3543-44c6-4f6c-967a-500dbc73d123','9eeb3543-43f9-45a8-9bdc-8134fef5d7af','Kemampuan teknis','none',NULL,1,1,13,'{\"required\": true}',2,'2025-05-15 17:34:41','2025-05-15 17:34:41'),
	('9eeb3543-44c6-4f6c-967a-500dbc73dc91','9eeb3543-43f9-45a8-9bdc-8134fef5d7ae','Kemampuan teknis','none',NULL,1,1,13,'{\"required\": true}',2,'2025-05-15 17:34:41','2025-05-15 17:34:41'),
	('9eeb3543-44fc-4dcd-b0b3-f382a573502d','9eeb3543-43f9-45a8-9bdc-8134fef5d7ae','Kemampuan teknis','none',NULL,1,1,13,'{\"required\": true}',3,'2025-05-15 17:34:41','2025-05-15 17:34:41'),
	('9eeb3543-44fc-4dcd-b0b3-f382a5735123','9eeb3543-43f9-45a8-9bdc-8134fef5d7af','Kemampuan teknis','none',NULL,1,1,13,'{\"required\": true}',3,'2025-05-15 17:34:41','2025-05-15 17:34:41'),
	('9eeb3543-4535-4cfb-b459-6cb6f863b123','9eeb3543-43f9-45a8-9bdc-8134fef5d7af','Teknik aseptik','none',NULL,1,1,13,'{\"required\": true}',4,'2025-05-15 17:34:41','2025-05-15 17:34:41'),
	('9eeb3543-4535-4cfb-b459-6cb6f863bdb0','9eeb3543-43f9-45a8-9bdc-8134fef5d7ae','Teknik aseptik','none',NULL,1,1,13,'{\"required\": true}',4,'2025-05-15 17:34:41','2025-05-15 17:34:41'),
	('9eeb3543-4594-4c92-bc9f-81cb5446d123','9eeb3543-43f9-45a8-9bdc-8134fef5d7af','Manajemen pasca tindakan','none',NULL,1,1,13,'{\"required\": true}',5,'2025-05-15 17:34:41','2025-05-15 17:34:41'),
	('9eeb3543-4594-4c92-bc9f-81cb5446d734','9eeb3543-43f9-45a8-9bdc-8134fef5d7ae','Manajemen pasca tindakan','none',NULL,1,1,13,'{\"required\": true}',5,'2025-05-15 17:34:41','2025-05-15 17:34:41'),
	('9eeb3543-45ca-430d-9918-846722b0c123','9eeb3543-43f9-45a8-9bdc-8134fef5d7af','Profesionalisme penanganan pasien','none',NULL,1,1,13,'{\"required\": true}',6,'2025-05-15 17:34:41','2025-05-15 17:34:41'),
	('9eeb3543-45ca-430d-9918-846722b0c95f','9eeb3543-43f9-45a8-9bdc-8134fef5d7ae','Profesionalisme penanganan pasien','none',NULL,1,1,13,'{\"required\": true}',6,'2025-05-15 17:34:41','2025-05-15 17:34:41'),
	('9eeb3543-4605-4656-861e-4b98ea0b0123','9eeb3543-43f9-45a8-9bdc-8134fef5d7af','Kemampuan umum untuk tindakan secara keseluruhan','none',NULL,1,1,17,'{\"required\": true}',7,'2025-05-15 17:34:41','2025-05-15 17:34:41'),
	('9eeb3543-4605-4656-861e-4b98ea0b082f','9eeb3543-43f9-45a8-9bdc-8134fef5d7ae','Kemampuan umum untuk tindakan secara keseluruhan','none',NULL,1,1,17,'{\"required\": true}',7,'2025-05-15 17:34:41','2025-05-15 17:34:41'),
	('9eeb3543-463c-4e6a-92ac-edc12291c123','9eeb3543-43f9-45a8-9bdc-8134fef5d7af','Catatan','textarea',NULL,1,0,NULL,'{\"hint\": null, \"rows\": 3, \"required\": true, \"maxLength\": null, \"minLength\": null, \"placeholder\": null}',8,'2025-05-15 17:34:41','2025-05-15 17:34:41'),
	('9eeb3543-463c-4e6a-92ac-edc12291ca20','9eeb3543-43f9-45a8-9bdc-8134fef5d7ae','Catatan','textarea',NULL,1,0,NULL,'{\"hint\": null, \"rows\": 3, \"required\": true, \"maxLength\": null, \"minLength\": null, \"placeholder\": null}',8,'2025-05-15 17:34:41','2025-05-15 17:34:41'),
	('9eeb3543-4673-4d45-a1ae-7cb4fbca8123','9eeb3543-43f9-45a8-9bdc-8134fef5d7af','Keputusan penilai','radio','Keputusan penilai terhadap DOPS',1,0,NULL,'{\"hint\": null, \"options\": [], \"required\": true, \"option_master\": \"RESULT_POINT\", \"with_option_master\": 1}',9,'2025-05-15 17:34:41','2025-05-15 17:34:41'),
	('9eeb3543-4673-4d45-a1ae-7cb4fbca8efe','9eeb3543-43f9-45a8-9bdc-8134fef5d7ae','Keputusan penilai','radio','Keputusan penilai terhadap DOPS',1,0,NULL,'{\"hint\": null, \"options\": [], \"required\": true, \"option_master\": \"RESULT_POINT\", \"with_option_master\": 1}',9,'2025-05-15 17:34:41','2025-05-15 17:34:41'),
	('9eeb3543-46b1-4cb5-a8c8-b1240737d123','9eeb3543-43f9-45a8-9bdc-8134fef5d7af','Hasil','radio',NULL,1,0,NULL,'{\"hint\": null, \"options\": [{\"label\": \"Lulus\", \"value\": \"Lulus\"}, {\"label\": \"Tidak lulus\", \"value\": \"Tidak lulus\"}], \"required\": true, \"option_master\": null, \"with_option_master\": 0}',10,'2025-05-15 17:34:41','2025-05-15 17:34:41'),
	('9eeb3543-46b1-4cb5-a8c8-b1240737d8fe','9eeb3543-43f9-45a8-9bdc-8134fef5d7ae','Hasil','radio',NULL,1,0,NULL,'{\"hint\": null, \"options\": [{\"label\": \"Lulus\", \"value\": \"Lulus\"}, {\"label\": \"Tidak lulus\", \"value\": \"Tidak lulus\"}], \"required\": true, \"option_master\": null, \"with_option_master\": 0}',10,'2025-05-15 17:34:41','2025-05-15 17:34:41'),
	('9f0ef247-eba4-4709-9ec1-d7d79547cd4c','9f0ef247-ea3e-44f7-b9b8-24f3d0bad899','Tanggal','date',NULL,1,0,NULL,'{\"hint\": null, \"maxDate\": null, \"minDate\": null, \"required\": true, \"placeholder\": null}',0,'2025-06-02 11:57:11','2025-06-02 11:57:11'),
	('9f0ef247-ebf3-48e9-86ba-4dbd4532051d','9f0ef247-ea3e-44f7-b9b8-24f3d0bad899','Kasus','textarea',NULL,1,0,NULL,'{\"hint\": null, \"rows\": 3, \"required\": true, \"maxLength\": null, \"minLength\": null, \"placeholder\": null}',1,'2025-06-02 11:57:11','2025-06-02 11:57:11'),
	('9f0ef247-ec3a-4f5b-a561-fdc645d81476','9f0ef247-ea3e-44f7-b9b8-24f3d0bad899','Problem pasien / diagnosis','textarea',NULL,1,0,NULL,'{\"hint\": null, \"rows\": 3, \"required\": true, \"maxLength\": null, \"minLength\": null, \"placeholder\": null}',2,'2025-06-02 11:57:11','2025-06-02 11:57:11'),
	('9f0ef247-ec7b-4bdc-8099-3881c450904b','9f0ef247-ea3e-44f7-b9b8-24f3d0bad899','Mini-CEX ke','number',NULL,1,0,NULL,'{\"max\": null, \"min\": null, \"hint\": null, \"step\": null, \"required\": true, \"placeholder\": null}',3,'2025-06-02 11:57:11','2025-06-02 11:57:11'),
	('9f0ef247-ecb6-44d7-aeda-103d6f48f80f','9f0ef247-ea3e-44f7-b9b8-24f3d0bad899','Situasi Ruangan','radio',NULL,1,0,NULL,'{\"hint\": null, \"options\": [{\"label\": \"Rawat jalan\", \"value\": \"Rawat jalan\"}, {\"label\": \"Rawat inap\", \"value\": \"Rawat inap\"}, {\"label\": \"UGD\", \"value\": \"UGD\"}, {\"label\": \"Lain lain\", \"value\": \"Lain lain\"}], \"required\": true, \"option_master\": null, \"with_option_master\": 0}',4,'2025-06-02 11:57:11','2025-06-02 11:57:11'),
	('9f0ef247-ecf5-4ce3-a95d-e6592054465b','9f0ef247-ea3e-44f7-b9b8-24f3d0bad899','Situasi Ruangan lainnya','text',NULL,1,0,NULL,'{\"hint\": null, \"pattern\": null, \"required\": false, \"maxLength\": null, \"minLength\": null, \"placeholder\": null}',5,'2025-06-02 11:57:11','2025-06-02 11:57:11'),
	('9f0ef247-ed2e-479d-be1d-631381f7db76','9f0ef247-ea3e-44f7-b9b8-24f3d0bad899','Umur','number',NULL,1,0,NULL,'{\"max\": null, \"min\": null, \"hint\": null, \"step\": null, \"required\": true, \"placeholder\": null}',6,'2025-06-02 11:57:11','2025-06-02 11:57:11'),
	('9f0ef247-ed64-4be0-b374-c24fedf83a32','9f0ef247-ea3e-44f7-b9b8-24f3d0bad899','Jenis kelamin','radio',NULL,1,0,NULL,'{\"hint\": null, \"options\": [{\"label\": \"Laki-laki\", \"value\": \"Laki-laki\"}, {\"label\": \"Perempuan\", \"value\": \"Perempuan\"}], \"required\": true, \"option_master\": null, \"with_option_master\": 0}',7,'2025-06-02 11:57:11','2025-06-02 11:57:11'),
	('9f0ef247-edc2-4859-bd5e-0390c6f7356b','9f0ef247-ea3e-44f7-b9b8-24f3d0bad899','Pasien','radio',NULL,1,0,NULL,'{\"hint\": null, \"options\": [{\"label\": \"Baru\", \"value\": \"Baru\"}, {\"label\": \"Follow up\", \"value\": \"Follow up\"}], \"required\": true, \"option_master\": null, \"with_option_master\": 0}',8,'2025-06-02 11:57:11','2025-06-02 11:57:11'),
	('9f0ef247-edfb-4c21-bb4d-9e3625c6da9f','9f0ef247-ea3e-44f7-b9b8-24f3d0bad899','Tingkat kesulitan','radio',NULL,1,0,NULL,'{\"hint\": null, \"options\": [{\"label\": \"Rendah\", \"value\": \"Rendah\"}, {\"label\": \"Sedang\", \"value\": \"Sedang\"}, {\"label\": \"Tinggi\", \"value\": \"Tinggi\"}], \"required\": true, \"option_master\": null, \"with_option_master\": 0}',9,'2025-06-02 11:57:11','2025-06-02 11:57:11'),
	('9f0ef247-ee34-4fec-8466-928b87aa6e6a','9f0ef247-ea3e-44f7-b9b8-24f3d0bad899','Fokus','radio',NULL,1,0,NULL,'{\"hint\": null, \"options\": [{\"label\": \"Pengumpulan data\", \"value\": \"Pengumpulan data\"}, {\"label\": \"Pemeriksaan fisik\", \"value\": \"Pemeriksaan fisik\"}, {\"label\": \"Diagnosis\", \"value\": \"Diagnosis\"}, {\"label\": \"Manajemen\", \"value\": \"Manajemen\"}], \"required\": true, \"option_master\": null, \"with_option_master\": 0}',10,'2025-06-02 11:57:11','2025-06-02 11:57:11'),
	('9f0ef247-ef80-45ca-b029-f3911ea00253','9f0ef247-ef04-43ae-8125-9a82c77d3450','Kemampuan wawancara medis','none',NULL,1,1,15,'{\"required\": true}',0,'2025-06-02 11:57:11','2025-06-02 11:57:11'),
	('9f0ef247-efc0-48c1-a83f-2047d3586a29','9f0ef247-ef04-43ae-8125-9a82c77d3450','Kemampuan pemeriksaan fisik','none',NULL,1,1,15,'{\"required\": true}',1,'2025-06-02 11:57:11','2025-06-02 11:57:11'),
	('9f0ef247-eff9-4e51-b3a5-19fec59c9d0d','9f0ef247-ef04-43ae-8125-9a82c77d3450','Kualitas humanistik / profesionalisme','none',NULL,1,1,14,'{\"required\": true}',2,'2025-06-02 11:57:11','2025-06-02 11:57:11'),
	('9f0ef247-f033-4de5-accb-7d0c4d973d82','9f0ef247-ef04-43ae-8125-9a82c77d3450','Keputusan klinis / diagnosis','none',NULL,1,1,14,'{\"required\": true}',3,'2025-06-02 11:57:11','2025-06-02 11:57:11'),
	('9f0ef247-f08b-46ee-bded-1f153370e6e9','9f0ef247-ef04-43ae-8125-9a82c77d3450','Kemampuan konseling','none',NULL,1,1,14,'{\"required\": true}',4,'2025-06-02 11:57:11','2025-06-02 11:57:11'),
	('9f0ef247-f0c1-4c62-b168-cb84589f11ea','9f0ef247-ef04-43ae-8125-9a82c77d3450','Organisasi / efisiensi','none',NULL,1,1,14,'{\"required\": true}',5,'2025-06-02 11:57:11','2025-06-02 11:57:11'),
	('9f0ef247-f0f8-454a-bc2e-4ca9cd29d004','9f0ef247-ef04-43ae-8125-9a82c77d3450','Kompetensi klinis keseluruhan','none',NULL,1,1,14,'{\"required\": true}',6,'2025-06-02 11:57:11','2025-06-02 11:57:11'),
	('9f0ef247-f12e-45e8-8afc-49cfd7cfaf38','9f0ef247-ef04-43ae-8125-9a82c77d3450','Keputusan Penilai Terhadap MINI-CEX','radio',NULL,1,0,NULL,'{\"hint\": null, \"options\": [{\"label\": \"Kurang sekali\", \"value\": \"Kurang sekali\"}, {\"label\": \"Kurang\", \"value\": \"Kurang\"}, {\"label\": \"Cukup\", \"value\": \"Cukup\"}, {\"label\": \"Baik\", \"value\": \"Baik\"}, {\"label\": \"Baik sekali\", \"value\": \"Baik sekali\"}], \"required\": true, \"option_master\": null, \"with_option_master\": 0}',7,'2025-06-02 11:57:11','2025-06-02 11:57:11'),
	('9f0ef247-f16e-4207-9758-531ed68669b6','9f0ef247-ef04-43ae-8125-9a82c77d3450','Catatan penilai','textarea',NULL,1,0,NULL,'{\"hint\": null, \"rows\": 3, \"required\": true, \"maxLength\": null, \"minLength\": null, \"placeholder\": null}',8,'2025-06-02 11:57:11','2025-06-02 11:57:11'),
	('9f0ef247-f1a5-4f93-b459-967aa4ca23a5','9f0ef247-ef04-43ae-8125-9a82c77d3450','Hasil','select',NULL,1,0,NULL,'{\"hint\": null, \"options\": [{\"label\": \"Lulus\", \"value\": \"Lulus\"}, {\"label\": \"Tidak lulus\", \"value\": \"Tidak lulus\"}], \"required\": true, \"option_master\": null, \"with_option_master\": 0}',9,'2025-06-02 11:57:11','2025-06-02 11:57:11'),
	('9f2f3275-90f6-4386-8615-b7aca6f1f3a7','9f2f3275-908d-4f64-9b1b-d64baa103c50','Nilai Ujian Tulis','none',NULL,1,1,100,'{\"required\": false}',0,'2025-06-18 12:43:08','2025-06-18 12:43:08'),
	('9f2f33cd-aaca-4511-a782-85b9b066508e','9f2f33cd-a9ef-4941-ba35-c68b63105476','Nilai Osler','none',NULL,1,1,100,'{\"required\": false}',0,'2025-06-18 12:46:53','2025-06-18 12:46:53'),
	('9f2f33cd-abed-48bb-b41c-0ddff31dd34d','9f2f33cd-ab62-468a-a28d-ff4e9e059003','Feedback','text',NULL,1,0,NULL,'{\"hint\": null, \"pattern\": null, \"required\": true, \"maxLength\": null, \"minLength\": null, \"placeholder\": null}',0,'2025-06-18 12:46:53','2025-06-18 12:46:53'),
	('9f2f58ae-7a1e-45d2-8614-e087fdbd3f56','9f2f58ae-79c5-4ce2-9cec-93cab136adc4','Tema refleksi','textarea',NULL,1,0,NULL,'{\"hint\": null, \"rows\": 3, \"required\": false, \"maxLength\": null, \"minLength\": null, \"placeholder\": null}',0,'2025-06-18 14:30:01','2025-06-18 14:30:01'),
	('9f2f58ae-7aea-4abb-9568-9cbf97c9f68d','9f2f58ae-79c5-4ce2-9cec-93cab136adc4','Latar belakang pemilihan dan pemahaman kasus','none',NULL,1,1,33,'{\"required\": true}',1,'2025-06-18 14:30:01','2025-06-18 14:30:01'),
	('9f2f58ae-7b18-4ae3-8ff2-d7d3be2662de','9f2f58ae-79c5-4ce2-9cec-93cab136adc4','Refleksi segi etika / moral, atau medikolegal, atau profesionalisme','none',NULL,1,1,34,'{\"required\": true}',2,'2025-06-18 14:30:01','2025-06-18 14:30:01'),
	('9f2f58ae-7b45-48b0-bd08-dfa0d66d6692','9f2f58ae-79c5-4ce2-9cec-93cab136adc4','Refleksi segi keislaman','none',NULL,1,1,33,'{\"required\": false}',3,'2025-06-18 14:30:01','2025-06-18 14:30:01'),
	('9f2f58ae-7b70-449e-9ad2-d5e098068b39','9f2f58ae-79c5-4ce2-9cec-93cab136adc4','Catatan Pembimbing','textarea',NULL,1,0,NULL,'{\"hint\": null, \"rows\": 3, \"required\": false, \"maxLength\": null, \"minLength\": null, \"placeholder\": null}',4,'2025-06-18 14:30:01','2025-06-18 14:30:01'),
	('9f2f5a24-6ce5-45fa-8cee-f789921b3bd3','9f2f5a24-6c4c-47f2-900d-c1b97b3ae880','Judul artikel','text',NULL,1,0,NULL,'{\"hint\": null, \"pattern\": null, \"required\": true, \"maxLength\": null, \"minLength\": null, \"placeholder\": null}',0,'2025-06-18 14:34:06','2025-06-18 14:34:06'),
	('9f2f5a24-6d30-4a09-bf99-d9e851a53098','9f2f5a24-6c4c-47f2-900d-c1b97b3ae880','Jurnal','text',NULL,1,0,NULL,'{\"hint\": null, \"pattern\": null, \"required\": true, \"maxLength\": null, \"minLength\": null, \"placeholder\": null}',1,'2025-06-18 14:34:06','2025-06-18 14:34:06'),
	('9f2f5a24-6e6c-4843-8de7-741525ccd547','9f2f5a24-6df9-4531-922a-d543a5d088ac','Kesesuaian pemilihan jurnal dengan kasus dan kompetensi dokter umum','none',NULL,1,1,20,'{\"required\": true}',0,'2025-06-18 14:34:06','2025-06-18 14:34:06'),
	('9f2f5a24-6f42-4227-8fd1-cf8ea4944159','9f2f5a24-6df9-4531-922a-d543a5d088ac','Penguasaan terhadap isi jurnal','none',NULL,1,1,20,'{\"required\": true}',1,'2025-06-18 14:34:06','2025-06-18 14:34:06'),
	('9f2f5a24-6f79-4efe-ab9d-554c120416f4','9f2f5a24-6df9-4531-922a-d543a5d088ac','Validity','none',NULL,1,1,20,'{\"required\": true}',2,'2025-06-18 14:34:06','2025-06-18 14:34:06'),
	('9f2f5a24-6fa3-4382-a5d6-99f6321418b3','9f2f5a24-6df9-4531-922a-d543a5d088ac','Importance','none',NULL,1,1,20,'{\"required\": true}',3,'2025-06-18 14:34:06','2025-06-18 14:34:06'),
	('9f2f5a24-6fd1-4f2e-bafc-af12b63f9980','9f2f5a24-6df9-4531-922a-d543a5d088ac','Applicability','none',NULL,1,1,20,'{\"required\": true}',4,'2025-06-18 14:34:06','2025-06-18 14:34:06');

/*!40000 ALTER TABLE `group_form_section_fields` ENABLE KEYS */;
UNLOCK TABLES;


# Dump of table group_form_sections
# ------------------------------------------------------------

DROP TABLE IF EXISTS `group_form_sections`;

CREATE TABLE `group_form_sections` (
  `id` char(36) CHARACTER SET utf8mb4 COLLATE utf8mb4_unicode_ci NOT NULL,
  `group_form_id` char(36) CHARACTER SET utf8mb4 COLLATE utf8mb4_unicode_ci NOT NULL,
  `authority_id` char(36) CHARACTER SET utf8mb4 COLLATE utf8mb4_unicode_ci DEFAULT NULL,
  `name` varchar(255) CHARACTER SET utf8mb4 COLLATE utf8mb4_unicode_ci NOT NULL,
  `description` text CHARACTER SET utf8mb4 COLLATE utf8mb4_unicode_ci,
  `is_active` tinyint(1) NOT NULL DEFAULT '1',
  `is_hide_for_others` tinyint(1) NOT NULL DEFAULT '0',
  `weight` int DEFAULT NULL,
  `modifier` json DEFAULT NULL,
  `sequence` int unsigned NOT NULL,
  `created_at` timestamp NULL DEFAULT NULL,
  `updated_at` timestamp NULL DEFAULT NULL,
  PRIMARY KEY (`id`)
) ENGINE=InnoDB DEFAULT CHARSET=utf8mb4 COLLATE=utf8mb4_unicode_ci;

LOCK TABLES `group_form_sections` WRITE;
/*!40000 ALTER TABLE `group_form_sections` DISABLE KEYS */;

INSERT INTO `group_form_sections` (`id`, `group_form_id`, `authority_id`, `name`, `description`, `is_active`, `is_hide_for_others`, `weight`, `modifier`, `sequence`, `created_at`, `updated_at`)
VALUES
	('9eeb2c72-1957-44f0-b3eb-865c6f383265','9eeb2c72-1828-4a9a-abd6-c2abe69d2e6c','f18fa99e-8d3c-4b6b-91a3-9c0000000001','Informasi Bed Site Teaching',NULL,1,0,NULL,NULL,0,'2025-05-15 17:10:01','2025-05-15 17:10:01'),
	('9eeb2c72-1957-44f0-b3eb-865c6f383266','9eeb2c72-1828-4a9a-abd6-c2abe69d2e6d','f18fa99e-8d3c-4b6b-91a3-9c0000000001','Informasi Bed Site Teaching',NULL,1,0,NULL,NULL,0,'2025-05-15 17:10:01','2025-05-15 17:10:01'),
	('9eeb2c72-1afa-4a3b-ba73-eea114c1135a','9eeb2c72-1828-4a9a-abd6-c2abe69d2e6d','f18fa99e-8d3c-4b6b-91a3-9c0000000003','Umpan balik','Umpan balik terhadap dokter muda',1,1,NULL,NULL,1,'2025-05-15 17:10:01','2025-05-15 17:10:01'),
	('9eeb2c72-1afa-4a3b-ba73-eea114c1135f','9eeb2c72-1828-4a9a-abd6-c2abe69d2e6c','f18fa99e-8d3c-4b6b-91a3-9c0000000003','Umpan balik','Umpan balik terhadap dokter muda',1,1,NULL,NULL,1,'2025-05-15 17:10:01','2025-05-15 17:10:01'),
	('9eeb304b-48fc-40d4-a3ad-92c40fa7bd29','9eeb18ca-f586-4138-963d-96137b329747','f18fa99e-8d3c-4b6b-91a3-9c0000000001','Informasi Pasien',NULL,1,0,NULL,NULL,0,'2025-05-15 17:20:47','2025-05-15 17:20:47'),
	('9eeb304b-4dcf-4911-a001-5da15c7baf2b','9eeb18ca-f586-4138-963d-96137b329747','f18fa99e-8d3c-4b6b-91a3-9c0000000003','Penilai',NULL,1,1,100,NULL,1,'2025-05-15 17:20:47','2025-05-15 17:20:47'),
	('9eeb3543-3fcc-44bd-bccc-dfb82c2b664c','9eeb3543-3dc5-4bc0-945a-c05f0e765bdd','f18fa99e-8d3c-4b6b-91a3-9c0000000001','Formulir dokter muda',NULL,1,0,NULL,NULL,0,'2025-05-15 17:34:41','2025-05-15 17:34:41'),
	('9eeb3543-3fcc-44bd-bccc-dfb82c2b664d','9eeb3543-3dc5-4bc0-945a-c05f0e765bde','f18fa99e-8d3c-4b6b-91a3-9c0000000001','Formulir dokter muda',NULL,1,0,NULL,NULL,0,'2025-05-15 17:34:41','2025-05-15 17:34:41'),
	('9eeb3543-43f9-45a8-9bdc-8134fef5d7ae','9eeb3543-3dc5-4bc0-945a-c05f0e765bdd','f18fa99e-8d3c-4b6b-91a3-9c0000000003','Formulir penilai',NULL,1,1,100,NULL,1,'2025-05-15 17:34:41','2025-05-15 17:34:41'),
	('9eeb3543-43f9-45a8-9bdc-8134fef5d7af','9eeb3543-3dc5-4bc0-945a-c05f0e765bde','f18fa99e-8d3c-4b6b-91a3-9c0000000003','Formulir penilai',NULL,1,1,100,NULL,1,'2025-05-15 17:34:41','2025-05-15 17:34:41'),
	('9f0ef247-ea3e-44f7-b9b8-24f3d0bad899','9eeb18ca-f586-4138-963d-96137b329746','f18fa99e-8d3c-4b6b-91a3-9c0000000001','Informasi Pasien',NULL,1,0,NULL,NULL,0,'2025-06-02 11:57:11','2025-06-02 11:57:11'),
	('9f0ef247-ef04-43ae-8125-9a82c77d3450','9eeb18ca-f586-4138-963d-96137b329746','f18fa99e-8d3c-4b6b-91a3-9c0000000003','Penilai',NULL,1,1,100,NULL,1,'2025-06-02 11:57:11','2025-06-02 11:57:11'),
	('9f2f3275-908d-4f64-9b1b-d64baa103c50','9f2f3275-8ffc-40b7-b533-aed75efdac4a','f18fa99e-8d3c-4b6b-91a3-9c0000000003','Penilaian',NULL,1,0,100,NULL,0,'2025-06-18 12:43:08','2025-06-18 12:43:08'),
	('9f2f33cd-a9ef-4941-ba35-c68b63105476','9f2f321b-5d8c-4289-ba07-9f3ce4f158e8','f18fa99e-8d3c-4b6b-91a3-9c0000000003','Penilaian',NULL,1,0,100,NULL,0,'2025-06-18 12:46:53','2025-06-18 12:46:53'),
	('9f2f33cd-ab62-468a-a28d-ff4e9e059003','9f2f321b-5d8c-4289-ba07-9f3ce4f158e8','f18fa99e-8d3c-4b6b-91a3-9c0000000003','Feedback',NULL,1,0,NULL,NULL,1,'2025-06-18 12:46:53','2025-06-18 12:46:53'),
	('9f2f58ae-79c5-4ce2-9cec-93cab136adc4','9f2f58ae-7811-4933-87c9-64176742badc','f18fa99e-8d3c-4b6b-91a3-9c0000000003','Penialaian',NULL,1,1,100,NULL,0,'2025-06-18 14:30:01','2025-06-18 14:30:01'),
	('9f2f5a24-6c4c-47f2-900d-c1b97b3ae880','9f2f5a1a-bdd1-4298-b0e8-4dac33368ab4','f18fa99e-8d3c-4b6b-91a3-9c0000000001','Artikel',NULL,1,0,NULL,NULL,0,'2025-06-18 14:34:06','2025-06-18 14:34:06'),
	('9f2f5a24-6df9-4531-922a-d543a5d088ac','9f2f5a1a-bdd1-4298-b0e8-4dac33368ab4','f18fa99e-8d3c-4b6b-91a3-9c0000000003','Penilaian',NULL,1,1,100,NULL,1,'2025-06-18 14:34:06','2025-06-18 14:34:06');

/*!40000 ALTER TABLE `group_form_sections` ENABLE KEYS */;
UNLOCK TABLES;


# Dump of table group_forms
# ------------------------------------------------------------

DROP TABLE IF EXISTS `group_forms`;

CREATE TABLE `group_forms` (
  `id` char(36) CHARACTER SET utf8mb4 COLLATE utf8mb4_unicode_ci NOT NULL,
  `group_id` char(36) CHARACTER SET utf8mb4 COLLATE utf8mb4_unicode_ci NOT NULL,
  `authority_id` char(36) CHARACTER SET utf8mb4 COLLATE utf8mb4_unicode_ci DEFAULT NULL,
  `name` varchar(255) CHARACTER SET utf8mb4 COLLATE utf8mb4_unicode_ci NOT NULL,
  `description` text CHARACTER SET utf8mb4 COLLATE utf8mb4_unicode_ci,
  `modifier` json DEFAULT NULL,
  `is_active` tinyint(1) NOT NULL DEFAULT '1',
  `created_at` timestamp NULL DEFAULT NULL,
  `updated_at` timestamp NULL DEFAULT NULL,
  PRIMARY KEY (`id`)
) ENGINE=InnoDB DEFAULT CHARSET=utf8mb4 COLLATE=utf8mb4_unicode_ci;

LOCK TABLES `group_forms` WRITE;
/*!40000 ALTER TABLE `group_forms` DISABLE KEYS */;

INSERT INTO `group_forms` (`id`, `group_id`, `authority_id`, `name`, `description`, `modifier`, `is_active`, `created_at`, `updated_at`)
VALUES
	('9eeb18ca-f586-4138-963d-96137b329746','9eeb07bf-e0d5-46ed-a808-e651ac27a3a4','null','Formulir Mini CEX','Formulir Asesmen Mini CEX (MINI CLINICAL EVALUATION EXERCISE)','null',1,'2025-05-15 16:15:04','2025-06-02 11:57:11'),
	('9eeb18ca-f586-4138-963d-96137b329747','9eeb2d32-8b40-45da-808c-787c732c93d6',NULL,'Formulir Mini CEX','Formulir Asesmen Mini CEX (MINI CLINICAL EVALUATION EXERCISE)','null',1,'2025-05-15 16:15:04','2025-05-15 17:07:37'),
	('9eeb2c72-1828-4a9a-abd6-c2abe69d2e6c','9eeb2933-d8bd-4d52-9daa-4075eef5a262',NULL,'Formulir Tutorial Klinik','Formulir Tutorial Klinik',NULL,1,'2025-05-15 17:10:01','2025-05-15 17:10:01'),
	('9eeb2c72-1828-4a9a-abd6-c2abe69d2e6d','9eeb2d41-6fd7-49e8-bbf6-271bf4fbeb03',NULL,'Formulir Bed Site Teaching','Formulir Bed Site Teaching',NULL,1,'2025-05-15 17:10:01','2025-05-15 17:10:01'),
	('9eeb3543-3dc5-4bc0-945a-c05f0e765bdd','9eeb3241-2e88-4b95-a231-f2976886e342',NULL,'Formulir DOPS','Formulir DOPS (DIRECT OBSERVATION OF PROCEDURAL SKILLS)',NULL,1,'2025-05-15 17:34:41','2025-05-15 17:34:41'),
	('9eeb3543-3dc5-4bc0-945a-c05f0e765bde','9eeb3241-2e88-4b95-a231-f2976886e343',NULL,'Formulir DOPS','Formulir DOPS (DIRECT OBSERVATION OF PROCEDURAL SKILLS)',NULL,1,'2025-05-15 17:34:41','2025-05-15 17:34:41'),
	('9f2f321b-5d8c-4289-ba07-9f3ce4f158e8','9f2f31a8-733b-41cc-a384-bd22fcd2e357','f18fa99e-8d3c-4b6b-91a3-9c0000000003','OSLER','Formulir Nilai Osler','null',1,'2025-06-18 12:42:09','2025-06-18 12:46:42'),
	('9f2f3275-8ffc-40b7-b533-aed75efdac4a','9f2f3237-572c-41d2-8376-65b9771c3928','f18fa99e-8d3c-4b6b-91a3-9c0000000003','Nilai Ujian Tulis','Formulir Nilai Ujian Tulis',NULL,1,'2025-06-18 12:43:08','2025-06-18 12:43:08'),
	('9f2f58ae-7811-4933-87c9-64176742badc','9f2f5718-7fe6-4f01-b044-214e45296b6f','f18fa99e-8d3c-4b6b-91a3-9c0000000003','Formulir Refleksi Kasus','Formulir Refleksi Kasus',NULL,1,'2025-06-18 14:30:01','2025-06-18 14:30:01'),
	('9f2f5a1a-bdd1-4298-b0e8-4dac33368ab4','9f2f56bc-9da3-43fe-95e6-77a5a8b01d89','f18fa99e-8d3c-4b6b-91a3-9c0000000001','Formulir Journal Reading','Formulir Journal Reading','null',1,'2025-06-18 14:33:59','2025-06-18 14:34:06');

/*!40000 ALTER TABLE `group_forms` ENABLE KEYS */;
UNLOCK TABLES;


# Dump of table groups
# ------------------------------------------------------------

DROP TABLE IF EXISTS `groups`;

CREATE TABLE `groups` (
  `id` char(36) CHARACTER SET utf8mb4 COLLATE utf8mb4_unicode_ci NOT NULL,
  `group_id` char(36) CHARACTER SET utf8mb4 COLLATE utf8mb4_unicode_ci DEFAULT NULL,
  `code` varchar(255) CHARACTER SET utf8mb4 COLLATE utf8mb4_unicode_ci NOT NULL,
  `name` varchar(255) CHARACTER SET utf8mb4 COLLATE utf8mb4_unicode_ci NOT NULL,
  `modifier` json DEFAULT NULL,
  `is_active` tinyint(1) NOT NULL DEFAULT '1',
  `created_at` timestamp NULL DEFAULT NULL,
  `updated_at` timestamp NULL DEFAULT NULL,
  PRIMARY KEY (`id`)
) ENGINE=InnoDB DEFAULT CHARSET=utf8mb4 COLLATE=utf8mb4_unicode_ci;

LOCK TABLES `groups` WRITE;
/*!40000 ALTER TABLE `groups` DISABLE KEYS */;

INSERT INTO `groups` (`id`, `group_id`, `code`, `name`, `modifier`, `is_active`, `created_at`, `updated_at`)
VALUES
	('9eeb073b-6646-40cc-b934-a5cfb6383dd5',NULL,'IPD','Ilmu penyakit dalam',NULL,1,'2025-05-15 15:25:58','2025-05-15 15:25:58'),
	('9eeb07bf-e0d5-46ed-a808-e651ac27a3a4','9eeb073b-6646-40cc-b934-a5cfb6383dd5','MCX','Mini CEX',NULL,1,'2025-05-15 15:27:25','2025-05-15 15:27:25'),
	('9eeb2933-d8bd-4d52-9daa-4075eef5a262','9eeb073b-6646-40cc-b934-a5cfb6383dd5','TKL','Tutorial Klinik',NULL,1,'2025-05-15 17:00:57','2025-05-15 17:00:57'),
	('9eeb2d1d-8083-4adc-a3ca-583c5aa1e098',NULL,'IKM','Ilmu kesehatan mata',NULL,1,'2025-05-15 17:11:54','2025-05-15 17:11:54'),
	('9eeb2d32-8b40-45da-808c-787c732c93d6','9eeb2d1d-8083-4adc-a3ca-583c5aa1e098','MCX','Mini CEX',NULL,1,'2025-05-15 17:12:07','2025-05-15 17:12:07'),
	('9eeb2d41-6fd7-49e8-bbf6-271bf4fbeb03','9eeb2d1d-8083-4adc-a3ca-583c5aa1e098','BST','Bed Site Teaching',NULL,1,'2025-05-15 17:12:17','2025-05-15 17:12:17'),
	('9eeb3241-2e88-4b95-a231-f2976886e342','9eeb2d1d-8083-4adc-a3ca-583c5aa1e098','DOPS','DOPS',NULL,1,'2025-05-15 17:26:16','2025-05-15 17:26:16'),
	('9eeb3241-2e88-4b95-a231-f2976886e343','9eeb073b-6646-40cc-b934-a5cfb6383dd5','DOPS','DOPS',NULL,1,'2025-05-15 17:26:16','2025-05-15 17:26:16'),
	('9f2f31a8-733b-41cc-a384-bd22fcd2e357','9eeb073b-6646-40cc-b934-a5cfb6383dd5','OSLR','OSLER',NULL,1,'2025-06-18 12:40:54','2025-06-18 12:40:54'),
	('9f2f3237-572c-41d2-8376-65b9771c3928','9eeb073b-6646-40cc-b934-a5cfb6383dd5','NLI','Nilai Ujian Tulis',NULL,1,'2025-06-18 12:42:27','2025-06-18 12:42:27'),
	('9f2f5586-dae6-4a17-a07d-f58e960047be',NULL,'IB','Ilmu Bedah',NULL,1,'2025-06-18 14:21:11','2025-06-18 14:21:11'),
	('9f2f559c-70cb-4d82-b318-04ae866e23fd',NULL,'OBG','Obstetri dan Ginekologi',NULL,1,'2025-06-18 14:21:25','2025-06-18 14:21:25'),
	('9f2f55ab-2abb-45f7-9adc-5c91d6b554a6',NULL,'IKA','Ilmu Kesehatan Anak',NULL,1,'2025-06-18 14:21:35','2025-06-18 14:21:35'),
	('9f2f55b8-fa4d-4b2b-83b0-050527e561b3',NULL,'IKM','Ilmu Kesehatan Masyarakat',NULL,1,'2025-06-18 14:21:44','2025-06-18 14:21:44'),
	('9f2f55c3-d852-4f27-bfc4-76e49aae4236',NULL,'NEU','Neurologi',NULL,1,'2025-06-18 14:21:51','2025-06-18 14:21:51'),
	('9f2f55db-a8a1-4600-9594-d5767589b577',NULL,'IPT','Ilmu Penyakit THT-Kepala Leher',NULL,1,'2025-06-18 14:22:07','2025-06-18 14:22:07'),
	('9f2f55e7-ebf1-468c-b7e4-926b3755081f',NULL,'DERM','Dermatovenereologi',NULL,1,'2025-06-18 14:22:15','2025-06-18 14:22:15'),
	('9f2f55fb-0ce6-4144-9525-33a2d05dab6b',NULL,'IKJ','Ilmu Kedokteran Jiwa',NULL,1,'2025-06-18 14:22:27','2025-06-18 14:22:27'),
	('9f2f5610-2313-422b-842c-910457520761',NULL,'IKF','Ilmu Kedokteran Forensik',NULL,1,'2025-06-18 14:22:41','2025-06-18 14:22:41'),
	('9f2f561b-0fa7-4334-ab0f-7fe8c9baa349',NULL,'RAD','Radiologi',NULL,1,'2025-06-18 14:22:48','2025-06-18 14:22:48'),
	('9f2f5630-ed8a-4c2e-98fe-3c73d4b112fb',NULL,'ANES','Anestesiologi dan Terapi Intensif',NULL,1,'2025-06-18 14:23:03','2025-06-18 14:23:03'),
	('9f2f5643-8bce-42fa-96e3-ff57f2f042e3',NULL,'DUA','Dokter Ulil Albab',NULL,1,'2025-06-18 14:23:15','2025-06-18 14:23:15'),
	('9f2f5662-364e-4433-b3f5-5e2f661f656f',NULL,'KOMP','Komprehensif',NULL,1,'2025-06-18 14:23:35','2025-06-18 14:23:35'),
	('9f2f56bc-9da3-43fe-95e6-77a5a8b01d89','9eeb073b-6646-40cc-b934-a5cfb6383dd5','JR','Journal Reading',NULL,1,'2025-06-18 14:24:34','2025-06-18 14:24:34'),
	('9f2f5718-7fe6-4f01-b044-214e45296b6f','9eeb073b-6646-40cc-b934-a5cfb6383dd5','REFL','Refleksi Kasus',NULL,1,'2025-06-18 14:25:35','2025-06-18 14:25:35');

/*!40000 ALTER TABLE `groups` ENABLE KEYS */;
UNLOCK TABLES;


# Dump of table histories
# ------------------------------------------------------------

DROP TABLE IF EXISTS `histories`;

CREATE TABLE `histories` (
  `id` char(36) CHARACTER SET utf8mb4 COLLATE utf8mb4_unicode_ci NOT NULL,
  `historyable_id` char(36) CHARACTER SET utf8mb4 COLLATE utf8mb4_unicode_ci NOT NULL,
  `historyable_type` varchar(255) CHARACTER SET utf8mb4 COLLATE utf8mb4_unicode_ci NOT NULL,
  `description` varchar(255) CHARACTER SET utf8mb4 COLLATE utf8mb4_unicode_ci NOT NULL,
  `note` varchar(255) CHARACTER SET utf8mb4 COLLATE utf8mb4_unicode_ci DEFAULT NULL,
  `user_id` char(36) CHARACTER SET utf8mb4 COLLATE utf8mb4_unicode_ci DEFAULT NULL,
  `user_name` char(36) CHARACTER SET utf8mb4 COLLATE utf8mb4_unicode_ci DEFAULT NULL,
  `created_at` timestamp NULL DEFAULT NULL,
  `updated_at` timestamp NULL DEFAULT NULL,
  PRIMARY KEY (`id`)
) ENGINE=InnoDB DEFAULT CHARSET=utf8mb4 COLLATE=utf8mb4_unicode_ci;

LOCK TABLES `histories` WRITE;
/*!40000 ALTER TABLE `histories` DISABLE KEYS */;

INSERT INTO `histories` (`id`, `historyable_id`, `historyable_type`, `description`, `note`, `user_id`, `user_name`, `created_at`, `updated_at`)
VALUES
	('9eeb1c96-02af-4c58-a147-d2305d8d137c','9eeb1c96-0069-4d6b-ac18-1a3c599cd60c','App\\Models\\Assessment','submitted',NULL,'3','Mahasiswa 2','2025-05-15 16:25:40','2025-05-15 16:25:40'),
	('9f2f413f-2ea6-4532-990d-2786f7a54f2f','9f2f413f-2aa8-4122-b785-691dcfb1af2a','App\\Models\\Assessment','assessed',NULL,'5','DPK1','2025-06-18 13:24:29','2025-06-18 13:24:29'),
	('9f2f413f-3022-4bab-ae95-3f98136ed86e','9f2f413f-2f06-4497-8fed-8a25263e2d9c','App\\Models\\Assessment','assessed',NULL,'5','DPK1','2025-06-18 13:24:29','2025-06-18 13:24:29'),
	('9f2f413f-31a0-4761-a98c-3571dd03531d','9f2f413f-3089-43a6-9cf5-c7ea5bf9ea09','App\\Models\\Assessment','assessed',NULL,'5','DPK1','2025-06-18 13:24:29','2025-06-18 13:24:29'),
	('9f2f413f-3326-42cf-beaa-5ef39e4f4b3e','9f2f413f-31ff-413f-96bb-a00d7befe58e','App\\Models\\Assessment','assessed',NULL,'5','DPK1','2025-06-18 13:24:29','2025-06-18 13:24:29'),
	('9f2f413f-34a2-422c-9aa5-e4eab8753106','9f2f413f-3389-41a6-b903-e18307c141e2','App\\Models\\Assessment','assessed',NULL,'5','DPK1','2025-06-18 13:24:29','2025-06-18 13:24:29');

/*!40000 ALTER TABLE `histories` ENABLE KEYS */;
UNLOCK TABLES;


# Dump of table job_batches
# ------------------------------------------------------------

DROP TABLE IF EXISTS `job_batches`;

CREATE TABLE `job_batches` (
  `id` varchar(255) CHARACTER SET utf8mb4 COLLATE utf8mb4_unicode_ci NOT NULL,
  `name` varchar(255) CHARACTER SET utf8mb4 COLLATE utf8mb4_unicode_ci NOT NULL,
  `total_jobs` int NOT NULL,
  `pending_jobs` int NOT NULL,
  `failed_jobs` int NOT NULL,
  `failed_job_ids` longtext CHARACTER SET utf8mb4 COLLATE utf8mb4_unicode_ci NOT NULL,
  `options` mediumtext CHARACTER SET utf8mb4 COLLATE utf8mb4_unicode_ci,
  `cancelled_at` int DEFAULT NULL,
  `created_at` int NOT NULL,
  `finished_at` int DEFAULT NULL,
  PRIMARY KEY (`id`)
) ENGINE=InnoDB DEFAULT CHARSET=utf8mb4 COLLATE=utf8mb4_unicode_ci;



# Dump of table jobs
# ------------------------------------------------------------

DROP TABLE IF EXISTS `jobs`;

CREATE TABLE `jobs` (
  `id` bigint unsigned NOT NULL AUTO_INCREMENT,
  `queue` varchar(255) CHARACTER SET utf8mb4 COLLATE utf8mb4_unicode_ci NOT NULL,
  `payload` longtext CHARACTER SET utf8mb4 COLLATE utf8mb4_unicode_ci NOT NULL,
  `attempts` tinyint unsigned NOT NULL,
  `reserved_at` int unsigned DEFAULT NULL,
  `available_at` int unsigned NOT NULL,
  `created_at` int unsigned NOT NULL,
  PRIMARY KEY (`id`),
  KEY `jobs_queue_index` (`queue`)
) ENGINE=InnoDB DEFAULT CHARSET=utf8mb4 COLLATE=utf8mb4_unicode_ci;



# Dump of table master_globals
# ------------------------------------------------------------

DROP TABLE IF EXISTS `master_globals`;

CREATE TABLE `master_globals` (
  `id` char(36) CHARACTER SET utf8mb4 COLLATE utf8mb4_unicode_ci NOT NULL,
  `condition` varchar(255) CHARACTER SET utf8mb4 COLLATE utf8mb4_unicode_ci NOT NULL,
  `code` varchar(255) CHARACTER SET utf8mb4 COLLATE utf8mb4_unicode_ci NOT NULL,
  `name` varchar(255) CHARACTER SET utf8mb4 COLLATE utf8mb4_unicode_ci NOT NULL,
  `value` varchar(255) CHARACTER SET utf8mb4 COLLATE utf8mb4_unicode_ci NOT NULL,
  `modifier` json DEFAULT NULL,
  `is_active` tinyint(1) NOT NULL DEFAULT '1',
  `created_at` timestamp NULL DEFAULT NULL,
  `updated_at` timestamp NULL DEFAULT NULL,
  PRIMARY KEY (`id`)
) ENGINE=InnoDB DEFAULT CHARSET=utf8mb4 COLLATE=utf8mb4_unicode_ci;

LOCK TABLES `master_globals` WRITE;
/*!40000 ALTER TABLE `master_globals` DISABLE KEYS */;

INSERT INTO `master_globals` (`id`, `condition`, `code`, `name`, `value`, `modifier`, `is_active`, `created_at`, `updated_at`)
VALUES
	('9eeb299c-71b8-47f3-8d6f-ca3811a5dc3d','GENDER','GNDR','Laki-laki','Laki-laki',NULL,1,'2025-05-15 17:02:06','2025-05-15 17:02:06'),
	('9eeb29ad-c261-424c-b66d-2c17dc12c506','GENDER','GNDR','Perempuan','Perempuan',NULL,1,'2025-05-15 17:02:17','2025-05-15 17:02:17'),
	('9eeb29e7-a79e-4d10-a032-2136d10b2c73','ROOM_SITUATION','ROMS','Rawat jalan','Rawat jalan',NULL,1,'2025-05-15 17:02:55','2025-05-15 17:02:55'),
	('9eeb29f4-47b9-4e6d-842f-c55f44784f3e','ROOM_SITUATION','ROMS','Rawat inap','Rawat inap',NULL,1,'2025-05-15 17:03:03','2025-05-15 17:03:03'),
	('9eeb2a0f-a99e-4c22-9413-67c4cadbd89e','ROOM_SITUATION','ROMS','UGD','UGD',NULL,1,'2025-05-15 17:03:21','2025-05-15 17:03:21'),
	('9eeb2a40-8117-44d5-88a0-8d889cfa2565','DIFFICULTY','DFCL','Rendah','Rendah',NULL,1,'2025-05-15 17:03:53','2025-05-15 17:03:53'),
	('9eeb2a59-9f7f-421b-a473-a11444b5e7e7','DIFFICULTY','DFCL','Sedang','Sedang',NULL,1,'2025-05-15 17:04:10','2025-05-15 17:04:10'),
	('9eeb2a70-3a4d-4213-bfa2-96ba4448c144','DIFFICULTY','DFCL','Tinggi','Tinggi',NULL,1,'2025-05-15 17:04:25','2025-05-15 17:04:25'),
	('9eeb2a89-2783-47d6-8413-ee764a648ce3','FOCUS','FOCS','Pengumpulan data','Pengumpulan data',NULL,1,'2025-05-15 17:04:41','2025-05-15 17:04:41'),
	('9eeb2a99-a2f1-4d1c-a3a8-5e80272cb4c0','FOCUS','FOCS','Pemeriksaan Fisik','Pemeriksaan Fisik',NULL,1,'2025-05-15 17:04:52','2025-05-15 17:04:52'),
	('9eeb2aaf-1081-4989-a622-6c14778abc5f','FOCUS','FOCS','Diagnosis','Diagnosis',NULL,1,'2025-05-15 17:05:06','2025-05-15 17:05:06'),
	('9eeb2ac6-50e9-4e4b-b2c3-25b4ea1b4583','FOCUS','FOCS','Manajemen','Manajemen',NULL,1,'2025-05-15 17:05:21','2025-05-15 17:05:21'),
	('9eeb2afa-d340-4968-9731-02b215545b62','RESULT_POINT','RSLP','Kurang sekali','Kurang sekali',NULL,1,'2025-05-15 17:05:55','2025-05-15 17:05:55'),
	('9eeb2b06-4c8c-4b6d-a133-a167d307baaa','RESULT_POINT','RSLP','Kurang','Kurang',NULL,1,'2025-05-15 17:06:03','2025-05-15 17:06:03'),
	('9eeb2b1c-0dfd-4ec7-aa00-5d4ff194c0da','RESULT_POINT','RSLP','Cukup','Cukup',NULL,1,'2025-05-15 17:06:17','2025-05-15 17:06:17'),
	('9eeb2b3e-d48a-4ed1-9023-6008fcaf5ddc','RESULT_POINT','RSLP','Baik','Baik',NULL,1,'2025-05-15 17:06:40','2025-05-15 17:06:40'),
	('9eeb2b4e-b47c-466a-9d95-78f49aa8b660','RESULT_POINT','RSLP','Baik sekali','Baik sekali',NULL,1,'2025-05-15 17:06:50','2025-05-15 17:06:50');

/*!40000 ALTER TABLE `master_globals` ENABLE KEYS */;
UNLOCK TABLES;


# Dump of table menu_apis
# ------------------------------------------------------------

DROP TABLE IF EXISTS `menu_apis`;

CREATE TABLE `menu_apis` (
  `id` char(36) COLLATE utf8mb4_unicode_ci NOT NULL,
  `menu_id` char(36) COLLATE utf8mb4_unicode_ci NOT NULL,
  `url_pattern` varchar(255) COLLATE utf8mb4_unicode_ci NOT NULL,
  `method` json DEFAULT NULL,
  `action_id` json DEFAULT NULL,
  `created_at` timestamp NULL DEFAULT NULL,
  `updated_at` timestamp NULL DEFAULT NULL,
  PRIMARY KEY (`id`)
) ENGINE=InnoDB DEFAULT CHARSET=utf8mb4 COLLATE=utf8mb4_unicode_ci;



# Dump of table menu_authorities
# ------------------------------------------------------------

DROP TABLE IF EXISTS `menu_authorities`;

CREATE TABLE `menu_authorities` (
  `id` char(36) CHARACTER SET utf8mb4 COLLATE utf8mb4_unicode_ci NOT NULL,
  `menu_id` char(36) CHARACTER SET utf8mb4 COLLATE utf8mb4_unicode_ci DEFAULT NULL,
  `authority_id` char(36) CHARACTER SET utf8mb4 COLLATE utf8mb4_unicode_ci DEFAULT NULL,
  `created_at` timestamp NULL DEFAULT NULL,
  `updated_at` timestamp NULL DEFAULT NULL,
  PRIMARY KEY (`id`)
) ENGINE=InnoDB DEFAULT CHARSET=utf8mb4 COLLATE=utf8mb4_unicode_ci;

LOCK TABLES `menu_authorities` WRITE;
/*!40000 ALTER TABLE `menu_authorities` DISABLE KEYS */;

INSERT INTO `menu_authorities` (`id`, `menu_id`, `authority_id`, `created_at`, `updated_at`)
VALUES
	('24ffe3c0-b11d-4df3-963b-6c4c7862b272','9eaa6e16-e6e8-4065-b0de-3f823741cb30','f18fa99e-8d3c-4b6b-91a3-9c0000000005','2025-04-13 12:46:04','2025-04-13 12:46:04'),
	('30489da9-b47f-4bbe-8dcc-f368c9e08d6c','9eaa64b6-6ce1-44ca-b04c-1e4495ba0cd5','f18fa99e-8d3c-4b6b-91a3-9c0000000006','2025-05-15 15:24:27','2025-05-15 15:24:27'),
	('3e2ef021-2265-483b-b421-f36922038c2f','9eeb069b-08e9-4929-8a1b-d1a0fbd3d590','f18fa99e-8d3c-4b6b-91a3-9c0000000006','2025-05-15 15:24:27','2025-05-15 15:24:27'),
	('40af3e45-affc-4c35-98df-593cafb54519','c18fa99c-8d3c-4b6b-91a3-9c0000000005','f18fa99e-8d3c-4b6b-91a3-9c0000000006','2025-05-15 15:24:27','2025-05-15 15:24:27'),
	('4c5c3844-7dfd-4fb1-bcd6-8c6caa2c205d','c18fa99c-8d3c-4b6b-91a3-9c0000000001','f18fa99e-8d3c-4b6b-91a3-9c0000000006','2025-05-15 15:24:27','2025-05-15 15:24:27'),
	('4d9cf87e-5874-464f-b71c-2ce279c70139','c18fa99c-8d3c-4b6b-91a3-9c0000000001','f18fa99e-8d3c-4b6b-91a3-9c0000000001','2025-04-13 12:43:49','2025-04-13 12:43:49'),
	('505f6a33-31a9-4328-9930-a53bb4a52aed','9eaa6af3-ba47-4d29-9598-98b13ce0bd5e','f18fa99e-8d3c-4b6b-91a3-9c0000000006','2025-05-15 15:24:27','2025-05-15 15:24:27'),
	('68d9a616-7975-436c-ac1b-586483f9349b','9eeb05cd-1bbf-4c96-aad4-58f19e8bbfb9','f18fa99e-8d3c-4b6b-91a3-9c0000000006','2025-05-15 15:24:27','2025-05-15 15:24:27'),
	('88457121-ad9e-4789-bd6d-fb7079c5b3a7','9eaa64ce-8577-41d3-8f7b-e17b173b3750','f18fa99e-8d3c-4b6b-91a3-9c0000000006','2025-05-15 15:24:27','2025-05-15 15:24:27'),
	('b9bb4c0f-6983-4267-97e8-0d38d7450a06','c18fa99c-8d3c-4b6b-91a3-9c0000000002','f18fa99e-8d3c-4b6b-91a3-9c0000000006','2025-05-15 15:24:27','2025-05-15 15:24:27'),
	('c4762e9d-55fb-40bc-aed5-19b08928706d','9eaa6add-f112-4767-83dd-7221527977ca','f18fa99e-8d3c-4b6b-91a3-9c0000000006','2025-05-15 15:24:27','2025-05-15 15:24:27'),
	('c71dec48-743b-45d1-8b0a-5adcc8f11c28','c18fa99c-8d3c-4b6b-91a3-9c0000000004','f18fa99e-8d3c-4b6b-91a3-9c0000000006','2025-05-15 15:24:27','2025-05-15 15:24:27'),
	('d084907d-1805-412d-b894-95ab642a4e25','c18fa99c-8d3c-4b6b-91a3-9c0000000007','f18fa99e-8d3c-4b6b-91a3-9c0000000006','2025-05-15 15:24:27','2025-05-15 15:24:27'),
	('d8f21054-3e04-4341-819c-d5f8f329c2f6','9eaa64df-d0cb-43a0-bf08-7daa4b61348f','f18fa99e-8d3c-4b6b-91a3-9c0000000006','2025-05-15 15:24:27','2025-05-15 15:24:27'),
	('d91daa0d-2ee7-48f6-b551-f1d219d14f9a','c18fa99c-8d3c-4b6b-91a3-9c0000000006','f18fa99e-8d3c-4b6b-91a3-9c0000000006','2025-05-15 15:24:27','2025-05-15 15:24:27'),
	('db29b818-a7a3-4168-b362-6a29d6d0a182','9eaa6bf4-f8e6-4d66-bd81-2b212a4324e8','f18fa99e-8d3c-4b6b-91a3-9c0000000006','2025-05-15 15:24:27','2025-05-15 15:24:27'),
	('e5edc1b5-5d79-47d1-99c4-7b2738a50032','9eaa6e16-e6e8-4065-b0de-3f823741cb30','f18fa99e-8d3c-4b6b-91a3-9c0000000006','2025-05-15 15:24:27','2025-05-15 15:24:27'),
	('ebcfa206-85eb-408e-8106-53cd072c7a9d','c18fa99c-8d3c-4b6b-91a3-9c0000000003','f18fa99e-8d3c-4b6b-91a3-9c0000000006','2025-05-15 15:24:27','2025-05-15 15:24:27'),
	('f0817adb-da08-48b2-af14-b1ed790934c2','9eaa6e16-e6e8-4065-b0de-3f823741cb30','f18fa99e-8d3c-4b6b-91a3-9c0000000004','2025-04-13 12:45:16','2025-04-13 12:45:16'),
	('fc1dcf1a-2800-4ccc-acd8-6a4e0b205787','9eaa6bf4-f8e6-4d66-bd81-2b212a4324e8','f18fa99e-8d3c-4b6b-91a3-9c0000000003','2025-04-13 12:43:15','2025-04-13 12:43:15');

/*!40000 ALTER TABLE `menu_authorities` ENABLE KEYS */;
UNLOCK TABLES;


# Dump of table menus
# ------------------------------------------------------------

DROP TABLE IF EXISTS `menus`;

CREATE TABLE `menus` (
  `id` char(36) CHARACTER SET utf8mb4 COLLATE utf8mb4_unicode_ci NOT NULL,
  `application_id` char(36) CHARACTER SET utf8mb4 COLLATE utf8mb4_unicode_ci DEFAULT NULL,
  `menu_id` char(36) CHARACTER SET utf8mb4 COLLATE utf8mb4_unicode_ci DEFAULT NULL,
  `name` varchar(255) CHARACTER SET utf8mb4 COLLATE utf8mb4_unicode_ci NOT NULL,
  `url` varchar(255) CHARACTER SET utf8mb4 COLLATE utf8mb4_unicode_ci NOT NULL,
  `icon` text CHARACTER SET utf8mb4 COLLATE utf8mb4_unicode_ci,
  `description` varchar(255) CHARACTER SET utf8mb4 COLLATE utf8mb4_unicode_ci DEFAULT NULL,
  `order` int NOT NULL DEFAULT '0',
  `is_active` tinyint(1) NOT NULL DEFAULT '1',
  `created_at` timestamp NULL DEFAULT NULL,
  `updated_at` timestamp NULL DEFAULT NULL,
  PRIMARY KEY (`id`),
  KEY `menus_application_id_foreign` (`application_id`),
  CONSTRAINT `menus_application_id_foreign` FOREIGN KEY (`application_id`) REFERENCES `applications` (`id`) ON DELETE CASCADE
) ENGINE=InnoDB DEFAULT CHARSET=utf8mb4 COLLATE=utf8mb4_unicode_ci;

LOCK TABLES `menus` WRITE;
/*!40000 ALTER TABLE `menus` DISABLE KEYS */;

INSERT INTO `menus` (`id`, `application_id`, `menu_id`, `name`, `url`, `icon`, `description`, `order`, `is_active`, `created_at`, `updated_at`)
VALUES
	('9eaa6441-2e2c-4081-bd25-6597f7ff9f9b','c18fa99e-8d3c-4b6b-91a3-9c0000000001',NULL,'Konfigurasi','configuration','<svg class=\"w-6 h-6\" aria-hidden=\"true\" xmlns=\"http://www.w3.org/2000/svg\" width=\"24\" height=\"24\" fill=\"none\" viewBox=\"0 0 24 24\"><path stroke=\"currentColor\" stroke-linecap=\"round\" stroke-width=\"2\" d=\"M20 6H10m0 0a2 2 0 1 0-4 0m4 0a2 2 0 1 1-4 0m0 0H4m16 6h-2m0 0a2 2 0 1 0-4 0m4 0a2 2 0 1 1-4 0m0 0H4m16 6H10m0 0a2 2 0 1 0-4 0m4 0a2 2 0 1 1-4 0m0 0H4\"/></svg>','Konfigurasi',5,1,'2025-04-13 12:17:16','2025-04-13 12:17:16'),
	('9eaa64b6-6ce1-44ca-b04c-1e4495ba0cd5','c18fa99e-8d3c-4b6b-91a3-9c0000000001','9eaa6441-2e2c-4081-bd25-6597f7ff9f9b','Periode','periode','<svg class=\"w-6 h-6 transition duration-75\" aria-hidden=\"true\" xmlns=\"http://www.w3.org/2000/svg\" width=\"24\" height=\"24\" fill=\"none\" viewBox=\"0 0 24 24\"><path stroke=\"currentColor\" stroke-linecap=\"round\" stroke-width=\"2\" d=\"M8.737 8.737a21.49 21.49 0 0 1 3.308-2.724m0 0c3.063-2.026 5.99-2.641 7.331-1.3 1.827 1.828.026 6.591-4.023 10.64-4.049 4.049-8.812 5.85-10.64 4.023-1.33-1.33-.736-4.218 1.249-7.253m6.083-6.11c-3.063-2.026-5.99-2.641-7.331-1.3-1.827 1.828-.026 6.591 4.023 10.64m3.308-9.34a21.497 21.497 0 0 1 3.308 2.724m2.775 3.386c1.985 3.035 2.579 5.923 1.248 7.253-1.336 1.337-4.245.732-7.295-1.275M14 12a2 2 0 1 1-4 0 2 2 0 0 1 4 0Z\"/></svg>','Periode',1,1,'2025-04-13 12:18:33','2025-04-13 12:18:33'),
	('9eaa64ce-8577-41d3-8f7b-e17b173b3750','c18fa99e-8d3c-4b6b-91a3-9c0000000001','9eaa6441-2e2c-4081-bd25-6597f7ff9f9b','Group','group','<svg class=\"w-6 h-6 transition duration-75\" aria-hidden=\"true\" xmlns=\"http://www.w3.org/2000/svg\" width=\"24\" height=\"24\" fill=\"none\" viewBox=\"0 0 24 24\"><path stroke=\"currentColor\" stroke-linecap=\"round\" stroke-width=\"2\" d=\"M8.737 8.737a21.49 21.49 0 0 1 3.308-2.724m0 0c3.063-2.026 5.99-2.641 7.331-1.3 1.827 1.828.026 6.591-4.023 10.64-4.049 4.049-8.812 5.85-10.64 4.023-1.33-1.33-.736-4.218 1.249-7.253m6.083-6.11c-3.063-2.026-5.99-2.641-7.331-1.3-1.827 1.828-.026 6.591 4.023 10.64m3.308-9.34a21.497 21.497 0 0 1 3.308 2.724m2.775 3.386c1.985 3.035 2.579 5.923 1.248 7.253-1.336 1.337-4.245.732-7.295-1.275M14 12a2 2 0 1 1-4 0 2 2 0 0 1 4 0Z\"/></svg>','1',2,1,'2025-04-13 12:18:48','2025-04-13 12:18:48'),
	('9eaa64df-d0cb-43a0-bf08-7daa4b61348f','c18fa99e-8d3c-4b6b-91a3-9c0000000001','9eaa6441-2e2c-4081-bd25-6597f7ff9f9b','Global','global','<svg class=\"w-6 h-6 transition duration-75\" aria-hidden=\"true\" xmlns=\"http://www.w3.org/2000/svg\" width=\"24\" height=\"24\" fill=\"none\" viewBox=\"0 0 24 24\"><path stroke=\"currentColor\" stroke-linecap=\"round\" stroke-width=\"2\" d=\"M8.737 8.737a21.49 21.49 0 0 1 3.308-2.724m0 0c3.063-2.026 5.99-2.641 7.331-1.3 1.827 1.828.026 6.591-4.023 10.64-4.049 4.049-8.812 5.85-10.64 4.023-1.33-1.33-.736-4.218 1.249-7.253m6.083-6.11c-3.063-2.026-5.99-2.641-7.331-1.3-1.827 1.828-.026 6.591 4.023 10.64m3.308-9.34a21.497 21.497 0 0 1 3.308 2.724m2.775 3.386c1.985 3.035 2.579 5.923 1.248 7.253-1.336 1.337-4.245.732-7.295-1.275M14 12a2 2 0 1 1-4 0 2 2 0 0 1 4 0Z\"/></svg>',NULL,3,1,'2025-04-13 12:19:00','2025-04-13 12:19:00'),
	('9eaa6a70-090e-4d6e-aafa-aded37ecda8f','c18fa99e-8d3c-4b6b-91a3-9c0000000001',NULL,'Keyin','keyin','<svg class=\"w-6 h-6 text-gray-800 dark:text-white\" aria-hidden=\"true\" xmlns=\"http://www.w3.org/2000/svg\" width=\"24\" height=\"24\" fill=\"none\" viewBox=\"0 0 24 24\"><path stroke=\"currentColor\" stroke-linecap=\"round\" stroke-linejoin=\"round\" stroke-width=\"1.5\" d=\"M9 5v14m8-7h-2m0 0h-2m2 0v2m0-2v-2M3 11h6m-6 4h6m11 4H4c-.55228 0-1-.4477-1-1V6c0-.55228.44772-1 1-1h16c.5523 0 1 .44772 1 1v12c0 .5523-.4477 1-1 1Z\"/></svg>','keyin',4,1,'2025-04-13 12:34:33','2025-04-13 12:34:33'),
	('9eaa6add-f112-4767-83dd-7221527977ca','c18fa99e-8d3c-4b6b-91a3-9c0000000001','9eaa6a70-090e-4d6e-aafa-aded37ecda8f','Group Mahasiswa','clerkship-group','<svg class=\"w-6 h-6 transition duration-75\" aria-hidden=\"true\" xmlns=\"http://www.w3.org/2000/svg\" width=\"24\" height=\"24\" fill=\"none\" viewBox=\"0 0 24 24\"><path stroke=\"currentColor\" stroke-linecap=\"round\" stroke-width=\"2\" d=\"M8.737 8.737a21.49 21.49 0 0 1 3.308-2.724m0 0c3.063-2.026 5.99-2.641 7.331-1.3 1.827 1.828.026 6.591-4.023 10.64-4.049 4.049-8.812 5.85-10.64 4.023-1.33-1.33-.736-4.218 1.249-7.253m6.083-6.11c-3.063-2.026-5.99-2.641-7.331-1.3-1.827 1.828-.026 6.591 4.023 10.64m3.308-9.34a21.497 21.497 0 0 1 3.308 2.724m2.775 3.386c1.985 3.035 2.579 5.923 1.248 7.253-1.336 1.337-4.245.732-7.295-1.275M14 12a2 2 0 1 1-4 0 2 2 0 0 1 4 0Z\"/></svg>',NULL,1,1,'2025-04-13 12:35:45','2025-04-13 12:35:45'),
	('9eaa6af3-ba47-4d29-9598-98b13ce0bd5e','c18fa99e-8d3c-4b6b-91a3-9c0000000001','9eaa6a70-090e-4d6e-aafa-aded37ecda8f','Penjadwalan','scheduling','<svg class=\"w-6 h-6 transition duration-75\" aria-hidden=\"true\" xmlns=\"http://www.w3.org/2000/svg\" width=\"24\" height=\"24\" fill=\"none\" viewBox=\"0 0 24 24\"><path stroke=\"currentColor\" stroke-linecap=\"round\" stroke-width=\"2\" d=\"M8.737 8.737a21.49 21.49 0 0 1 3.308-2.724m0 0c3.063-2.026 5.99-2.641 7.331-1.3 1.827 1.828.026 6.591-4.023 10.64-4.049 4.049-8.812 5.85-10.64 4.023-1.33-1.33-.736-4.218 1.249-7.253m6.083-6.11c-3.063-2.026-5.99-2.641-7.331-1.3-1.827 1.828-.026 6.591 4.023 10.64m3.308-9.34a21.497 21.497 0 0 1 3.308 2.724m2.775 3.386c1.985 3.035 2.579 5.923 1.248 7.253-1.336 1.337-4.245.732-7.295-1.275M14 12a2 2 0 1 1-4 0 2 2 0 0 1 4 0Z\"/></svg>',NULL,2,1,'2025-04-13 12:35:59','2025-04-13 12:35:59'),
	('9eaa6bf4-f8e6-4d66-bd81-2b212a4324e8','c18fa99e-8d3c-4b6b-91a3-9c0000000001',NULL,'Asesmen Mahasiswa','supervisor-assessment','<svg class=\"w-6 h-6 transition duration-75\" aria-hidden=\"true\" xmlns=\"http://www.w3.org/2000/svg\" width=\"24\" height=\"24\" fill=\"none\" viewBox=\"0 0 24 24\"><path stroke=\"currentColor\" stroke-linecap=\"round\" stroke-linejoin=\"round\" stroke-width=\"1.5\" d=\"M12 6.03v13m0-13c-2.819-.831-4.715-1.076-8.029-1.023A.99.99 0 0 0 3 6v11c0 .563.466 1.014 1.03 1.007 3.122-.043 5.018.212 7.97 1.023m0-13c2.819-.831 4.715-1.076 8.029-1.023A.99.99 0 0 1 21 6v11c0 .563-.466 1.014-1.03 1.007-3.122-.043-5.018.212-7.97 1.023\"/></svg>',NULL,2,1,'2025-04-13 12:38:48','2025-04-13 12:38:48'),
	('9eaa6e16-e6e8-4065-b0de-3f823741cb30','c18fa99e-8d3c-4b6b-91a3-9c0000000001',NULL,'Rekap Nilai','score-recap','<svg class=\"w-6 h-6 transition duration-75\" aria-hidden=\"true\" xmlns=\"http://www.w3.org/2000/svg\" width=\"24\" height=\"24\" fill=\"none\" viewBox=\"0 0 24 24\"><path stroke=\"currentColor\" stroke-linecap=\"round\" stroke-linejoin=\"round\" stroke-width=\"2\" d=\"M18 6H6m12 4H6m12 4H6m12 4H6\"/></svg>',NULL,3,1,'2025-04-13 12:44:46','2025-04-13 12:44:46'),
	('9eeb05cd-1bbf-4c96-aad4-58f19e8bbfb9','c18fa99e-8d3c-4b6b-91a3-9c0000000002','c18fa99c-8d3c-4b6b-91a3-9c0000000002','Mahasiswa','student','<svg class=\"w-6 h-6 transition duration-75\" aria-hidden=\"true\" xmlns=\"http://www.w3.org/2000/svg\" width=\"24\" height=\"24\" fill=\"none\" viewBox=\"0 0 24 24\"><path stroke=\"currentColor\" stroke-linecap=\"round\" stroke-width=\"2\" d=\"M8.737 8.737a21.49 21.49 0 0 1 3.308-2.724m0 0c3.063-2.026 5.99-2.641 7.331-1.3 1.827 1.828.026 6.591-4.023 10.64-4.049 4.049-8.812 5.85-10.64 4.023-1.33-1.33-.736-4.218 1.249-7.253m6.083-6.11c-3.063-2.026-5.99-2.641-7.331-1.3-1.827 1.828-.026 6.591 4.023 10.64m3.308-9.34a21.497 21.497 0 0 1 3.308 2.724m2.775 3.386c1.985 3.035 2.579 5.923 1.248 7.253-1.336 1.337-4.245.732-7.295-1.275M14 12a2 2 0 1 1-4 0 2 2 0 0 1 4 0Z\"/></svg>','1',3,1,'2025-05-15 15:21:58','2025-05-15 15:21:58'),
	('9eeb069b-08e9-4929-8a1b-d1a0fbd3d590','c18fa99e-8d3c-4b6b-91a3-9c0000000001','9eaa6441-2e2c-4081-bd25-6597f7ff9f9b','Formulasi nilai','formulation','<svg class=\"w-6 h-6 transition duration-75\" aria-hidden=\"true\" xmlns=\"http://www.w3.org/2000/svg\" width=\"24\" height=\"24\" fill=\"none\" viewBox=\"0 0 24 24\"><path stroke=\"currentColor\" stroke-linecap=\"round\" stroke-width=\"2\" d=\"M8.737 8.737a21.49 21.49 0 0 1 3.308-2.724m0 0c3.063-2.026 5.99-2.641 7.331-1.3 1.827 1.828.026 6.591-4.023 10.64-4.049 4.049-8.812 5.85-10.64 4.023-1.33-1.33-.736-4.218 1.249-7.253m6.083-6.11c-3.063-2.026-5.99-2.641-7.331-1.3-1.827 1.828-.026 6.591 4.023 10.64m3.308-9.34a21.497 21.497 0 0 1 3.308 2.724m2.775 3.386c1.985 3.035 2.579 5.923 1.248 7.253-1.336 1.337-4.245.732-7.295-1.275M14 12a2 2 0 1 1-4 0 2 2 0 0 1 4 0Z\"/></svg>','1',1,1,'2025-05-15 15:24:13','2025-05-15 15:24:13'),
	('c18fa99c-8d3c-4b6b-91a3-9c0000000001','c18fa99e-8d3c-4b6b-91a3-9c0000000001',NULL,'Asesmen','student-assessment','<svg class=\"w-6 h-6 transition duration-75\" aria-hidden=\"true\" xmlns=\"http://www.w3.org/2000/svg\" width=\"24\" height=\"24\" fill=\"none\" viewBox=\"0 0 24 24\"><path stroke=\"currentColor\" stroke-linecap=\"round\" stroke-linejoin=\"round\" stroke-width=\"1.5\" d=\"M12 6.03v13m0-13c-2.819-.831-4.715-1.076-8.029-1.023A.99.99 0 0 0 3 6v11c0 .563.466 1.014 1.03 1.007 3.122-.043 5.018.212 7.97 1.023m0-13c2.819-.831 4.715-1.076 8.029-1.023A.99.99 0 0 1 21 6v11c0 .563-.466 1.014-1.03 1.007-3.122-.043-5.018.212-7.97 1.023\"/></svg>',NULL,1,1,'2025-04-13 11:58:11','2025-04-13 11:58:11'),
	('c18fa99c-8d3c-4b6b-91a3-9c0000000002','c18fa99e-8d3c-4b6b-91a3-9c0000000002',NULL,'Kelola','manage','<svg class=\"w-6 h-6 transition duration-75\" xmlns=\"http://www.w3.org/2000/svg\" fill=\"none\" viewBox=\"0 0 24 24\" stroke-width=\"1.5\" stroke=\"currentColor\" class=\"size-6\"><path stroke-linecap=\"round\" stroke-linejoin=\"round\" d=\"M9.594 3.94c.09-.542.56-.94 1.11-.94h2.593c.55 0 1.02.398 1.11.94l.213 1.281c.063.374.313.686.645.87.074.04.147.083.22.127.325.196.72.257 1.075.124l1.217-.456a1.125 1.125 0 0 1 1.37.49l1.296 2.247a1.125 1.125 0 0 1-.26 1.431l-1.003.827c-.293.241-.438.613-.43.992a7.723 7.723 0 0 1 0 .255c-.008.378.137.75.43.991l1.004.827c.424.35.534.955.26 1.43l-1.298 2.247a1.125 1.125 0 0 1-1.369.491l-1.217-.456c-.355-.133-.75-.072-1.076.124a6.47 6.47 0 0 1-.22.128c-.331.183-.581.495-.644.869l-.213 1.281c-.09.543-.56.94-1.11.94h-2.594c-.55 0-1.019-.398-1.11-.94l-.213-1.281c-.062-.374-.312-.686-.644-.87a6.52 6.52 0 0 1-.22-.127c-.325-.196-.72-.257-1.076-.124l-1.217.456a1.125 1.125 0 0 1-1.369-.49l-1.297-2.247a1.125 1.125 0 0 1 .26-1.431l1.004-.827c.292-.24.437-.613.43-.991a6.932 6.932 0 0 1 0-.255c.007-.38-.138-.751-.43-.992l-1.004-.827a1.125 1.125 0 0 1-.26-1.43l1.297-2.247a1.125 1.125 0 0 1 1.37-.491l1.216.456c.356.133.751.072 1.076-.124.072-.044.146-.086.22-.128.332-.183.582-.495.644-.869l.214-1.28Z\" /><path stroke-linecap=\"round\" stroke-linejoin=\"round\" d=\"M15 12a3 3 0 1 1-6 0 3 3 0 0 1 6 0Z\" /></svg>',NULL,10,1,'2025-04-13 11:58:11','2025-04-13 11:58:11'),
	('c18fa99c-8d3c-4b6b-91a3-9c0000000003','c18fa99e-8d3c-4b6b-91a3-9c0000000002','c18fa99c-8d3c-4b6b-91a3-9c0000000002','Aplikasi','applications',NULL,NULL,0,1,'2025-04-13 11:58:11','2025-04-13 11:58:11'),
	('c18fa99c-8d3c-4b6b-91a3-9c0000000004','c18fa99e-8d3c-4b6b-91a3-9c0000000002','c18fa99c-8d3c-4b6b-91a3-9c0000000002','Menu','menus',NULL,NULL,1,1,'2025-04-13 11:58:11','2025-04-13 11:58:11'),
	('c18fa99c-8d3c-4b6b-91a3-9c0000000005','c18fa99e-8d3c-4b6b-91a3-9c0000000002','c18fa99c-8d3c-4b6b-91a3-9c0000000002','Otoritas','authorities',NULL,NULL,2,1,'2025-04-13 11:58:11','2025-04-13 11:58:11'),
	('c18fa99c-8d3c-4b6b-91a3-9c0000000006','c18fa99e-8d3c-4b6b-91a3-9c0000000002','c18fa99c-8d3c-4b6b-91a3-9c0000000002','Organisasi','organizations',NULL,NULL,3,1,'2025-04-13 11:58:11','2025-04-13 11:58:11'),
	('c18fa99c-8d3c-4b6b-91a3-9c0000000007','c18fa99e-8d3c-4b6b-91a3-9c0000000002','c18fa99c-8d3c-4b6b-91a3-9c0000000002','Pengguna','users',NULL,NULL,4,1,'2025-04-13 11:58:11','2025-04-13 11:58:11');

/*!40000 ALTER TABLE `menus` ENABLE KEYS */;
UNLOCK TABLES;


# Dump of table migrations
# ------------------------------------------------------------

DROP TABLE IF EXISTS `migrations`;

CREATE TABLE `migrations` (
  `id` int unsigned NOT NULL AUTO_INCREMENT,
  `migration` varchar(255) CHARACTER SET utf8mb4 COLLATE utf8mb4_unicode_ci NOT NULL,
  `batch` int NOT NULL,
  PRIMARY KEY (`id`)
) ENGINE=InnoDB DEFAULT CHARSET=utf8mb4 COLLATE=utf8mb4_unicode_ci;

LOCK TABLES `migrations` WRITE;
/*!40000 ALTER TABLE `migrations` DISABLE KEYS */;

INSERT INTO `migrations` (`id`, `migration`, `batch`)
VALUES
	(1,'0001_01_01_000000_create_users_table',1),
	(2,'0001_01_01_000001_create_cache_table',1),
	(3,'0001_01_01_000002_create_jobs_table',1),
	(4,'2025_01_29_075024_create_personal_access_tokens_table',1),
	(5,'2025_02_05_064331_create_master_globals_table',1),
	(6,'2025_02_06_054053_create_students_table',1),
	(7,'2025_02_06_054547_create_clerkship_periods_table',1),
	(8,'2025_02_06_055817_create_clerkship_groups_table',1),
	(9,'2025_02_06_055831_create_clerkship_group_students_table',1),
	(10,'2025_02_06_064729_create_clerkship_schedules_table',1),
	(11,'2025_02_06_160854_create_assessment_sections_table',1),
	(12,'2025_02_06_163101_create_assessments_table',1),
	(13,'2025_02_08_060037_create_groups_table',1),
	(14,'2025_02_08_201408_create_group_forms_table',1),
	(15,'2025_02_13_150204_create_organizations_table',1),
	(16,'2025_02_15_094249_create_applications_table',1),
	(17,'2025_02_15_094257_create_menus_table',1),
	(18,'2025_02_15_100037_create_menu_authorities_table',1),
	(19,'2025_02_15_100331_create_authorities_table',1),
	(20,'2025_02_15_100855_create_authority_user_organizations_table',1),
	(21,'2025_02_15_100913_create_authority_users_table',1),
	(22,'2025_02_15_100932_create_actions_table',1),
	(23,'2025_02_15_100933_create_action_uses_table',1),
	(24,'2025_02_16_022353_create_organization_users_table',1),
	(25,'2025_02_16_034141_create_group_form_sections_table',1),
	(26,'2025_02_16_034146_create_group_form_section_fields_table',1),
	(27,'2025_03_01_124628_create_assessment_section_fields_table',1),
	(28,'2025_03_04_140940_create_histories_table',1),
	(29,'2025_04_28_144206_create_notifications_table',1),
	(30,'2025_05_02_074013_create_assessment_formulations_table',1),
	(31,'2025_05_02_074109_create_assessment_formulation_groups_table',1),
	(32,'2025_05_02_074202_create_assessment_formulation_forms_table',1),
	(33,'2025_06_02_081034_create_token_verifications_table',2),
	(34,'2025_06_02_101920_create_grade_conversions_table',3),
	(35,'2025_06_02_102603_add_grade_to_assessments_table',3),
	(36,'2025_06_02_102932_add_grade_to_clerkship_schedules_table',3),
	(37,'2025_06_02_122321_create_clerkship_schedule_supervisors_table',3),
	(38,'2025_06_07_182312_create_clerkship_schedule_form_scores_table',3),
	(39,'2025_06_07_184150_create_clerkship_schedule_group_scores_table',3),
	(40,'2025_06_10_045429_create_menu_apis_table',3);

/*!40000 ALTER TABLE `migrations` ENABLE KEYS */;
UNLOCK TABLES;


# Dump of table notifications
# ------------------------------------------------------------

DROP TABLE IF EXISTS `notifications`;

CREATE TABLE `notifications` (
  `id` char(36) CHARACTER SET utf8mb4 COLLATE utf8mb4_unicode_ci NOT NULL,
  `type` varchar(255) CHARACTER SET utf8mb4 COLLATE utf8mb4_unicode_ci NOT NULL,
  `notifiable_type` varchar(255) CHARACTER SET utf8mb4 COLLATE utf8mb4_unicode_ci NOT NULL,
  `notifiable_id` bigint unsigned NOT NULL,
  `data` text CHARACTER SET utf8mb4 COLLATE utf8mb4_unicode_ci NOT NULL,
  `read_at` timestamp NULL DEFAULT NULL,
  `created_at` timestamp NULL DEFAULT NULL,
  `updated_at` timestamp NULL DEFAULT NULL,
  PRIMARY KEY (`id`),
  KEY `notifications_notifiable_type_notifiable_id_index` (`notifiable_type`,`notifiable_id`)
) ENGINE=InnoDB DEFAULT CHARSET=utf8mb4 COLLATE=utf8mb4_unicode_ci;



# Dump of table organization_users
# ------------------------------------------------------------

DROP TABLE IF EXISTS `organization_users`;

CREATE TABLE `organization_users` (
  `id` bigint unsigned NOT NULL AUTO_INCREMENT,
  `user_id` char(36) CHARACTER SET utf8mb4 COLLATE utf8mb4_unicode_ci DEFAULT NULL,
  `organization_id` char(36) CHARACTER SET utf8mb4 COLLATE utf8mb4_unicode_ci DEFAULT NULL,
  `created_at` timestamp NULL DEFAULT NULL,
  `updated_at` timestamp NULL DEFAULT NULL,
  PRIMARY KEY (`id`)
) ENGINE=InnoDB DEFAULT CHARSET=utf8mb4 COLLATE=utf8mb4_unicode_ci;

LOCK TABLES `organization_users` WRITE;
/*!40000 ALTER TABLE `organization_users` DISABLE KEYS */;

INSERT INTO `organization_users` (`id`, `user_id`, `organization_id`, `created_at`, `updated_at`)
VALUES
	(1,'1','f18fa99e-8d3c-4b6b-91a3-9c0000000018',NULL,NULL),
	(2,'2','f18fa99e-8d3c-4b6b-91a3-9c0000000018',NULL,NULL),
	(3,'3','f18fa99e-8d3c-4b6b-91a3-9c0000000018',NULL,NULL),
	(4,'4','f18fa99e-8d3c-4b6b-91a3-9c0000000018',NULL,NULL),
	(5,'5','f18fa99e-8d3c-4b6b-91a3-9c0000000001',NULL,NULL),
	(6,'6','f18fa99e-8d3c-4b6b-91a3-9c0000000018',NULL,NULL),
	(7,'7','f18fa99e-8d3c-4b6b-91a3-9c0000000001',NULL,NULL),
	(8,'9','f18fa99e-8d3c-4b6b-91a3-9c0000000018',NULL,NULL),
	(9,'10','f18fa99e-8d3c-4b6b-91a3-9c0000000018',NULL,NULL),
	(10,'11','f18fa99e-8d3c-4b6b-91a3-9c0000000018',NULL,NULL),
	(11,'12','f18fa99e-8d3c-4b6b-91a3-9c0000000018',NULL,NULL),
	(12,'13','f18fa99e-8d3c-4b6b-91a3-9c0000000018',NULL,NULL),
	(13,'14','f18fa99e-8d3c-4b6b-91a3-9c0000000018',NULL,NULL),
	(14,'15','f18fa99e-8d3c-4b6b-91a3-9c0000000018',NULL,NULL),
	(15,'16','f18fa99e-8d3c-4b6b-91a3-9c0000000018',NULL,NULL),
	(16,'17','f18fa99e-8d3c-4b6b-91a3-9c0000000018',NULL,NULL),
	(17,'18','f18fa99e-8d3c-4b6b-91a3-9c0000000018',NULL,NULL),
	(18,'19','f18fa99e-8d3c-4b6b-91a3-9c0000000018',NULL,NULL),
	(19,'20','f18fa99e-8d3c-4b6b-91a3-9c0000000018',NULL,NULL),
	(20,'21','f18fa99e-8d3c-4b6b-91a3-9c0000000018',NULL,NULL),
	(21,'22','f18fa99e-8d3c-4b6b-91a3-9c0000000018',NULL,NULL),
	(22,'23','f18fa99e-8d3c-4b6b-91a3-9c0000000018',NULL,NULL),
	(23,'24','f18fa99e-8d3c-4b6b-91a3-9c0000000018',NULL,NULL),
	(24,'25','f18fa99e-8d3c-4b6b-91a3-9c0000000018',NULL,NULL),
	(25,'26','f18fa99e-8d3c-4b6b-91a3-9c0000000018',NULL,NULL),
	(26,'27','f18fa99e-8d3c-4b6b-91a3-9c0000000018',NULL,NULL),
	(27,'28','f18fa99e-8d3c-4b6b-91a3-9c0000000018',NULL,NULL),
	(28,'29','f18fa99e-8d3c-4b6b-91a3-9c0000000018',NULL,NULL),
	(29,'30','f18fa99e-8d3c-4b6b-91a3-9c0000000018',NULL,NULL),
	(30,'31','f18fa99e-8d3c-4b6b-91a3-9c0000000018',NULL,NULL),
	(31,'32','f18fa99e-8d3c-4b6b-91a3-9c0000000018',NULL,NULL),
	(32,'33','f18fa99e-8d3c-4b6b-91a3-9c0000000018',NULL,NULL),
	(33,'34','f18fa99e-8d3c-4b6b-91a3-9c0000000018',NULL,NULL),
	(34,'35','f18fa99e-8d3c-4b6b-91a3-9c0000000018',NULL,NULL),
	(35,'36','f18fa99e-8d3c-4b6b-91a3-9c0000000018',NULL,NULL),
	(36,'37','f18fa99e-8d3c-4b6b-91a3-9c0000000018',NULL,NULL),
	(37,'38','f18fa99e-8d3c-4b6b-91a3-9c0000000018',NULL,NULL),
	(38,'39','f18fa99e-8d3c-4b6b-91a3-9c0000000018',NULL,NULL),
	(39,'40','f18fa99e-8d3c-4b6b-91a3-9c0000000018',NULL,NULL),
	(40,'41','f18fa99e-8d3c-4b6b-91a3-9c0000000018',NULL,NULL),
	(41,'42','f18fa99e-8d3c-4b6b-91a3-9c0000000018',NULL,NULL),
	(42,'43','f18fa99e-8d3c-4b6b-91a3-9c0000000018',NULL,NULL),
	(43,'44','f18fa99e-8d3c-4b6b-91a3-9c0000000018',NULL,NULL),
	(44,'45','f18fa99e-8d3c-4b6b-91a3-9c0000000018',NULL,NULL),
	(45,'46','f18fa99e-8d3c-4b6b-91a3-9c0000000018',NULL,NULL),
	(46,'47','f18fa99e-8d3c-4b6b-91a3-9c0000000018',NULL,NULL),
	(47,'48','f18fa99e-8d3c-4b6b-91a3-9c0000000018',NULL,NULL),
	(48,'49','f18fa99e-8d3c-4b6b-91a3-9c0000000018',NULL,NULL),
	(49,'50','f18fa99e-8d3c-4b6b-91a3-9c0000000018',NULL,NULL),
	(50,'51','f18fa99e-8d3c-4b6b-91a3-9c0000000018',NULL,NULL),
	(51,'52','f18fa99e-8d3c-4b6b-91a3-9c0000000018',NULL,NULL),
	(52,'53','f18fa99e-8d3c-4b6b-91a3-9c0000000018',NULL,NULL),
	(53,'54','f18fa99e-8d3c-4b6b-91a3-9c0000000018',NULL,NULL),
	(54,'55','f18fa99e-8d3c-4b6b-91a3-9c0000000018',NULL,NULL),
	(55,'56','f18fa99e-8d3c-4b6b-91a3-9c0000000018',NULL,NULL),
	(56,'57','f18fa99e-8d3c-4b6b-91a3-9c0000000018',NULL,NULL),
	(57,'58','f18fa99e-8d3c-4b6b-91a3-9c0000000018',NULL,NULL),
	(58,'59','f18fa99e-8d3c-4b6b-91a3-9c0000000018',NULL,NULL),
	(59,'60','f18fa99e-8d3c-4b6b-91a3-9c0000000018',NULL,NULL),
	(60,'61','f18fa99e-8d3c-4b6b-91a3-9c0000000018',NULL,NULL),
	(61,'62','f18fa99e-8d3c-4b6b-91a3-9c0000000018',NULL,NULL),
	(62,'63','f18fa99e-8d3c-4b6b-91a3-9c0000000018',NULL,NULL),
	(63,'64','f18fa99e-8d3c-4b6b-91a3-9c0000000018',NULL,NULL),
	(64,'65','f18fa99e-8d3c-4b6b-91a3-9c0000000018',NULL,NULL),
	(65,'66','f18fa99e-8d3c-4b6b-91a3-9c0000000018',NULL,NULL),
	(66,'67','f18fa99e-8d3c-4b6b-91a3-9c0000000018',NULL,NULL),
	(67,'68','f18fa99e-8d3c-4b6b-91a3-9c0000000018',NULL,NULL),
	(68,'69','f18fa99e-8d3c-4b6b-91a3-9c0000000018',NULL,NULL),
	(69,'70','f18fa99e-8d3c-4b6b-91a3-9c0000000018',NULL,NULL),
	(70,'71','f18fa99e-8d3c-4b6b-91a3-9c0000000018',NULL,NULL),
	(71,'72','f18fa99e-8d3c-4b6b-91a3-9c0000000018',NULL,NULL),
	(72,'73','f18fa99e-8d3c-4b6b-91a3-9c0000000018',NULL,NULL),
	(73,'74','f18fa99e-8d3c-4b6b-91a3-9c0000000018',NULL,NULL),
	(74,'75','f18fa99e-8d3c-4b6b-91a3-9c0000000018',NULL,NULL),
	(75,'76','f18fa99e-8d3c-4b6b-91a3-9c0000000018',NULL,NULL),
	(76,'77','f18fa99e-8d3c-4b6b-91a3-9c0000000018',NULL,NULL),
	(77,'78','f18fa99e-8d3c-4b6b-91a3-9c0000000018',NULL,NULL),
	(78,'79','f18fa99e-8d3c-4b6b-91a3-9c0000000018',NULL,NULL),
	(79,'80','f18fa99e-8d3c-4b6b-91a3-9c0000000018',NULL,NULL),
	(80,'81','f18fa99e-8d3c-4b6b-91a3-9c0000000018',NULL,NULL),
	(81,'82','f18fa99e-8d3c-4b6b-91a3-9c0000000018',NULL,NULL),
	(82,'83','f18fa99e-8d3c-4b6b-91a3-9c0000000018',NULL,NULL),
	(83,'84','f18fa99e-8d3c-4b6b-91a3-9c0000000018',NULL,NULL),
	(84,'85','f18fa99e-8d3c-4b6b-91a3-9c0000000018',NULL,NULL),
	(85,'86','f18fa99e-8d3c-4b6b-91a3-9c0000000018',NULL,NULL),
	(86,'87','f18fa99e-8d3c-4b6b-91a3-9c0000000018',NULL,NULL),
	(87,'88','f18fa99e-8d3c-4b6b-91a3-9c0000000018',NULL,NULL),
	(88,'89','f18fa99e-8d3c-4b6b-91a3-9c0000000018',NULL,NULL),
	(89,'90','f18fa99e-8d3c-4b6b-91a3-9c0000000018',NULL,NULL),
	(90,'91','f18fa99e-8d3c-4b6b-91a3-9c0000000018',NULL,NULL),
	(91,'92','f18fa99e-8d3c-4b6b-91a3-9c0000000018',NULL,NULL),
	(92,'93','f18fa99e-8d3c-4b6b-91a3-9c0000000018',NULL,NULL),
	(93,'94','f18fa99e-8d3c-4b6b-91a3-9c0000000018',NULL,NULL),
	(94,'95','f18fa99e-8d3c-4b6b-91a3-9c0000000018',NULL,NULL),
	(95,'96','f18fa99e-8d3c-4b6b-91a3-9c0000000018',NULL,NULL),
	(96,'97','f18fa99e-8d3c-4b6b-91a3-9c0000000018',NULL,NULL),
	(97,'98','f18fa99e-8d3c-4b6b-91a3-9c0000000018',NULL,NULL),
	(98,'99','f18fa99e-8d3c-4b6b-91a3-9c0000000018',NULL,NULL),
	(99,'100','f18fa99e-8d3c-4b6b-91a3-9c0000000018',NULL,NULL),
	(100,'101','f18fa99e-8d3c-4b6b-91a3-9c0000000018',NULL,NULL),
	(101,'102','f18fa99e-8d3c-4b6b-91a3-9c0000000018',NULL,NULL),
	(102,'103','f18fa99e-8d3c-4b6b-91a3-9c0000000018',NULL,NULL),
	(103,'104','f18fa99e-8d3c-4b6b-91a3-9c0000000018',NULL,NULL),
	(104,'105','f18fa99e-8d3c-4b6b-91a3-9c0000000018',NULL,NULL),
	(105,'106','f18fa99e-8d3c-4b6b-91a3-9c0000000018',NULL,NULL),
	(106,'107','f18fa99e-8d3c-4b6b-91a3-9c0000000018',NULL,NULL),
	(107,'108','f18fa99e-8d3c-4b6b-91a3-9c0000000018',NULL,NULL),
	(108,'109','f18fa99e-8d3c-4b6b-91a3-9c0000000018',NULL,NULL),
	(109,'110','f18fa99e-8d3c-4b6b-91a3-9c0000000018',NULL,NULL),
	(110,'111','f18fa99e-8d3c-4b6b-91a3-9c0000000018',NULL,NULL),
	(111,'112','f18fa99e-8d3c-4b6b-91a3-9c0000000018',NULL,NULL),
	(112,'113','f18fa99e-8d3c-4b6b-91a3-9c0000000018',NULL,NULL),
	(113,'114','f18fa99e-8d3c-4b6b-91a3-9c0000000018',NULL,NULL),
	(114,'115','f18fa99e-8d3c-4b6b-91a3-9c0000000018',NULL,NULL),
	(115,'116','f18fa99e-8d3c-4b6b-91a3-9c0000000018',NULL,NULL),
	(116,'117','f18fa99e-8d3c-4b6b-91a3-9c0000000018',NULL,NULL),
	(117,'118','f18fa99e-8d3c-4b6b-91a3-9c0000000018',NULL,NULL),
	(118,'119','f18fa99e-8d3c-4b6b-91a3-9c0000000018',NULL,NULL),
	(119,'120','f18fa99e-8d3c-4b6b-91a3-9c0000000018',NULL,NULL),
	(120,'121','f18fa99e-8d3c-4b6b-91a3-9c0000000018',NULL,NULL),
	(121,'122','f18fa99e-8d3c-4b6b-91a3-9c0000000018',NULL,NULL),
	(122,'123','f18fa99e-8d3c-4b6b-91a3-9c0000000018',NULL,NULL),
	(123,'124','f18fa99e-8d3c-4b6b-91a3-9c0000000018',NULL,NULL),
	(124,'125','f18fa99e-8d3c-4b6b-91a3-9c0000000018',NULL,NULL),
	(125,'126','f18fa99e-8d3c-4b6b-91a3-9c0000000018',NULL,NULL),
	(126,'127','f18fa99e-8d3c-4b6b-91a3-9c0000000018',NULL,NULL),
	(127,'128','f18fa99e-8d3c-4b6b-91a3-9c0000000018',NULL,NULL),
	(128,'129','f18fa99e-8d3c-4b6b-91a3-9c0000000018',NULL,NULL),
	(129,'130','f18fa99e-8d3c-4b6b-91a3-9c0000000018',NULL,NULL),
	(130,'131','f18fa99e-8d3c-4b6b-91a3-9c0000000018',NULL,NULL),
	(131,'132','f18fa99e-8d3c-4b6b-91a3-9c0000000018',NULL,NULL),
	(132,'133','f18fa99e-8d3c-4b6b-91a3-9c0000000018',NULL,NULL),
	(133,'134','f18fa99e-8d3c-4b6b-91a3-9c0000000018',NULL,NULL),
	(134,'135','f18fa99e-8d3c-4b6b-91a3-9c0000000018',NULL,NULL),
	(135,'136','f18fa99e-8d3c-4b6b-91a3-9c0000000018',NULL,NULL),
	(136,'137','f18fa99e-8d3c-4b6b-91a3-9c0000000018',NULL,NULL),
	(137,'138','f18fa99e-8d3c-4b6b-91a3-9c0000000018',NULL,NULL),
	(138,'139','f18fa99e-8d3c-4b6b-91a3-9c0000000018',NULL,NULL),
	(139,'140','f18fa99e-8d3c-4b6b-91a3-9c0000000018',NULL,NULL),
	(140,'141','f18fa99e-8d3c-4b6b-91a3-9c0000000018',NULL,NULL),
	(141,'142','f18fa99e-8d3c-4b6b-91a3-9c0000000018',NULL,NULL),
	(142,'143','f18fa99e-8d3c-4b6b-91a3-9c0000000018',NULL,NULL),
	(143,'144','f18fa99e-8d3c-4b6b-91a3-9c0000000018',NULL,NULL),
	(144,'145','f18fa99e-8d3c-4b6b-91a3-9c0000000018',NULL,NULL),
	(145,'146','f18fa99e-8d3c-4b6b-91a3-9c0000000018',NULL,NULL),
	(146,'147','f18fa99e-8d3c-4b6b-91a3-9c0000000018',NULL,NULL),
	(147,'148','f18fa99e-8d3c-4b6b-91a3-9c0000000018',NULL,NULL),
	(148,'149','f18fa99e-8d3c-4b6b-91a3-9c0000000018',NULL,NULL),
	(149,'150','f18fa99e-8d3c-4b6b-91a3-9c0000000018',NULL,NULL),
	(150,'151','f18fa99e-8d3c-4b6b-91a3-9c0000000018',NULL,NULL),
	(151,'152','f18fa99e-8d3c-4b6b-91a3-9c0000000018',NULL,NULL),
	(152,'153','f18fa99e-8d3c-4b6b-91a3-9c0000000018',NULL,NULL),
	(153,'154','f18fa99e-8d3c-4b6b-91a3-9c0000000018',NULL,NULL),
	(154,'155','f18fa99e-8d3c-4b6b-91a3-9c0000000018',NULL,NULL),
	(155,'156','f18fa99e-8d3c-4b6b-91a3-9c0000000018',NULL,NULL),
	(156,'157','f18fa99e-8d3c-4b6b-91a3-9c0000000018',NULL,NULL),
	(157,'158','f18fa99e-8d3c-4b6b-91a3-9c0000000018',NULL,NULL),
	(158,'159','f18fa99e-8d3c-4b6b-91a3-9c0000000018',NULL,NULL),
	(159,'160','f18fa99e-8d3c-4b6b-91a3-9c0000000018',NULL,NULL),
	(160,'161','f18fa99e-8d3c-4b6b-91a3-9c0000000018',NULL,NULL),
	(161,'162','f18fa99e-8d3c-4b6b-91a3-9c0000000018',NULL,NULL),
	(162,'163','f18fa99e-8d3c-4b6b-91a3-9c0000000018',NULL,NULL),
	(163,'164','f18fa99e-8d3c-4b6b-91a3-9c0000000018',NULL,NULL),
	(164,'165','f18fa99e-8d3c-4b6b-91a3-9c0000000018',NULL,NULL),
	(165,'166','f18fa99e-8d3c-4b6b-91a3-9c0000000018',NULL,NULL),
	(166,'167','f18fa99e-8d3c-4b6b-91a3-9c0000000018',NULL,NULL),
	(167,'168','f18fa99e-8d3c-4b6b-91a3-9c0000000018',NULL,NULL),
	(168,'169','f18fa99e-8d3c-4b6b-91a3-9c0000000018',NULL,NULL),
	(169,'170','f18fa99e-8d3c-4b6b-91a3-9c0000000018',NULL,NULL),
	(170,'171','f18fa99e-8d3c-4b6b-91a3-9c0000000018',NULL,NULL),
	(171,'172','f18fa99e-8d3c-4b6b-91a3-9c0000000018',NULL,NULL),
	(172,'173','f18fa99e-8d3c-4b6b-91a3-9c0000000018',NULL,NULL),
	(173,'174','f18fa99e-8d3c-4b6b-91a3-9c0000000018',NULL,NULL),
	(174,'175','f18fa99e-8d3c-4b6b-91a3-9c0000000018',NULL,NULL),
	(175,'176','f18fa99e-8d3c-4b6b-91a3-9c0000000018',NULL,NULL),
	(176,'177','f18fa99e-8d3c-4b6b-91a3-9c0000000018',NULL,NULL),
	(177,'178','f18fa99e-8d3c-4b6b-91a3-9c0000000018',NULL,NULL),
	(178,'179','f18fa99e-8d3c-4b6b-91a3-9c0000000018',NULL,NULL),
	(179,'180','f18fa99e-8d3c-4b6b-91a3-9c0000000018',NULL,NULL),
	(180,'181','f18fa99e-8d3c-4b6b-91a3-9c0000000018',NULL,NULL),
	(181,'182','f18fa99e-8d3c-4b6b-91a3-9c0000000018',NULL,NULL),
	(182,'183','f18fa99e-8d3c-4b6b-91a3-9c0000000018',NULL,NULL),
	(183,'184','f18fa99e-8d3c-4b6b-91a3-9c0000000018',NULL,NULL),
	(184,'185','f18fa99e-8d3c-4b6b-91a3-9c0000000018',NULL,NULL),
	(185,'186','f18fa99e-8d3c-4b6b-91a3-9c0000000018',NULL,NULL),
	(186,'187','f18fa99e-8d3c-4b6b-91a3-9c0000000018',NULL,NULL),
	(187,'188','f18fa99e-8d3c-4b6b-91a3-9c0000000018',NULL,NULL),
	(188,'189','f18fa99e-8d3c-4b6b-91a3-9c0000000018',NULL,NULL),
	(189,'190','f18fa99e-8d3c-4b6b-91a3-9c0000000018',NULL,NULL),
	(190,'191','f18fa99e-8d3c-4b6b-91a3-9c0000000018',NULL,NULL),
	(191,'192','f18fa99e-8d3c-4b6b-91a3-9c0000000018',NULL,NULL),
	(192,'193','f18fa99e-8d3c-4b6b-91a3-9c0000000018',NULL,NULL),
	(193,'194','f18fa99e-8d3c-4b6b-91a3-9c0000000018',NULL,NULL),
	(194,'195','f18fa99e-8d3c-4b6b-91a3-9c0000000018',NULL,NULL),
	(195,'196','f18fa99e-8d3c-4b6b-91a3-9c0000000018',NULL,NULL),
	(196,'197','f18fa99e-8d3c-4b6b-91a3-9c0000000018',NULL,NULL),
	(197,'198','f18fa99e-8d3c-4b6b-91a3-9c0000000018',NULL,NULL),
	(198,'199','f18fa99e-8d3c-4b6b-91a3-9c0000000018',NULL,NULL),
	(199,'200','f18fa99e-8d3c-4b6b-91a3-9c0000000018',NULL,NULL),
	(200,'201','f18fa99e-8d3c-4b6b-91a3-9c0000000018',NULL,NULL),
	(201,'202','f18fa99e-8d3c-4b6b-91a3-9c0000000018',NULL,NULL),
	(202,'203','f18fa99e-8d3c-4b6b-91a3-9c0000000018',NULL,NULL),
	(203,'204','f18fa99e-8d3c-4b6b-91a3-9c0000000018',NULL,NULL),
	(204,'205','f18fa99e-8d3c-4b6b-91a3-9c0000000018',NULL,NULL),
	(205,'206','f18fa99e-8d3c-4b6b-91a3-9c0000000018',NULL,NULL),
	(206,'207','f18fa99e-8d3c-4b6b-91a3-9c0000000018',NULL,NULL),
	(207,'208','f18fa99e-8d3c-4b6b-91a3-9c0000000018',NULL,NULL),
	(208,'209','f18fa99e-8d3c-4b6b-91a3-9c0000000018',NULL,NULL),
	(209,'210','f18fa99e-8d3c-4b6b-91a3-9c0000000018',NULL,NULL),
	(210,'211','f18fa99e-8d3c-4b6b-91a3-9c0000000018',NULL,NULL),
	(211,'212','f18fa99e-8d3c-4b6b-91a3-9c0000000018',NULL,NULL),
	(212,'213','f18fa99e-8d3c-4b6b-91a3-9c0000000018',NULL,NULL),
	(213,'214','f18fa99e-8d3c-4b6b-91a3-9c0000000018',NULL,NULL),
	(214,'215','f18fa99e-8d3c-4b6b-91a3-9c0000000018',NULL,NULL),
	(215,'216','f18fa99e-8d3c-4b6b-91a3-9c0000000018',NULL,NULL),
	(216,'217','f18fa99e-8d3c-4b6b-91a3-9c0000000018',NULL,NULL),
	(217,'218','f18fa99e-8d3c-4b6b-91a3-9c0000000018',NULL,NULL),
	(218,'219','f18fa99e-8d3c-4b6b-91a3-9c0000000018',NULL,NULL),
	(219,'220','f18fa99e-8d3c-4b6b-91a3-9c0000000018',NULL,NULL),
	(220,'221','f18fa99e-8d3c-4b6b-91a3-9c0000000018',NULL,NULL),
	(221,'222','f18fa99e-8d3c-4b6b-91a3-9c0000000018',NULL,NULL),
	(222,'223','f18fa99e-8d3c-4b6b-91a3-9c0000000018',NULL,NULL),
	(223,'224','f18fa99e-8d3c-4b6b-91a3-9c0000000018',NULL,NULL),
	(224,'225','f18fa99e-8d3c-4b6b-91a3-9c0000000018',NULL,NULL),
	(225,'226','f18fa99e-8d3c-4b6b-91a3-9c0000000018',NULL,NULL),
	(226,'227','f18fa99e-8d3c-4b6b-91a3-9c0000000018',NULL,NULL),
	(227,'228','f18fa99e-8d3c-4b6b-91a3-9c0000000018',NULL,NULL),
	(228,'229','f18fa99e-8d3c-4b6b-91a3-9c0000000018',NULL,NULL),
	(229,'230','f18fa99e-8d3c-4b6b-91a3-9c0000000018',NULL,NULL),
	(230,'231','f18fa99e-8d3c-4b6b-91a3-9c0000000018',NULL,NULL),
	(231,'232','f18fa99e-8d3c-4b6b-91a3-9c0000000018',NULL,NULL),
	(232,'233','f18fa99e-8d3c-4b6b-91a3-9c0000000018',NULL,NULL),
	(233,'234','f18fa99e-8d3c-4b6b-91a3-9c0000000018',NULL,NULL),
	(234,'235','f18fa99e-8d3c-4b6b-91a3-9c0000000018',NULL,NULL),
	(235,'236','f18fa99e-8d3c-4b6b-91a3-9c0000000018',NULL,NULL),
	(236,'237','f18fa99e-8d3c-4b6b-91a3-9c0000000018',NULL,NULL),
	(237,'238','f18fa99e-8d3c-4b6b-91a3-9c0000000018',NULL,NULL),
	(238,'239','f18fa99e-8d3c-4b6b-91a3-9c0000000018',NULL,NULL),
	(239,'240','f18fa99e-8d3c-4b6b-91a3-9c0000000018',NULL,NULL),
	(240,'241','f18fa99e-8d3c-4b6b-91a3-9c0000000018',NULL,NULL),
	(241,'242','f18fa99e-8d3c-4b6b-91a3-9c0000000018',NULL,NULL),
	(242,'243','f18fa99e-8d3c-4b6b-91a3-9c0000000018',NULL,NULL),
	(243,'244','f18fa99e-8d3c-4b6b-91a3-9c0000000018',NULL,NULL),
	(244,'245','f18fa99e-8d3c-4b6b-91a3-9c0000000018',NULL,NULL),
	(245,'246','f18fa99e-8d3c-4b6b-91a3-9c0000000018',NULL,NULL),
	(246,'247','f18fa99e-8d3c-4b6b-91a3-9c0000000018',NULL,NULL),
	(247,'248','f18fa99e-8d3c-4b6b-91a3-9c0000000018',NULL,NULL),
	(248,'249','f18fa99e-8d3c-4b6b-91a3-9c0000000018',NULL,NULL),
	(249,'250','f18fa99e-8d3c-4b6b-91a3-9c0000000018',NULL,NULL),
	(250,'251','f18fa99e-8d3c-4b6b-91a3-9c0000000018',NULL,NULL),
	(251,'252','f18fa99e-8d3c-4b6b-91a3-9c0000000018',NULL,NULL),
	(252,'253','f18fa99e-8d3c-4b6b-91a3-9c0000000018',NULL,NULL),
	(253,'254','f18fa99e-8d3c-4b6b-91a3-9c0000000018',NULL,NULL),
	(254,'255','f18fa99e-8d3c-4b6b-91a3-9c0000000018',NULL,NULL),
	(255,'256','f18fa99e-8d3c-4b6b-91a3-9c0000000018',NULL,NULL),
	(256,'257','f18fa99e-8d3c-4b6b-91a3-9c0000000018',NULL,NULL),
	(257,'258','f18fa99e-8d3c-4b6b-91a3-9c0000000018',NULL,NULL),
	(258,'259','f18fa99e-8d3c-4b6b-91a3-9c0000000018',NULL,NULL),
	(259,'260','f18fa99e-8d3c-4b6b-91a3-9c0000000018',NULL,NULL),
	(260,'261','f18fa99e-8d3c-4b6b-91a3-9c0000000018',NULL,NULL),
	(261,'262','f18fa99e-8d3c-4b6b-91a3-9c0000000018',NULL,NULL),
	(262,'263','f18fa99e-8d3c-4b6b-91a3-9c0000000018',NULL,NULL),
	(263,'264','f18fa99e-8d3c-4b6b-91a3-9c0000000018',NULL,NULL),
	(264,'265','f18fa99e-8d3c-4b6b-91a3-9c0000000018',NULL,NULL),
	(265,'266','f18fa99e-8d3c-4b6b-91a3-9c0000000018',NULL,NULL),
	(266,'267','f18fa99e-8d3c-4b6b-91a3-9c0000000018',NULL,NULL),
	(267,'268','f18fa99e-8d3c-4b6b-91a3-9c0000000018',NULL,NULL),
	(268,'269','f18fa99e-8d3c-4b6b-91a3-9c0000000018',NULL,NULL),
	(269,'270','f18fa99e-8d3c-4b6b-91a3-9c0000000018',NULL,NULL),
	(270,'271','f18fa99e-8d3c-4b6b-91a3-9c0000000018',NULL,NULL),
	(271,'272','f18fa99e-8d3c-4b6b-91a3-9c0000000018',NULL,NULL),
	(272,'273','f18fa99e-8d3c-4b6b-91a3-9c0000000018',NULL,NULL),
	(273,'274','f18fa99e-8d3c-4b6b-91a3-9c0000000018',NULL,NULL),
	(274,'275','f18fa99e-8d3c-4b6b-91a3-9c0000000018',NULL,NULL),
	(275,'276','f18fa99e-8d3c-4b6b-91a3-9c0000000018',NULL,NULL),
	(276,'277','f18fa99e-8d3c-4b6b-91a3-9c0000000018',NULL,NULL),
	(277,'278','f18fa99e-8d3c-4b6b-91a3-9c0000000018',NULL,NULL),
	(278,'279','f18fa99e-8d3c-4b6b-91a3-9c0000000018',NULL,NULL),
	(279,'280','f18fa99e-8d3c-4b6b-91a3-9c0000000018',NULL,NULL),
	(280,'281','f18fa99e-8d3c-4b6b-91a3-9c0000000018',NULL,NULL),
	(281,'282','f18fa99e-8d3c-4b6b-91a3-9c0000000018',NULL,NULL),
	(282,'283','f18fa99e-8d3c-4b6b-91a3-9c0000000018',NULL,NULL),
	(283,'284','f18fa99e-8d3c-4b6b-91a3-9c0000000018',NULL,NULL),
	(284,'285','f18fa99e-8d3c-4b6b-91a3-9c0000000018',NULL,NULL),
	(285,'286','f18fa99e-8d3c-4b6b-91a3-9c0000000018',NULL,NULL),
	(286,'287','f18fa99e-8d3c-4b6b-91a3-9c0000000018',NULL,NULL),
	(287,'288','f18fa99e-8d3c-4b6b-91a3-9c0000000018',NULL,NULL),
	(288,'289','f18fa99e-8d3c-4b6b-91a3-9c0000000018',NULL,NULL),
	(289,'290','f18fa99e-8d3c-4b6b-91a3-9c0000000018',NULL,NULL),
	(290,'291','f18fa99e-8d3c-4b6b-91a3-9c0000000018',NULL,NULL),
	(291,'292','f18fa99e-8d3c-4b6b-91a3-9c0000000018',NULL,NULL),
	(292,'293','f18fa99e-8d3c-4b6b-91a3-9c0000000018',NULL,NULL),
	(293,'294','f18fa99e-8d3c-4b6b-91a3-9c0000000018',NULL,NULL),
	(294,'295','f18fa99e-8d3c-4b6b-91a3-9c0000000018',NULL,NULL),
	(295,'296','f18fa99e-8d3c-4b6b-91a3-9c0000000018',NULL,NULL),
	(296,'297','f18fa99e-8d3c-4b6b-91a3-9c0000000018',NULL,NULL),
	(297,'298','f18fa99e-8d3c-4b6b-91a3-9c0000000018',NULL,NULL),
	(298,'299','f18fa99e-8d3c-4b6b-91a3-9c0000000018',NULL,NULL),
	(299,'300','f18fa99e-8d3c-4b6b-91a3-9c0000000018',NULL,NULL),
	(300,'301','f18fa99e-8d3c-4b6b-91a3-9c0000000018',NULL,NULL),
	(301,'302','f18fa99e-8d3c-4b6b-91a3-9c0000000018',NULL,NULL),
	(302,'303','f18fa99e-8d3c-4b6b-91a3-9c0000000018',NULL,NULL),
	(303,'304','f18fa99e-8d3c-4b6b-91a3-9c0000000018',NULL,NULL),
	(304,'305','f18fa99e-8d3c-4b6b-91a3-9c0000000018',NULL,NULL),
	(305,'306','f18fa99e-8d3c-4b6b-91a3-9c0000000018',NULL,NULL),
	(306,'307','f18fa99e-8d3c-4b6b-91a3-9c0000000018',NULL,NULL),
	(307,'308','f18fa99e-8d3c-4b6b-91a3-9c0000000018',NULL,NULL),
	(308,'309','f18fa99e-8d3c-4b6b-91a3-9c0000000018',NULL,NULL),
	(309,'310','f18fa99e-8d3c-4b6b-91a3-9c0000000018',NULL,NULL),
	(310,'311','f18fa99e-8d3c-4b6b-91a3-9c0000000018',NULL,NULL),
	(311,'312','f18fa99e-8d3c-4b6b-91a3-9c0000000018',NULL,NULL),
	(312,'313','f18fa99e-8d3c-4b6b-91a3-9c0000000018',NULL,NULL),
	(313,'314','f18fa99e-8d3c-4b6b-91a3-9c0000000018',NULL,NULL),
	(314,'315','f18fa99e-8d3c-4b6b-91a3-9c0000000018',NULL,NULL),
	(315,'316','f18fa99e-8d3c-4b6b-91a3-9c0000000018',NULL,NULL),
	(316,'317','f18fa99e-8d3c-4b6b-91a3-9c0000000018',NULL,NULL),
	(317,'318','f18fa99e-8d3c-4b6b-91a3-9c0000000018',NULL,NULL),
	(318,'319','f18fa99e-8d3c-4b6b-91a3-9c0000000018',NULL,NULL),
	(319,'320','f18fa99e-8d3c-4b6b-91a3-9c0000000018',NULL,NULL),
	(320,'321','f18fa99e-8d3c-4b6b-91a3-9c0000000018',NULL,NULL),
	(321,'322','f18fa99e-8d3c-4b6b-91a3-9c0000000018',NULL,NULL),
	(322,'323','f18fa99e-8d3c-4b6b-91a3-9c0000000018',NULL,NULL),
	(323,'324','f18fa99e-8d3c-4b6b-91a3-9c0000000018',NULL,NULL),
	(324,'325','f18fa99e-8d3c-4b6b-91a3-9c0000000018',NULL,NULL),
	(325,'326','f18fa99e-8d3c-4b6b-91a3-9c0000000018',NULL,NULL),
	(326,'327','f18fa99e-8d3c-4b6b-91a3-9c0000000018',NULL,NULL),
	(327,'328','f18fa99e-8d3c-4b6b-91a3-9c0000000018',NULL,NULL),
	(328,'329','f18fa99e-8d3c-4b6b-91a3-9c0000000018',NULL,NULL),
	(329,'330','f18fa99e-8d3c-4b6b-91a3-9c0000000018',NULL,NULL),
	(330,'331','f18fa99e-8d3c-4b6b-91a3-9c0000000018',NULL,NULL),
	(331,'332','f18fa99e-8d3c-4b6b-91a3-9c0000000018',NULL,NULL),
	(332,'333','f18fa99e-8d3c-4b6b-91a3-9c0000000018',NULL,NULL),
	(333,'334','f18fa99e-8d3c-4b6b-91a3-9c0000000018',NULL,NULL),
	(334,'335','f18fa99e-8d3c-4b6b-91a3-9c0000000018',NULL,NULL),
	(335,'336','f18fa99e-8d3c-4b6b-91a3-9c0000000018',NULL,NULL),
	(336,'337','f18fa99e-8d3c-4b6b-91a3-9c0000000018',NULL,NULL),
	(337,'338','f18fa99e-8d3c-4b6b-91a3-9c0000000018',NULL,NULL),
	(338,'339','f18fa99e-8d3c-4b6b-91a3-9c0000000018',NULL,NULL),
	(339,'340','f18fa99e-8d3c-4b6b-91a3-9c0000000018',NULL,NULL),
	(340,'341','f18fa99e-8d3c-4b6b-91a3-9c0000000018',NULL,NULL),
	(341,'342','f18fa99e-8d3c-4b6b-91a3-9c0000000018',NULL,NULL),
	(342,'343','f18fa99e-8d3c-4b6b-91a3-9c0000000018',NULL,NULL),
	(343,'344','f18fa99e-8d3c-4b6b-91a3-9c0000000018',NULL,NULL),
	(344,'345','f18fa99e-8d3c-4b6b-91a3-9c0000000018',NULL,NULL),
	(345,'346','f18fa99e-8d3c-4b6b-91a3-9c0000000018',NULL,NULL),
	(346,'347','f18fa99e-8d3c-4b6b-91a3-9c0000000018',NULL,NULL),
	(347,'348','f18fa99e-8d3c-4b6b-91a3-9c0000000018',NULL,NULL),
	(348,'349','f18fa99e-8d3c-4b6b-91a3-9c0000000018',NULL,NULL),
	(349,'350','f18fa99e-8d3c-4b6b-91a3-9c0000000018',NULL,NULL),
	(350,'351','f18fa99e-8d3c-4b6b-91a3-9c0000000018',NULL,NULL),
	(351,'352','f18fa99e-8d3c-4b6b-91a3-9c0000000018',NULL,NULL),
	(352,'353','f18fa99e-8d3c-4b6b-91a3-9c0000000018',NULL,NULL),
	(353,'354','f18fa99e-8d3c-4b6b-91a3-9c0000000018',NULL,NULL),
	(354,'355','f18fa99e-8d3c-4b6b-91a3-9c0000000018',NULL,NULL),
	(355,'356','f18fa99e-8d3c-4b6b-91a3-9c0000000018',NULL,NULL),
	(356,'357','f18fa99e-8d3c-4b6b-91a3-9c0000000018',NULL,NULL),
	(357,'358','f18fa99e-8d3c-4b6b-91a3-9c0000000018',NULL,NULL),
	(358,'359','f18fa99e-8d3c-4b6b-91a3-9c0000000018',NULL,NULL),
	(359,'360','f18fa99e-8d3c-4b6b-91a3-9c0000000018',NULL,NULL),
	(360,'361','f18fa99e-8d3c-4b6b-91a3-9c0000000018',NULL,NULL),
	(361,'362','f18fa99e-8d3c-4b6b-91a3-9c0000000018',NULL,NULL),
	(362,'363','f18fa99e-8d3c-4b6b-91a3-9c0000000018',NULL,NULL),
	(363,'364','f18fa99e-8d3c-4b6b-91a3-9c0000000018',NULL,NULL),
	(364,'365','f18fa99e-8d3c-4b6b-91a3-9c0000000018',NULL,NULL),
	(365,'366','f18fa99e-8d3c-4b6b-91a3-9c0000000018',NULL,NULL),
	(366,'367','f18fa99e-8d3c-4b6b-91a3-9c0000000018',NULL,NULL),
	(367,'368','f18fa99e-8d3c-4b6b-91a3-9c0000000018',NULL,NULL),
	(368,'369','f18fa99e-8d3c-4b6b-91a3-9c0000000018',NULL,NULL),
	(369,'370','f18fa99e-8d3c-4b6b-91a3-9c0000000018',NULL,NULL),
	(370,'371','f18fa99e-8d3c-4b6b-91a3-9c0000000018',NULL,NULL),
	(371,'372','f18fa99e-8d3c-4b6b-91a3-9c0000000018',NULL,NULL),
	(372,'373','f18fa99e-8d3c-4b6b-91a3-9c0000000018',NULL,NULL),
	(373,'374','f18fa99e-8d3c-4b6b-91a3-9c0000000018',NULL,NULL),
	(374,'375','f18fa99e-8d3c-4b6b-91a3-9c0000000018',NULL,NULL),
	(375,'376','f18fa99e-8d3c-4b6b-91a3-9c0000000018',NULL,NULL),
	(376,'377','f18fa99e-8d3c-4b6b-91a3-9c0000000018',NULL,NULL),
	(377,'378','f18fa99e-8d3c-4b6b-91a3-9c0000000018',NULL,NULL),
	(378,'379','f18fa99e-8d3c-4b6b-91a3-9c0000000018',NULL,NULL),
	(379,'380','f18fa99e-8d3c-4b6b-91a3-9c0000000018',NULL,NULL),
	(380,'381','f18fa99e-8d3c-4b6b-91a3-9c0000000018',NULL,NULL),
	(381,'382','f18fa99e-8d3c-4b6b-91a3-9c0000000018',NULL,NULL),
	(382,'383','f18fa99e-8d3c-4b6b-91a3-9c0000000018',NULL,NULL),
	(383,'384','f18fa99e-8d3c-4b6b-91a3-9c0000000018',NULL,NULL),
	(384,'385','f18fa99e-8d3c-4b6b-91a3-9c0000000018',NULL,NULL),
	(385,'386','f18fa99e-8d3c-4b6b-91a3-9c0000000018',NULL,NULL),
	(386,'387','f18fa99e-8d3c-4b6b-91a3-9c0000000018',NULL,NULL),
	(387,'388','f18fa99e-8d3c-4b6b-91a3-9c0000000018',NULL,NULL),
	(388,'389','f18fa99e-8d3c-4b6b-91a3-9c0000000018',NULL,NULL),
	(389,'390','f18fa99e-8d3c-4b6b-91a3-9c0000000018',NULL,NULL),
	(390,'391','f18fa99e-8d3c-4b6b-91a3-9c0000000018',NULL,NULL),
	(391,'392','f18fa99e-8d3c-4b6b-91a3-9c0000000018',NULL,NULL),
	(392,'393','f18fa99e-8d3c-4b6b-91a3-9c0000000018',NULL,NULL),
	(393,'394','f18fa99e-8d3c-4b6b-91a3-9c0000000018',NULL,NULL),
	(394,'395','f18fa99e-8d3c-4b6b-91a3-9c0000000018',NULL,NULL),
	(395,'396','f18fa99e-8d3c-4b6b-91a3-9c0000000018',NULL,NULL),
	(396,'397','f18fa99e-8d3c-4b6b-91a3-9c0000000018',NULL,NULL),
	(397,'398','f18fa99e-8d3c-4b6b-91a3-9c0000000018',NULL,NULL),
	(398,'399','f18fa99e-8d3c-4b6b-91a3-9c0000000018',NULL,NULL),
	(399,'400','f18fa99e-8d3c-4b6b-91a3-9c0000000018',NULL,NULL),
	(400,'401','f18fa99e-8d3c-4b6b-91a3-9c0000000018',NULL,NULL),
	(401,'402','f18fa99e-8d3c-4b6b-91a3-9c0000000018',NULL,NULL),
	(402,'403','f18fa99e-8d3c-4b6b-91a3-9c0000000018',NULL,NULL),
	(403,'404','f18fa99e-8d3c-4b6b-91a3-9c0000000018',NULL,NULL),
	(404,'405','f18fa99e-8d3c-4b6b-91a3-9c0000000018',NULL,NULL),
	(405,'406','f18fa99e-8d3c-4b6b-91a3-9c0000000018',NULL,NULL),
	(406,'407','f18fa99e-8d3c-4b6b-91a3-9c0000000018',NULL,NULL),
	(407,'408','f18fa99e-8d3c-4b6b-91a3-9c0000000018',NULL,NULL),
	(408,'409','f18fa99e-8d3c-4b6b-91a3-9c0000000018',NULL,NULL),
	(409,'410','f18fa99e-8d3c-4b6b-91a3-9c0000000018',NULL,NULL),
	(410,'411','f18fa99e-8d3c-4b6b-91a3-9c0000000018',NULL,NULL),
	(411,'412','f18fa99e-8d3c-4b6b-91a3-9c0000000018',NULL,NULL),
	(412,'413','f18fa99e-8d3c-4b6b-91a3-9c0000000018',NULL,NULL),
	(413,'414','f18fa99e-8d3c-4b6b-91a3-9c0000000018',NULL,NULL),
	(414,'415','f18fa99e-8d3c-4b6b-91a3-9c0000000018',NULL,NULL),
	(415,'416','f18fa99e-8d3c-4b6b-91a3-9c0000000018',NULL,NULL),
	(416,'417','f18fa99e-8d3c-4b6b-91a3-9c0000000018',NULL,NULL),
	(417,'418','f18fa99e-8d3c-4b6b-91a3-9c0000000018',NULL,NULL),
	(418,'419','f18fa99e-8d3c-4b6b-91a3-9c0000000018',NULL,NULL),
	(419,'420','f18fa99e-8d3c-4b6b-91a3-9c0000000018',NULL,NULL),
	(420,'421','f18fa99e-8d3c-4b6b-91a3-9c0000000018',NULL,NULL),
	(421,'422','f18fa99e-8d3c-4b6b-91a3-9c0000000018',NULL,NULL),
	(422,'423','f18fa99e-8d3c-4b6b-91a3-9c0000000018',NULL,NULL),
	(423,'424','f18fa99e-8d3c-4b6b-91a3-9c0000000018',NULL,NULL),
	(424,'425','f18fa99e-8d3c-4b6b-91a3-9c0000000018',NULL,NULL),
	(425,'426','f18fa99e-8d3c-4b6b-91a3-9c0000000018',NULL,NULL),
	(426,'427','f18fa99e-8d3c-4b6b-91a3-9c0000000018',NULL,NULL),
	(427,'428','f18fa99e-8d3c-4b6b-91a3-9c0000000018',NULL,NULL),
	(428,'429','f18fa99e-8d3c-4b6b-91a3-9c0000000018',NULL,NULL),
	(429,'430','f18fa99e-8d3c-4b6b-91a3-9c0000000018',NULL,NULL),
	(430,'431','f18fa99e-8d3c-4b6b-91a3-9c0000000018',NULL,NULL),
	(431,'432','f18fa99e-8d3c-4b6b-91a3-9c0000000018',NULL,NULL),
	(432,'433','f18fa99e-8d3c-4b6b-91a3-9c0000000018',NULL,NULL),
	(433,'434','f18fa99e-8d3c-4b6b-91a3-9c0000000018',NULL,NULL),
	(434,'435','f18fa99e-8d3c-4b6b-91a3-9c0000000018',NULL,NULL),
	(435,'436','f18fa99e-8d3c-4b6b-91a3-9c0000000018',NULL,NULL),
	(436,'437','f18fa99e-8d3c-4b6b-91a3-9c0000000018',NULL,NULL),
	(437,'438','f18fa99e-8d3c-4b6b-91a3-9c0000000018',NULL,NULL),
	(438,'439','f18fa99e-8d3c-4b6b-91a3-9c0000000018',NULL,NULL),
	(439,'440','f18fa99e-8d3c-4b6b-91a3-9c0000000018',NULL,NULL),
	(440,'441','f18fa99e-8d3c-4b6b-91a3-9c0000000018',NULL,NULL),
	(441,'442','f18fa99e-8d3c-4b6b-91a3-9c0000000018',NULL,NULL),
	(442,'443','f18fa99e-8d3c-4b6b-91a3-9c0000000018',NULL,NULL),
	(443,'444','f18fa99e-8d3c-4b6b-91a3-9c0000000018',NULL,NULL),
	(444,'445','f18fa99e-8d3c-4b6b-91a3-9c0000000018',NULL,NULL),
	(445,'446','f18fa99e-8d3c-4b6b-91a3-9c0000000018',NULL,NULL),
	(446,'447','f18fa99e-8d3c-4b6b-91a3-9c0000000018',NULL,NULL),
	(447,'448','f18fa99e-8d3c-4b6b-91a3-9c0000000018',NULL,NULL),
	(448,'449','f18fa99e-8d3c-4b6b-91a3-9c0000000018',NULL,NULL),
	(449,'450','f18fa99e-8d3c-4b6b-91a3-9c0000000018',NULL,NULL),
	(450,'451','f18fa99e-8d3c-4b6b-91a3-9c0000000018',NULL,NULL),
	(451,'452','f18fa99e-8d3c-4b6b-91a3-9c0000000018',NULL,NULL),
	(452,'453','f18fa99e-8d3c-4b6b-91a3-9c0000000018',NULL,NULL),
	(453,'454','f18fa99e-8d3c-4b6b-91a3-9c0000000018',NULL,NULL),
	(454,'455','f18fa99e-8d3c-4b6b-91a3-9c0000000018',NULL,NULL),
	(455,'456','f18fa99e-8d3c-4b6b-91a3-9c0000000018',NULL,NULL),
	(456,'457','f18fa99e-8d3c-4b6b-91a3-9c0000000018',NULL,NULL),
	(457,'458','f18fa99e-8d3c-4b6b-91a3-9c0000000018',NULL,NULL),
	(458,'459','f18fa99e-8d3c-4b6b-91a3-9c0000000018',NULL,NULL),
	(459,'460','f18fa99e-8d3c-4b6b-91a3-9c0000000018',NULL,NULL),
	(460,'461','f18fa99e-8d3c-4b6b-91a3-9c0000000018',NULL,NULL),
	(461,'462','f18fa99e-8d3c-4b6b-91a3-9c0000000018',NULL,NULL),
	(462,'463','f18fa99e-8d3c-4b6b-91a3-9c0000000018',NULL,NULL),
	(463,'464','f18fa99e-8d3c-4b6b-91a3-9c0000000018',NULL,NULL),
	(464,'465','f18fa99e-8d3c-4b6b-91a3-9c0000000018',NULL,NULL),
	(465,'466','f18fa99e-8d3c-4b6b-91a3-9c0000000018',NULL,NULL),
	(466,'467','f18fa99e-8d3c-4b6b-91a3-9c0000000018',NULL,NULL),
	(467,'468','f18fa99e-8d3c-4b6b-91a3-9c0000000018',NULL,NULL),
	(468,'469','f18fa99e-8d3c-4b6b-91a3-9c0000000018',NULL,NULL),
	(469,'470','f18fa99e-8d3c-4b6b-91a3-9c0000000018',NULL,NULL),
	(470,'471','f18fa99e-8d3c-4b6b-91a3-9c0000000018',NULL,NULL),
	(471,'472','f18fa99e-8d3c-4b6b-91a3-9c0000000018',NULL,NULL),
	(472,'473','f18fa99e-8d3c-4b6b-91a3-9c0000000018',NULL,NULL),
	(473,'474','f18fa99e-8d3c-4b6b-91a3-9c0000000018',NULL,NULL),
	(474,'475','f18fa99e-8d3c-4b6b-91a3-9c0000000018',NULL,NULL),
	(475,'476','f18fa99e-8d3c-4b6b-91a3-9c0000000018',NULL,NULL),
	(476,'477','f18fa99e-8d3c-4b6b-91a3-9c0000000018',NULL,NULL),
	(477,'478','f18fa99e-8d3c-4b6b-91a3-9c0000000018',NULL,NULL),
	(478,'479','f18fa99e-8d3c-4b6b-91a3-9c0000000018',NULL,NULL),
	(479,'480','f18fa99e-8d3c-4b6b-91a3-9c0000000018',NULL,NULL),
	(480,'481','f18fa99e-8d3c-4b6b-91a3-9c0000000018',NULL,NULL),
	(481,'482','f18fa99e-8d3c-4b6b-91a3-9c0000000018',NULL,NULL),
	(482,'483','f18fa99e-8d3c-4b6b-91a3-9c0000000018',NULL,NULL),
	(483,'484','f18fa99e-8d3c-4b6b-91a3-9c0000000018',NULL,NULL),
	(484,'485','f18fa99e-8d3c-4b6b-91a3-9c0000000018',NULL,NULL),
	(485,'486','f18fa99e-8d3c-4b6b-91a3-9c0000000018',NULL,NULL),
	(486,'487','f18fa99e-8d3c-4b6b-91a3-9c0000000018',NULL,NULL),
	(487,'488','f18fa99e-8d3c-4b6b-91a3-9c0000000018',NULL,NULL),
	(488,'489','f18fa99e-8d3c-4b6b-91a3-9c0000000018',NULL,NULL),
	(489,'490','f18fa99e-8d3c-4b6b-91a3-9c0000000018',NULL,NULL),
	(490,'491','f18fa99e-8d3c-4b6b-91a3-9c0000000018',NULL,NULL),
	(491,'492','f18fa99e-8d3c-4b6b-91a3-9c0000000018',NULL,NULL),
	(492,'493','f18fa99e-8d3c-4b6b-91a3-9c0000000018',NULL,NULL),
	(493,'494','f18fa99e-8d3c-4b6b-91a3-9c0000000018',NULL,NULL),
	(494,'495','f18fa99e-8d3c-4b6b-91a3-9c0000000018',NULL,NULL),
	(495,'496','f18fa99e-8d3c-4b6b-91a3-9c0000000018',NULL,NULL),
	(496,'497','f18fa99e-8d3c-4b6b-91a3-9c0000000018',NULL,NULL),
	(497,'498','f18fa99e-8d3c-4b6b-91a3-9c0000000018',NULL,NULL),
	(498,'499','f18fa99e-8d3c-4b6b-91a3-9c0000000018',NULL,NULL),
	(499,'500','f18fa99e-8d3c-4b6b-91a3-9c0000000018',NULL,NULL),
	(500,'501','f18fa99e-8d3c-4b6b-91a3-9c0000000018',NULL,NULL),
	(501,'502','f18fa99e-8d3c-4b6b-91a3-9c0000000018',NULL,NULL),
	(502,'503','f18fa99e-8d3c-4b6b-91a3-9c0000000018',NULL,NULL),
	(503,'504','f18fa99e-8d3c-4b6b-91a3-9c0000000018',NULL,NULL),
	(504,'505','f18fa99e-8d3c-4b6b-91a3-9c0000000018',NULL,NULL),
	(505,'506','f18fa99e-8d3c-4b6b-91a3-9c0000000018',NULL,NULL),
	(506,'507','f18fa99e-8d3c-4b6b-91a3-9c0000000018',NULL,NULL),
	(507,'508','f18fa99e-8d3c-4b6b-91a3-9c0000000018',NULL,NULL),
	(508,'509','f18fa99e-8d3c-4b6b-91a3-9c0000000018',NULL,NULL),
	(509,'510','f18fa99e-8d3c-4b6b-91a3-9c0000000018',NULL,NULL),
	(510,'511','f18fa99e-8d3c-4b6b-91a3-9c0000000018',NULL,NULL),
	(511,'512','f18fa99e-8d3c-4b6b-91a3-9c0000000018',NULL,NULL),
	(512,'513','f18fa99e-8d3c-4b6b-91a3-9c0000000018',NULL,NULL),
	(513,'514','f18fa99e-8d3c-4b6b-91a3-9c0000000018',NULL,NULL),
	(514,'515','f18fa99e-8d3c-4b6b-91a3-9c0000000018',NULL,NULL),
	(515,'516','f18fa99e-8d3c-4b6b-91a3-9c0000000018',NULL,NULL),
	(516,'517','f18fa99e-8d3c-4b6b-91a3-9c0000000018',NULL,NULL),
	(517,'518','f18fa99e-8d3c-4b6b-91a3-9c0000000018',NULL,NULL),
	(518,'519','f18fa99e-8d3c-4b6b-91a3-9c0000000018',NULL,NULL),
	(519,'520','f18fa99e-8d3c-4b6b-91a3-9c0000000018',NULL,NULL),
	(520,'521','f18fa99e-8d3c-4b6b-91a3-9c0000000018',NULL,NULL),
	(521,'522','f18fa99e-8d3c-4b6b-91a3-9c0000000018',NULL,NULL),
	(522,'523','f18fa99e-8d3c-4b6b-91a3-9c0000000018',NULL,NULL),
	(523,'524','f18fa99e-8d3c-4b6b-91a3-9c0000000018',NULL,NULL),
	(524,'525','f18fa99e-8d3c-4b6b-91a3-9c0000000018',NULL,NULL),
	(525,'526','f18fa99e-8d3c-4b6b-91a3-9c0000000018',NULL,NULL),
	(526,'527','f18fa99e-8d3c-4b6b-91a3-9c0000000018',NULL,NULL),
	(527,'528','f18fa99e-8d3c-4b6b-91a3-9c0000000018',NULL,NULL),
	(528,'529','f18fa99e-8d3c-4b6b-91a3-9c0000000018',NULL,NULL),
	(529,'530','f18fa99e-8d3c-4b6b-91a3-9c0000000018',NULL,NULL),
	(530,'531','f18fa99e-8d3c-4b6b-91a3-9c0000000018',NULL,NULL),
	(531,'532','f18fa99e-8d3c-4b6b-91a3-9c0000000018',NULL,NULL),
	(532,'533','f18fa99e-8d3c-4b6b-91a3-9c0000000018',NULL,NULL),
	(533,'534','f18fa99e-8d3c-4b6b-91a3-9c0000000018',NULL,NULL),
	(534,'535','f18fa99e-8d3c-4b6b-91a3-9c0000000018',NULL,NULL),
	(535,'536','f18fa99e-8d3c-4b6b-91a3-9c0000000018',NULL,NULL),
	(536,'537','f18fa99e-8d3c-4b6b-91a3-9c0000000018',NULL,NULL),
	(537,'538','f18fa99e-8d3c-4b6b-91a3-9c0000000018',NULL,NULL),
	(538,'539','f18fa99e-8d3c-4b6b-91a3-9c0000000018',NULL,NULL),
	(539,'540','f18fa99e-8d3c-4b6b-91a3-9c0000000018',NULL,NULL),
	(540,'541','f18fa99e-8d3c-4b6b-91a3-9c0000000018',NULL,NULL),
	(541,'542','f18fa99e-8d3c-4b6b-91a3-9c0000000018',NULL,NULL),
	(542,'543','f18fa99e-8d3c-4b6b-91a3-9c0000000018',NULL,NULL),
	(543,'544','f18fa99e-8d3c-4b6b-91a3-9c0000000018',NULL,NULL),
	(544,'545','f18fa99e-8d3c-4b6b-91a3-9c0000000018',NULL,NULL),
	(545,'546','f18fa99e-8d3c-4b6b-91a3-9c0000000018',NULL,NULL),
	(546,'547','f18fa99e-8d3c-4b6b-91a3-9c0000000018',NULL,NULL),
	(547,'548','f18fa99e-8d3c-4b6b-91a3-9c0000000018',NULL,NULL),
	(548,'549','f18fa99e-8d3c-4b6b-91a3-9c0000000018',NULL,NULL),
	(549,'550','f18fa99e-8d3c-4b6b-91a3-9c0000000018',NULL,NULL),
	(550,'551','f18fa99e-8d3c-4b6b-91a3-9c0000000018',NULL,NULL),
	(551,'552','f18fa99e-8d3c-4b6b-91a3-9c0000000018',NULL,NULL),
	(552,'553','f18fa99e-8d3c-4b6b-91a3-9c0000000018',NULL,NULL),
	(553,'554','f18fa99e-8d3c-4b6b-91a3-9c0000000018',NULL,NULL),
	(554,'555','f18fa99e-8d3c-4b6b-91a3-9c0000000018',NULL,NULL),
	(555,'556','f18fa99e-8d3c-4b6b-91a3-9c0000000018',NULL,NULL),
	(556,'557','f18fa99e-8d3c-4b6b-91a3-9c0000000018',NULL,NULL),
	(557,'558','f18fa99e-8d3c-4b6b-91a3-9c0000000018',NULL,NULL),
	(558,'559','f18fa99e-8d3c-4b6b-91a3-9c0000000018',NULL,NULL),
	(559,'560','f18fa99e-8d3c-4b6b-91a3-9c0000000018',NULL,NULL),
	(560,'561','f18fa99e-8d3c-4b6b-91a3-9c0000000018',NULL,NULL),
	(561,'562','f18fa99e-8d3c-4b6b-91a3-9c0000000018',NULL,NULL),
	(562,'563','f18fa99e-8d3c-4b6b-91a3-9c0000000018',NULL,NULL),
	(563,'564','f18fa99e-8d3c-4b6b-91a3-9c0000000018',NULL,NULL),
	(564,'565','f18fa99e-8d3c-4b6b-91a3-9c0000000018',NULL,NULL),
	(565,'566','f18fa99e-8d3c-4b6b-91a3-9c0000000018',NULL,NULL),
	(566,'567','f18fa99e-8d3c-4b6b-91a3-9c0000000018',NULL,NULL),
	(567,'568','f18fa99e-8d3c-4b6b-91a3-9c0000000018',NULL,NULL),
	(568,'569','f18fa99e-8d3c-4b6b-91a3-9c0000000018',NULL,NULL),
	(569,'570','f18fa99e-8d3c-4b6b-91a3-9c0000000018',NULL,NULL),
	(570,'571','f18fa99e-8d3c-4b6b-91a3-9c0000000018',NULL,NULL),
	(571,'572','f18fa99e-8d3c-4b6b-91a3-9c0000000018',NULL,NULL),
	(572,'573','f18fa99e-8d3c-4b6b-91a3-9c0000000018',NULL,NULL),
	(573,'574','f18fa99e-8d3c-4b6b-91a3-9c0000000018',NULL,NULL),
	(574,'575','f18fa99e-8d3c-4b6b-91a3-9c0000000018',NULL,NULL),
	(575,'576','f18fa99e-8d3c-4b6b-91a3-9c0000000018',NULL,NULL),
	(576,'577','f18fa99e-8d3c-4b6b-91a3-9c0000000018',NULL,NULL),
	(577,'578','f18fa99e-8d3c-4b6b-91a3-9c0000000018',NULL,NULL),
	(578,'579','f18fa99e-8d3c-4b6b-91a3-9c0000000018',NULL,NULL),
	(579,'580','f18fa99e-8d3c-4b6b-91a3-9c0000000018',NULL,NULL),
	(580,'581','f18fa99e-8d3c-4b6b-91a3-9c0000000018',NULL,NULL),
	(581,'582','f18fa99e-8d3c-4b6b-91a3-9c0000000018',NULL,NULL),
	(582,'583','f18fa99e-8d3c-4b6b-91a3-9c0000000018',NULL,NULL),
	(583,'584','f18fa99e-8d3c-4b6b-91a3-9c0000000018',NULL,NULL),
	(584,'585','f18fa99e-8d3c-4b6b-91a3-9c0000000018',NULL,NULL),
	(585,'586','f18fa99e-8d3c-4b6b-91a3-9c0000000018',NULL,NULL),
	(586,'587','f18fa99e-8d3c-4b6b-91a3-9c0000000018',NULL,NULL),
	(587,'588','f18fa99e-8d3c-4b6b-91a3-9c0000000018',NULL,NULL),
	(588,'589','f18fa99e-8d3c-4b6b-91a3-9c0000000018',NULL,NULL),
	(589,'590','f18fa99e-8d3c-4b6b-91a3-9c0000000018',NULL,NULL),
	(590,'591','f18fa99e-8d3c-4b6b-91a3-9c0000000018',NULL,NULL),
	(591,'592','f18fa99e-8d3c-4b6b-91a3-9c0000000018',NULL,NULL),
	(592,'593','f18fa99e-8d3c-4b6b-91a3-9c0000000018',NULL,NULL),
	(593,'594','f18fa99e-8d3c-4b6b-91a3-9c0000000018',NULL,NULL),
	(594,'595','f18fa99e-8d3c-4b6b-91a3-9c0000000018',NULL,NULL),
	(595,'596','f18fa99e-8d3c-4b6b-91a3-9c0000000018',NULL,NULL),
	(596,'597','f18fa99e-8d3c-4b6b-91a3-9c0000000018',NULL,NULL),
	(597,'598','f18fa99e-8d3c-4b6b-91a3-9c0000000018',NULL,NULL),
	(598,'599','f18fa99e-8d3c-4b6b-91a3-9c0000000018',NULL,NULL),
	(599,'600','f18fa99e-8d3c-4b6b-91a3-9c0000000018',NULL,NULL),
	(600,'601','f18fa99e-8d3c-4b6b-91a3-9c0000000018',NULL,NULL),
	(601,'602','f18fa99e-8d3c-4b6b-91a3-9c0000000018',NULL,NULL),
	(602,'603','f18fa99e-8d3c-4b6b-91a3-9c0000000018',NULL,NULL),
	(603,'604','f18fa99e-8d3c-4b6b-91a3-9c0000000018',NULL,NULL),
	(604,'605','f18fa99e-8d3c-4b6b-91a3-9c0000000018',NULL,NULL),
	(605,'606','f18fa99e-8d3c-4b6b-91a3-9c0000000018',NULL,NULL),
	(606,'607','f18fa99e-8d3c-4b6b-91a3-9c0000000018',NULL,NULL),
	(607,'608','f18fa99e-8d3c-4b6b-91a3-9c0000000018',NULL,NULL),
	(608,'609','f18fa99e-8d3c-4b6b-91a3-9c0000000018',NULL,NULL),
	(609,'610','f18fa99e-8d3c-4b6b-91a3-9c0000000018',NULL,NULL),
	(610,'611','f18fa99e-8d3c-4b6b-91a3-9c0000000018',NULL,NULL),
	(611,'612','f18fa99e-8d3c-4b6b-91a3-9c0000000018',NULL,NULL),
	(612,'613','f18fa99e-8d3c-4b6b-91a3-9c0000000018',NULL,NULL),
	(613,'614','f18fa99e-8d3c-4b6b-91a3-9c0000000018',NULL,NULL),
	(614,'615','f18fa99e-8d3c-4b6b-91a3-9c0000000018',NULL,NULL),
	(615,'616','f18fa99e-8d3c-4b6b-91a3-9c0000000018',NULL,NULL),
	(616,'617','f18fa99e-8d3c-4b6b-91a3-9c0000000018',NULL,NULL),
	(617,'618','f18fa99e-8d3c-4b6b-91a3-9c0000000018',NULL,NULL),
	(618,'619','f18fa99e-8d3c-4b6b-91a3-9c0000000018',NULL,NULL),
	(619,'620','f18fa99e-8d3c-4b6b-91a3-9c0000000018',NULL,NULL),
	(620,'621','f18fa99e-8d3c-4b6b-91a3-9c0000000018',NULL,NULL),
	(621,'622','f18fa99e-8d3c-4b6b-91a3-9c0000000018',NULL,NULL),
	(622,'623','f18fa99e-8d3c-4b6b-91a3-9c0000000018',NULL,NULL),
	(623,'624','f18fa99e-8d3c-4b6b-91a3-9c0000000018',NULL,NULL),
	(624,'625','f18fa99e-8d3c-4b6b-91a3-9c0000000018',NULL,NULL),
	(625,'626','f18fa99e-8d3c-4b6b-91a3-9c0000000018',NULL,NULL),
	(626,'627','f18fa99e-8d3c-4b6b-91a3-9c0000000018',NULL,NULL),
	(627,'628','f18fa99e-8d3c-4b6b-91a3-9c0000000018',NULL,NULL),
	(628,'629','f18fa99e-8d3c-4b6b-91a3-9c0000000018',NULL,NULL),
	(629,'630','f18fa99e-8d3c-4b6b-91a3-9c0000000018',NULL,NULL),
	(630,'631','f18fa99e-8d3c-4b6b-91a3-9c0000000018',NULL,NULL),
	(631,'632','f18fa99e-8d3c-4b6b-91a3-9c0000000018',NULL,NULL),
	(632,'633','f18fa99e-8d3c-4b6b-91a3-9c0000000018',NULL,NULL),
	(633,'634','f18fa99e-8d3c-4b6b-91a3-9c0000000018',NULL,NULL),
	(634,'635','f18fa99e-8d3c-4b6b-91a3-9c0000000018',NULL,NULL),
	(635,'636','f18fa99e-8d3c-4b6b-91a3-9c0000000018',NULL,NULL),
	(636,'637','f18fa99e-8d3c-4b6b-91a3-9c0000000018',NULL,NULL),
	(637,'638','f18fa99e-8d3c-4b6b-91a3-9c0000000018',NULL,NULL),
	(638,'639','f18fa99e-8d3c-4b6b-91a3-9c0000000018',NULL,NULL),
	(639,'640','f18fa99e-8d3c-4b6b-91a3-9c0000000018',NULL,NULL),
	(640,'641','f18fa99e-8d3c-4b6b-91a3-9c0000000018',NULL,NULL),
	(641,'642','f18fa99e-8d3c-4b6b-91a3-9c0000000018',NULL,NULL),
	(642,'643','f18fa99e-8d3c-4b6b-91a3-9c0000000018',NULL,NULL),
	(643,'644','f18fa99e-8d3c-4b6b-91a3-9c0000000018',NULL,NULL),
	(644,'645','f18fa99e-8d3c-4b6b-91a3-9c0000000018',NULL,NULL),
	(645,'646','f18fa99e-8d3c-4b6b-91a3-9c0000000018',NULL,NULL),
	(646,'647','f18fa99e-8d3c-4b6b-91a3-9c0000000018',NULL,NULL),
	(647,'648','f18fa99e-8d3c-4b6b-91a3-9c0000000018',NULL,NULL),
	(648,'649','f18fa99e-8d3c-4b6b-91a3-9c0000000018',NULL,NULL),
	(649,'650','f18fa99e-8d3c-4b6b-91a3-9c0000000018',NULL,NULL),
	(650,'651','f18fa99e-8d3c-4b6b-91a3-9c0000000018',NULL,NULL),
	(651,'652','f18fa99e-8d3c-4b6b-91a3-9c0000000018',NULL,NULL),
	(652,'653','f18fa99e-8d3c-4b6b-91a3-9c0000000018',NULL,NULL),
	(653,'654','f18fa99e-8d3c-4b6b-91a3-9c0000000018',NULL,NULL),
	(654,'655','f18fa99e-8d3c-4b6b-91a3-9c0000000018',NULL,NULL),
	(655,'656','f18fa99e-8d3c-4b6b-91a3-9c0000000018',NULL,NULL),
	(656,'657','f18fa99e-8d3c-4b6b-91a3-9c0000000018',NULL,NULL),
	(657,'658','f18fa99e-8d3c-4b6b-91a3-9c0000000018',NULL,NULL),
	(658,'659','f18fa99e-8d3c-4b6b-91a3-9c0000000018',NULL,NULL),
	(659,'660','f18fa99e-8d3c-4b6b-91a3-9c0000000018',NULL,NULL),
	(660,'661','f18fa99e-8d3c-4b6b-91a3-9c0000000018',NULL,NULL),
	(661,'662','f18fa99e-8d3c-4b6b-91a3-9c0000000018',NULL,NULL),
	(662,'663','f18fa99e-8d3c-4b6b-91a3-9c0000000018',NULL,NULL),
	(663,'664','f18fa99e-8d3c-4b6b-91a3-9c0000000018',NULL,NULL),
	(664,'665','f18fa99e-8d3c-4b6b-91a3-9c0000000018',NULL,NULL),
	(665,'666','f18fa99e-8d3c-4b6b-91a3-9c0000000018',NULL,NULL),
	(666,'667','f18fa99e-8d3c-4b6b-91a3-9c0000000018',NULL,NULL),
	(667,'668','f18fa99e-8d3c-4b6b-91a3-9c0000000018',NULL,NULL),
	(668,'669','f18fa99e-8d3c-4b6b-91a3-9c0000000018',NULL,NULL),
	(669,'670','f18fa99e-8d3c-4b6b-91a3-9c0000000018',NULL,NULL),
	(670,'671','f18fa99e-8d3c-4b6b-91a3-9c0000000018',NULL,NULL),
	(671,'672','f18fa99e-8d3c-4b6b-91a3-9c0000000018',NULL,NULL),
	(672,'673','f18fa99e-8d3c-4b6b-91a3-9c0000000018',NULL,NULL),
	(673,'674','f18fa99e-8d3c-4b6b-91a3-9c0000000018',NULL,NULL),
	(674,'675','f18fa99e-8d3c-4b6b-91a3-9c0000000018',NULL,NULL),
	(675,'676','f18fa99e-8d3c-4b6b-91a3-9c0000000018',NULL,NULL),
	(676,'677','f18fa99e-8d3c-4b6b-91a3-9c0000000018',NULL,NULL),
	(677,'678','f18fa99e-8d3c-4b6b-91a3-9c0000000018',NULL,NULL),
	(678,'679','f18fa99e-8d3c-4b6b-91a3-9c0000000018',NULL,NULL),
	(679,'680','f18fa99e-8d3c-4b6b-91a3-9c0000000018',NULL,NULL),
	(680,'681','f18fa99e-8d3c-4b6b-91a3-9c0000000018',NULL,NULL),
	(681,'682','f18fa99e-8d3c-4b6b-91a3-9c0000000018',NULL,NULL),
	(682,'683','f18fa99e-8d3c-4b6b-91a3-9c0000000018',NULL,NULL),
	(683,'684','f18fa99e-8d3c-4b6b-91a3-9c0000000018',NULL,NULL),
	(684,'685','f18fa99e-8d3c-4b6b-91a3-9c0000000018',NULL,NULL),
	(685,'686','f18fa99e-8d3c-4b6b-91a3-9c0000000018',NULL,NULL),
	(686,'687','f18fa99e-8d3c-4b6b-91a3-9c0000000018',NULL,NULL),
	(687,'688','f18fa99e-8d3c-4b6b-91a3-9c0000000018',NULL,NULL),
	(688,'689','f18fa99e-8d3c-4b6b-91a3-9c0000000018',NULL,NULL),
	(689,'690','f18fa99e-8d3c-4b6b-91a3-9c0000000018',NULL,NULL),
	(690,'691','f18fa99e-8d3c-4b6b-91a3-9c0000000018',NULL,NULL),
	(691,'692','f18fa99e-8d3c-4b6b-91a3-9c0000000018',NULL,NULL),
	(692,'693','f18fa99e-8d3c-4b6b-91a3-9c0000000018',NULL,NULL),
	(693,'694','f18fa99e-8d3c-4b6b-91a3-9c0000000018',NULL,NULL),
	(694,'695','f18fa99e-8d3c-4b6b-91a3-9c0000000018',NULL,NULL),
	(695,'696','f18fa99e-8d3c-4b6b-91a3-9c0000000018',NULL,NULL),
	(696,'697','f18fa99e-8d3c-4b6b-91a3-9c0000000018',NULL,NULL),
	(697,'698','f18fa99e-8d3c-4b6b-91a3-9c0000000018',NULL,NULL),
	(698,'699','f18fa99e-8d3c-4b6b-91a3-9c0000000018',NULL,NULL),
	(699,'700','f18fa99e-8d3c-4b6b-91a3-9c0000000018',NULL,NULL),
	(700,'701','f18fa99e-8d3c-4b6b-91a3-9c0000000018',NULL,NULL),
	(701,'702','f18fa99e-8d3c-4b6b-91a3-9c0000000018',NULL,NULL),
	(702,'703','f18fa99e-8d3c-4b6b-91a3-9c0000000018',NULL,NULL),
	(703,'704','f18fa99e-8d3c-4b6b-91a3-9c0000000018',NULL,NULL),
	(704,'705','f18fa99e-8d3c-4b6b-91a3-9c0000000018',NULL,NULL),
	(705,'706','f18fa99e-8d3c-4b6b-91a3-9c0000000018',NULL,NULL),
	(706,'707','f18fa99e-8d3c-4b6b-91a3-9c0000000018',NULL,NULL),
	(707,'708','f18fa99e-8d3c-4b6b-91a3-9c0000000018',NULL,NULL),
	(708,'709','f18fa99e-8d3c-4b6b-91a3-9c0000000018',NULL,NULL),
	(709,'710','f18fa99e-8d3c-4b6b-91a3-9c0000000018',NULL,NULL),
	(710,'711','f18fa99e-8d3c-4b6b-91a3-9c0000000018',NULL,NULL),
	(711,'712','f18fa99e-8d3c-4b6b-91a3-9c0000000018',NULL,NULL),
	(712,'713','f18fa99e-8d3c-4b6b-91a3-9c0000000018',NULL,NULL),
	(713,'714','f18fa99e-8d3c-4b6b-91a3-9c0000000018',NULL,NULL),
	(714,'715','f18fa99e-8d3c-4b6b-91a3-9c0000000018',NULL,NULL),
	(715,'716','f18fa99e-8d3c-4b6b-91a3-9c0000000018',NULL,NULL),
	(716,'717','f18fa99e-8d3c-4b6b-91a3-9c0000000018',NULL,NULL),
	(717,'718','f18fa99e-8d3c-4b6b-91a3-9c0000000018',NULL,NULL),
	(718,'719','f18fa99e-8d3c-4b6b-91a3-9c0000000018',NULL,NULL),
	(719,'720','f18fa99e-8d3c-4b6b-91a3-9c0000000018',NULL,NULL),
	(720,'721','f18fa99e-8d3c-4b6b-91a3-9c0000000018',NULL,NULL),
	(721,'722','f18fa99e-8d3c-4b6b-91a3-9c0000000018',NULL,NULL),
	(722,'723','f18fa99e-8d3c-4b6b-91a3-9c0000000018',NULL,NULL),
	(723,'724','f18fa99e-8d3c-4b6b-91a3-9c0000000018',NULL,NULL),
	(724,'725','f18fa99e-8d3c-4b6b-91a3-9c0000000018',NULL,NULL),
	(725,'726','f18fa99e-8d3c-4b6b-91a3-9c0000000018',NULL,NULL),
	(726,'727','f18fa99e-8d3c-4b6b-91a3-9c0000000018',NULL,NULL),
	(727,'728','f18fa99e-8d3c-4b6b-91a3-9c0000000018',NULL,NULL),
	(728,'729','f18fa99e-8d3c-4b6b-91a3-9c0000000018',NULL,NULL),
	(729,'730','f18fa99e-8d3c-4b6b-91a3-9c0000000018',NULL,NULL),
	(730,'731','f18fa99e-8d3c-4b6b-91a3-9c0000000018',NULL,NULL),
	(731,'732','f18fa99e-8d3c-4b6b-91a3-9c0000000018',NULL,NULL),
	(732,'733','f18fa99e-8d3c-4b6b-91a3-9c0000000018',NULL,NULL),
	(733,'734','f18fa99e-8d3c-4b6b-91a3-9c0000000018',NULL,NULL),
	(734,'735','f18fa99e-8d3c-4b6b-91a3-9c0000000018',NULL,NULL),
	(735,'736','f18fa99e-8d3c-4b6b-91a3-9c0000000018',NULL,NULL),
	(736,'737','f18fa99e-8d3c-4b6b-91a3-9c0000000018',NULL,NULL),
	(737,'738','f18fa99e-8d3c-4b6b-91a3-9c0000000018',NULL,NULL),
	(738,'739','f18fa99e-8d3c-4b6b-91a3-9c0000000018',NULL,NULL),
	(739,'740','f18fa99e-8d3c-4b6b-91a3-9c0000000018',NULL,NULL),
	(740,'741','f18fa99e-8d3c-4b6b-91a3-9c0000000018',NULL,NULL),
	(741,'742','f18fa99e-8d3c-4b6b-91a3-9c0000000018',NULL,NULL),
	(742,'743','f18fa99e-8d3c-4b6b-91a3-9c0000000018',NULL,NULL),
	(743,'744','f18fa99e-8d3c-4b6b-91a3-9c0000000018',NULL,NULL),
	(744,'745','f18fa99e-8d3c-4b6b-91a3-9c0000000018',NULL,NULL),
	(745,'746','f18fa99e-8d3c-4b6b-91a3-9c0000000018',NULL,NULL),
	(746,'747','f18fa99e-8d3c-4b6b-91a3-9c0000000018',NULL,NULL),
	(747,'748','f18fa99e-8d3c-4b6b-91a3-9c0000000018',NULL,NULL),
	(748,'749','f18fa99e-8d3c-4b6b-91a3-9c0000000018',NULL,NULL),
	(749,'750','f18fa99e-8d3c-4b6b-91a3-9c0000000018',NULL,NULL),
	(750,'751','f18fa99e-8d3c-4b6b-91a3-9c0000000018',NULL,NULL),
	(751,'752','f18fa99e-8d3c-4b6b-91a3-9c0000000018',NULL,NULL),
	(752,'753','f18fa99e-8d3c-4b6b-91a3-9c0000000018',NULL,NULL),
	(753,'754','f18fa99e-8d3c-4b6b-91a3-9c0000000018',NULL,NULL),
	(754,'755','f18fa99e-8d3c-4b6b-91a3-9c0000000018',NULL,NULL),
	(755,'756','f18fa99e-8d3c-4b6b-91a3-9c0000000018',NULL,NULL),
	(756,'757','f18fa99e-8d3c-4b6b-91a3-9c0000000018',NULL,NULL),
	(757,'758','f18fa99e-8d3c-4b6b-91a3-9c0000000018',NULL,NULL),
	(758,'759','f18fa99e-8d3c-4b6b-91a3-9c0000000018',NULL,NULL),
	(759,'760','f18fa99e-8d3c-4b6b-91a3-9c0000000018',NULL,NULL),
	(760,'761','f18fa99e-8d3c-4b6b-91a3-9c0000000018',NULL,NULL),
	(761,'762','f18fa99e-8d3c-4b6b-91a3-9c0000000018',NULL,NULL),
	(762,'763','f18fa99e-8d3c-4b6b-91a3-9c0000000018',NULL,NULL),
	(763,'764','f18fa99e-8d3c-4b6b-91a3-9c0000000018',NULL,NULL),
	(764,'765','f18fa99e-8d3c-4b6b-91a3-9c0000000018',NULL,NULL),
	(765,'766','f18fa99e-8d3c-4b6b-91a3-9c0000000018',NULL,NULL),
	(766,'767','f18fa99e-8d3c-4b6b-91a3-9c0000000018',NULL,NULL),
	(767,'768','f18fa99e-8d3c-4b6b-91a3-9c0000000018',NULL,NULL),
	(768,'769','f18fa99e-8d3c-4b6b-91a3-9c0000000018',NULL,NULL),
	(769,'770','f18fa99e-8d3c-4b6b-91a3-9c0000000018',NULL,NULL),
	(770,'771','f18fa99e-8d3c-4b6b-91a3-9c0000000018',NULL,NULL),
	(771,'772','f18fa99e-8d3c-4b6b-91a3-9c0000000018',NULL,NULL),
	(772,'773','f18fa99e-8d3c-4b6b-91a3-9c0000000018',NULL,NULL),
	(773,'774','f18fa99e-8d3c-4b6b-91a3-9c0000000018',NULL,NULL),
	(774,'775','f18fa99e-8d3c-4b6b-91a3-9c0000000018',NULL,NULL),
	(775,'776','f18fa99e-8d3c-4b6b-91a3-9c0000000018',NULL,NULL),
	(776,'777','f18fa99e-8d3c-4b6b-91a3-9c0000000018',NULL,NULL),
	(777,'778','f18fa99e-8d3c-4b6b-91a3-9c0000000018',NULL,NULL),
	(778,'779','f18fa99e-8d3c-4b6b-91a3-9c0000000018',NULL,NULL),
	(779,'780','f18fa99e-8d3c-4b6b-91a3-9c0000000018',NULL,NULL),
	(780,'781','f18fa99e-8d3c-4b6b-91a3-9c0000000018',NULL,NULL),
	(781,'782','f18fa99e-8d3c-4b6b-91a3-9c0000000018',NULL,NULL),
	(782,'783','f18fa99e-8d3c-4b6b-91a3-9c0000000018',NULL,NULL),
	(783,'784','f18fa99e-8d3c-4b6b-91a3-9c0000000018',NULL,NULL),
	(784,'785','f18fa99e-8d3c-4b6b-91a3-9c0000000018',NULL,NULL),
	(785,'786','f18fa99e-8d3c-4b6b-91a3-9c0000000018',NULL,NULL),
	(786,'787','f18fa99e-8d3c-4b6b-91a3-9c0000000018',NULL,NULL),
	(787,'788','f18fa99e-8d3c-4b6b-91a3-9c0000000018',NULL,NULL),
	(788,'789','f18fa99e-8d3c-4b6b-91a3-9c0000000018',NULL,NULL),
	(789,'790','f18fa99e-8d3c-4b6b-91a3-9c0000000018',NULL,NULL),
	(790,'791','f18fa99e-8d3c-4b6b-91a3-9c0000000018',NULL,NULL),
	(791,'792','f18fa99e-8d3c-4b6b-91a3-9c0000000018',NULL,NULL),
	(792,'793','f18fa99e-8d3c-4b6b-91a3-9c0000000018',NULL,NULL),
	(793,'794','f18fa99e-8d3c-4b6b-91a3-9c0000000018',NULL,NULL),
	(794,'795','f18fa99e-8d3c-4b6b-91a3-9c0000000018',NULL,NULL),
	(795,'796','f18fa99e-8d3c-4b6b-91a3-9c0000000018',NULL,NULL),
	(796,'797','f18fa99e-8d3c-4b6b-91a3-9c0000000018',NULL,NULL),
	(797,'798','f18fa99e-8d3c-4b6b-91a3-9c0000000018',NULL,NULL),
	(798,'799','f18fa99e-8d3c-4b6b-91a3-9c0000000018',NULL,NULL),
	(799,'800','f18fa99e-8d3c-4b6b-91a3-9c0000000018',NULL,NULL),
	(800,'801','f18fa99e-8d3c-4b6b-91a3-9c0000000018',NULL,NULL),
	(801,'802','f18fa99e-8d3c-4b6b-91a3-9c0000000018',NULL,NULL),
	(802,'803','f18fa99e-8d3c-4b6b-91a3-9c0000000018',NULL,NULL),
	(803,'804','f18fa99e-8d3c-4b6b-91a3-9c0000000018',NULL,NULL),
	(804,'805','f18fa99e-8d3c-4b6b-91a3-9c0000000018',NULL,NULL),
	(805,'806','f18fa99e-8d3c-4b6b-91a3-9c0000000018',NULL,NULL),
	(806,'807','f18fa99e-8d3c-4b6b-91a3-9c0000000018',NULL,NULL),
	(807,'808','f18fa99e-8d3c-4b6b-91a3-9c0000000018',NULL,NULL),
	(808,'809','f18fa99e-8d3c-4b6b-91a3-9c0000000018',NULL,NULL),
	(809,'810','f18fa99e-8d3c-4b6b-91a3-9c0000000018',NULL,NULL),
	(810,'811','f18fa99e-8d3c-4b6b-91a3-9c0000000018',NULL,NULL),
	(811,'812','f18fa99e-8d3c-4b6b-91a3-9c0000000018',NULL,NULL),
	(812,'813','f18fa99e-8d3c-4b6b-91a3-9c0000000018',NULL,NULL),
	(813,'814','f18fa99e-8d3c-4b6b-91a3-9c0000000018',NULL,NULL),
	(814,'815','f18fa99e-8d3c-4b6b-91a3-9c0000000018',NULL,NULL),
	(815,'816','f18fa99e-8d3c-4b6b-91a3-9c0000000018',NULL,NULL),
	(816,'817','f18fa99e-8d3c-4b6b-91a3-9c0000000018',NULL,NULL),
	(817,'818','f18fa99e-8d3c-4b6b-91a3-9c0000000018',NULL,NULL),
	(818,'819','f18fa99e-8d3c-4b6b-91a3-9c0000000018',NULL,NULL),
	(819,'820','f18fa99e-8d3c-4b6b-91a3-9c0000000018',NULL,NULL);

/*!40000 ALTER TABLE `organization_users` ENABLE KEYS */;
UNLOCK TABLES;


# Dump of table organizations
# ------------------------------------------------------------

DROP TABLE IF EXISTS `organizations`;

CREATE TABLE `organizations` (
  `id` char(36) CHARACTER SET utf8mb4 COLLATE utf8mb4_unicode_ci NOT NULL,
  `organization_id` char(36) CHARACTER SET utf8mb4 COLLATE utf8mb4_unicode_ci DEFAULT NULL,
  `code` varchar(255) CHARACTER SET utf8mb4 COLLATE utf8mb4_unicode_ci NOT NULL,
  `name` varchar(255) CHARACTER SET utf8mb4 COLLATE utf8mb4_unicode_ci NOT NULL,
  `type` varchar(255) CHARACTER SET utf8mb4 COLLATE utf8mb4_unicode_ci NOT NULL,
  `city` varchar(255) CHARACTER SET utf8mb4 COLLATE utf8mb4_unicode_ci DEFAULT NULL,
  `province` varchar(255) CHARACTER SET utf8mb4 COLLATE utf8mb4_unicode_ci DEFAULT NULL,
  `address` varchar(255) CHARACTER SET utf8mb4 COLLATE utf8mb4_unicode_ci DEFAULT NULL,
  `phone` varchar(255) CHARACTER SET utf8mb4 COLLATE utf8mb4_unicode_ci DEFAULT NULL,
  `email` varchar(255) CHARACTER SET utf8mb4 COLLATE utf8mb4_unicode_ci DEFAULT NULL,
  `created_at` timestamp NULL DEFAULT NULL,
  `updated_at` timestamp NULL DEFAULT NULL,
  PRIMARY KEY (`id`),
  KEY `organizations_organization_id_index` (`organization_id`)
) ENGINE=InnoDB DEFAULT CHARSET=utf8mb4 COLLATE=utf8mb4_unicode_ci;

LOCK TABLES `organizations` WRITE;
/*!40000 ALTER TABLE `organizations` DISABLE KEYS */;

INSERT INTO `organizations` (`id`, `organization_id`, `code`, `name`, `type`, `city`, `province`, `address`, `phone`, `email`, `created_at`, `updated_at`)
VALUES
	('f18fa99e-8d3c-4b6b-91a3-9c0000000001',NULL,'RS01','RSUD dr. Soedono Madiun','RS','Madiun','Jawa Timur','Jl. Dr. Soedono No. 1','0351-456001',NULL,'2025-04-13 11:58:11','2025-04-13 11:58:11'),
	('f18fa99e-8d3c-4b6b-91a3-9c0000000002',NULL,'RS02','RSUD dr. Soeroto Ngawi','RS','Ngawi','Jawa Timur','Jl. Dr. Soeroto No. 2','0351-789001',NULL,'2025-04-13 11:58:11','2025-04-13 11:58:11'),
	('f18fa99e-8d3c-4b6b-91a3-9c0000000003',NULL,'RS03','RSUD dr. Soehadi Prijonegoro Sragen','RS','Sragen','Jawa Tengah','Jl. Dr. Soehadi No. 3','0271-891001',NULL,'2025-04-13 11:58:11','2025-04-13 11:58:11'),
	('f18fa99e-8d3c-4b6b-91a3-9c0000000004',NULL,'RS04','RSUD dr. Soediran Mangunsumarso Wonogiri','RS','Wonogiri','Jawa Tengah','Jl. Dr. Soediran No. 4','0273-450001',NULL,'2025-04-13 11:58:11','2025-04-13 11:58:11'),
	('f18fa99e-8d3c-4b6b-91a3-9c0000000005',NULL,'RS05','RSUD dr. Moewardi Surakarta','RS','Surakarta','Jawa Tengah','Jl. Dr. Moewardi No. 5','0271-633001',NULL,'2025-04-13 11:58:11','2025-04-13 11:58:11'),
	('f18fa99e-8d3c-4b6b-91a3-9c0000000006',NULL,'RS06','RSJD Dr. RM Soejarwadi','RSJ','Klaten','Jawa Tengah','Jl. RM Soejarwadi No. 6','0272-123456',NULL,'2025-04-13 11:58:11','2025-04-13 11:58:11'),
	('f18fa99e-8d3c-4b6b-91a3-9c0000000007',NULL,'RS07','RSJ Grhasia','RSJ','Sleman','DIY','Jl. Kaliurang No. 7','0274-654321',NULL,'2025-04-13 11:58:11','2025-04-13 11:58:11'),
	('f18fa99e-8d3c-4b6b-91a3-9c0000000008',NULL,'RS08','RS Bhayangkara Yogyakarta','RS','Yogyakarta','DIY','Jl. Bhayangkara No. 8','0274-987654',NULL,'2025-04-13 11:58:11','2025-04-13 11:58:11'),
	('f18fa99e-8d3c-4b6b-91a3-9c0000000009',NULL,'RS09','RSIY PDHI Yogyakarta','RS','Yogyakarta','DIY','Jl. RSIY PDHI No. 9','0274-543210',NULL,'2025-04-13 11:58:11','2025-04-13 11:58:11'),
	('f18fa99e-8d3c-4b6b-91a3-9c0000000010',NULL,'RS10','RSUD Wonosari Gunungkidul','RS','Gunungkidul','DIY','Jl. Wonosari No. 10','0274-112233',NULL,'2025-04-13 11:58:11','2025-04-13 11:58:11'),
	('f18fa99e-8d3c-4b6b-91a3-9c0000000011',NULL,'RS11','RS Universitas Islam Indonesia','RS','Yogyakarta','DIY','Jl. UII No. 11','0274-224466',NULL,'2025-04-13 11:58:11','2025-04-13 11:58:11'),
	('f18fa99e-8d3c-4b6b-91a3-9c0000000012',NULL,'RS12','RSUD dr. Soedirman Kebumen','RS','Kebumen','Jawa Tengah','Jl. Soedirman No. 12','0287-334455',NULL,'2025-04-13 11:58:11','2025-04-13 11:58:11'),
	('f18fa99e-8d3c-4b6b-91a3-9c0000000013',NULL,'DK01','Dinas Kesehatan Provinsi Daerah Istimewa Yogyakarta','DK','Yogyakarta','DIY','Jl. Dinkes DIY No. 1','0274-445566',NULL,'2025-04-13 11:58:11','2025-04-13 11:58:11'),
	('f18fa99e-8d3c-4b6b-91a3-9c0000000014',NULL,'DK02','Dinas Kesehatan Kabupaten Magelang','DK','Magelang','Jawa Tengah','Jl. Dinkes Magelang No. 2','0293-556677',NULL,'2025-04-13 11:58:11','2025-04-13 11:58:11'),
	('f18fa99e-8d3c-4b6b-91a3-9c0000000015',NULL,'DK03','Dinas Kesehatan Kabupaten Bantul','DK','Bantul','DIY','Jl. Dinkes Bantul No. 3','0274-667788',NULL,'2025-04-13 11:58:11','2025-04-13 11:58:11'),
	('f18fa99e-8d3c-4b6b-91a3-9c0000000016',NULL,'DK04','Dinas Kesehatan Kabupaten Sragen','DK','Sragen','Jawa Tengah','Jl. Dinkes Sragen No. 4','0271-778899',NULL,'2025-04-13 11:58:11','2025-04-13 11:58:11'),
	('f18fa99e-8d3c-4b6b-91a3-9c0000000017',NULL,'UNIV1','Universitas Islam Indonesia','UNIV','Sleman','DI Yogyakarta','Jl. Kaliurang','0',NULL,'2025-04-13 11:58:11','2025-04-13 11:58:11'),
	('f18fa99e-8d3c-4b6b-91a3-9c0000000018','f18fa99e-8d3c-4b6b-91a3-9c0000000017','PRODI1','Prodi Profesi Dokter','PRODI','Sleman','DI Yogyakarta','Jl. Kaliurang','0',NULL,'2025-04-13 11:58:11','2025-04-13 11:58:11');

/*!40000 ALTER TABLE `organizations` ENABLE KEYS */;
UNLOCK TABLES;


# Dump of table password_reset_tokens
# ------------------------------------------------------------

DROP TABLE IF EXISTS `password_reset_tokens`;

CREATE TABLE `password_reset_tokens` (
  `email` varchar(255) CHARACTER SET utf8mb4 COLLATE utf8mb4_unicode_ci NOT NULL,
  `token` varchar(255) CHARACTER SET utf8mb4 COLLATE utf8mb4_unicode_ci NOT NULL,
  `created_at` timestamp NULL DEFAULT NULL
) ENGINE=InnoDB DEFAULT CHARSET=utf8mb4 COLLATE=utf8mb4_unicode_ci;



# Dump of table personal_access_tokens
# ------------------------------------------------------------

DROP TABLE IF EXISTS `personal_access_tokens`;

CREATE TABLE `personal_access_tokens` (
  `id` bigint unsigned NOT NULL AUTO_INCREMENT,
  `tokenable_type` varchar(255) CHARACTER SET utf8mb4 COLLATE utf8mb4_unicode_ci NOT NULL,
  `tokenable_id` bigint unsigned NOT NULL,
  `name` varchar(255) CHARACTER SET utf8mb4 COLLATE utf8mb4_unicode_ci NOT NULL,
  `token` varchar(64) CHARACTER SET utf8mb4 COLLATE utf8mb4_unicode_ci NOT NULL,
  `abilities` text CHARACTER SET utf8mb4 COLLATE utf8mb4_unicode_ci,
  `last_used_at` timestamp NULL DEFAULT NULL,
  `expires_at` timestamp NULL DEFAULT NULL,
  `created_at` timestamp NULL DEFAULT NULL,
  `updated_at` timestamp NULL DEFAULT NULL,
  PRIMARY KEY (`id`),
  UNIQUE KEY `personal_access_tokens_token_unique` (`token`),
  KEY `personal_access_tokens_tokenable_type_tokenable_id_index` (`tokenable_type`,`tokenable_id`)
) ENGINE=InnoDB DEFAULT CHARSET=utf8mb4 COLLATE=utf8mb4_unicode_ci;

LOCK TABLES `personal_access_tokens` WRITE;
/*!40000 ALTER TABLE `personal_access_tokens` DISABLE KEYS */;

INSERT INTO `personal_access_tokens` (`id`, `tokenable_type`, `tokenable_id`, `name`, `token`, `abilities`, `last_used_at`, `expires_at`, `created_at`, `updated_at`)
VALUES
	(1,'App\\Models\\User',1,'Chrome di Mac','4d6b016976dd0ff302560b3882670cb61c8f1598fcfe8124f6067134abd5c196','[\"*\"]','2025-06-18 15:25:12',NULL,'2025-06-18 14:19:42','2025-06-18 15:25:12');

/*!40000 ALTER TABLE `personal_access_tokens` ENABLE KEYS */;
UNLOCK TABLES;


# Dump of table sessions
# ------------------------------------------------------------

DROP TABLE IF EXISTS `sessions`;

CREATE TABLE `sessions` (
  `id` varchar(255) CHARACTER SET utf8mb4 COLLATE utf8mb4_unicode_ci NOT NULL,
  `user_id` bigint unsigned DEFAULT NULL,
  `ip_address` varchar(45) CHARACTER SET utf8mb4 COLLATE utf8mb4_unicode_ci DEFAULT NULL,
  `user_agent` text CHARACTER SET utf8mb4 COLLATE utf8mb4_unicode_ci,
  `payload` longtext CHARACTER SET utf8mb4 COLLATE utf8mb4_unicode_ci NOT NULL,
  `last_activity` int NOT NULL,
  KEY `sessions_user_id_index` (`user_id`),
  KEY `sessions_last_activity_index` (`last_activity`)
) ENGINE=InnoDB DEFAULT CHARSET=utf8mb4 COLLATE=utf8mb4_unicode_ci;



# Dump of table students
# ------------------------------------------------------------

DROP TABLE IF EXISTS `students`;

CREATE TABLE `students` (
  `id` char(36) CHARACTER SET utf8mb4 COLLATE utf8mb4_unicode_ci NOT NULL,
  `student_number` varchar(255) CHARACTER SET utf8mb4 COLLATE utf8mb4_unicode_ci NOT NULL,
  `name` varchar(255) CHARACTER SET utf8mb4 COLLATE utf8mb4_unicode_ci NOT NULL,
  `email` varchar(255) CHARACTER SET utf8mb4 COLLATE utf8mb4_unicode_ci NOT NULL,
  `phone` varchar(255) CHARACTER SET utf8mb4 COLLATE utf8mb4_unicode_ci DEFAULT NULL,
  `status` char(255) CHARACTER SET utf8mb4 COLLATE utf8mb4_unicode_ci DEFAULT NULL,
  `created_at` timestamp NULL DEFAULT NULL,
  `updated_at` timestamp NULL DEFAULT NULL,
  PRIMARY KEY (`id`),
  UNIQUE KEY `students_email_unique` (`email`)
) ENGINE=InnoDB DEFAULT CHARSET=utf8mb4 COLLATE=utf8mb4_unicode_ci;

LOCK TABLES `students` WRITE;
/*!40000 ALTER TABLE `students` DISABLE KEYS */;

INSERT INTO `students` (`id`, `student_number`, `name`, `email`, `phone`, `status`, `created_at`, `updated_at`)
VALUES
	('e0e87f7c-4c56-11f0-9464-6d12112379f7','24712298','SHALIMA ABELA DIBA','24712298@students.uii.ac.id',NULL,'A',NULL,NULL),
	('e0e8f3b2-4c56-11f0-9464-6d12112379f7','22712001','ADITYO SURYO WASISTO','22712001@students.uii.ac.id',NULL,'A',NULL,NULL),
	('e0e8fcea-4c56-11f0-9464-6d12112379f7','22712002','WISKA VERRENZA','22712002@students.uii.ac.id',NULL,'A',NULL,NULL),
	('e0e8ffe2-4c56-11f0-9464-6d12112379f7','22712003','SINGGIH WASKITO','22712003@students.uii.ac.id',NULL,'A',NULL,NULL),
	('e0e90280-4c56-11f0-9464-6d12112379f7','22712004','AHMAD NIZAM ANNIFARI','22712004@students.uii.ac.id',NULL,'A',NULL,NULL),
	('e0e90514-4c56-11f0-9464-6d12112379f7','22712005','ZIDA CHABIBAH','22712005@students.uii.ac.id',NULL,'A',NULL,NULL),
	('e0e9169e-4c56-11f0-9464-6d12112379f7','22712006','I GEDE SURYA PERMANA','22712006@students.uii.ac.id',NULL,'A',NULL,NULL),
	('e0e9290e-4c56-11f0-9464-6d12112379f7','22712007','VIA RUSTIANI','22712007@students.uii.ac.id',NULL,'A',NULL,NULL),
	('e0e92c24-4c56-11f0-9464-6d12112379f7','22712008','NURUL FATIMAH MAULA','22712008@students.uii.ac.id',NULL,'A',NULL,NULL),
	('e0e9314c-4c56-11f0-9464-6d12112379f7','22712009','WISEISA ADI SUBROTO','22712009@students.uii.ac.id',NULL,'A',NULL,NULL),
	('e0e933fe-4c56-11f0-9464-6d12112379f7','22712010','M. FADILA RUSDI. AS','22712010@students.uii.ac.id',NULL,'A',NULL,NULL),
	('e0e936c4-4c56-11f0-9464-6d12112379f7','22712011','ANTIKA AYU PUTRI CAHYANI','22712011@students.uii.ac.id',NULL,'A',NULL,NULL),
	('e0e939e4-4c56-11f0-9464-6d12112379f7','22712012','FADHEELA SALMAA PUTRIDEWI','22712012@students.uii.ac.id',NULL,'A',NULL,NULL),
	('e0e93c78-4c56-11f0-9464-6d12112379f7','22712013','JAMALUDDIN HAIKHAH','22712013@students.uii.ac.id',NULL,'A',NULL,NULL),
	('e0e95564-4c56-11f0-9464-6d12112379f7','22712014','NADYA AMALIA FEBRIAN NUR','22712014@students.uii.ac.id',NULL,'A',NULL,NULL),
	('e0e95762-4c56-11f0-9464-6d12112379f7','22712015','SYAFIRA LAILA NURULITA','22712015@students.uii.ac.id',NULL,'A',NULL,NULL),
	('e0e95974-4c56-11f0-9464-6d12112379f7','22712016','AMANDA VIANY SAVIRA','22712016@students.uii.ac.id',NULL,'A',NULL,NULL),
	('e0e95b68-4c56-11f0-9464-6d12112379f7','22712017','DIVA BERLIANA ADHYAKSA','22712017@students.uii.ac.id',NULL,'A',NULL,NULL),
	('e0e95d16-4c56-11f0-9464-6d12112379f7','22712018','JUNE REFONDA SANGPA SAFIRA','22712018@students.uii.ac.id',NULL,'A',NULL,NULL),
	('e0e95ece-4c56-11f0-9464-6d12112379f7','22712019','EVANIA TASNIM FAUZIAH','22712019@students.uii.ac.id',NULL,'A',NULL,NULL),
	('e0e960b8-4c56-11f0-9464-6d12112379f7','22712020','MUHAMMAD FALAH GHANI NURUDDIN','22712020@students.uii.ac.id',NULL,'A',NULL,NULL),
	('e0e96234-4c56-11f0-9464-6d12112379f7','22712021','RAISA ARUM ALIFA PUTRI','22712021@students.uii.ac.id',NULL,'A',NULL,NULL),
	('e0e96388-4c56-11f0-9464-6d12112379f7','22712022','HAFIDHANIA PENADI','22712022@students.uii.ac.id',NULL,'A',NULL,NULL),
	('e0e964dc-4c56-11f0-9464-6d12112379f7','22712023','RIDHWANAH NADHIRATUZ ZAHRAH','22712023@students.uii.ac.id',NULL,'A',NULL,NULL),
	('e0e96626-4c56-11f0-9464-6d12112379f7','22712024','MUHAMMAD LUTHFI MAHRUS','22712024@students.uii.ac.id',NULL,'A',NULL,NULL),
	('e0e9677a-4c56-11f0-9464-6d12112379f7','22712025','NAUFAL ARIF ISMAIL','22712025@students.uii.ac.id',NULL,'A',NULL,NULL),
	('e0e968c4-4c56-11f0-9464-6d12112379f7','22712026','MOHAMAD RIZKI ADI PRASETYO','22712026@students.uii.ac.id',NULL,'A',NULL,NULL),
	('e0e96a0e-4c56-11f0-9464-6d12112379f7','22712027','BERLYAN SEKAR WINAHYU','22712027@students.uii.ac.id',NULL,'A',NULL,NULL),
	('e0e96b58-4c56-11f0-9464-6d12112379f7','22712028','MUHAMMAD FARID ADNAN','22712028@students.uii.ac.id',NULL,'A',NULL,NULL),
	('e0e97562-4c56-11f0-9464-6d12112379f7','22712029','HASNA SYAVIEND HAVIZZAH','22712029@students.uii.ac.id',NULL,'A',NULL,NULL),
	('e0e97d6e-4c56-11f0-9464-6d12112379f7','22712030','DITHA MELANIA SUWANDI','22712030@students.uii.ac.id',NULL,'A',NULL,NULL),
	('e0e989da-4c56-11f0-9464-6d12112379f7','22712031','FAVIAN HANDRY TSANY','22712031@students.uii.ac.id',NULL,'A',NULL,NULL),
	('e0e98b60-4c56-11f0-9464-6d12112379f7','22712032','JANNETA FILZA AULADWASASYAH','22712032@students.uii.ac.id',NULL,'A',NULL,NULL),
	('e0e98cdc-4c56-11f0-9464-6d12112379f7','22712033','FARUQ MUHAMMAD SYUKRON','22712033@students.uii.ac.id',NULL,'A',NULL,NULL),
	('e0e98e3a-4c56-11f0-9464-6d12112379f7','22712034','LABIBAH GINA SALMA','22712034@students.uii.ac.id',NULL,'A',NULL,NULL),
	('e0e98f84-4c56-11f0-9464-6d12112379f7','22712035','MUHAMMAD ZAKY','22712035@students.uii.ac.id',NULL,'A',NULL,NULL),
	('e0e990d8-4c56-11f0-9464-6d12112379f7','22712036','RULIANTY FEBRIANI','22712036@students.uii.ac.id',NULL,'A',NULL,NULL),
	('e0e9922c-4c56-11f0-9464-6d12112379f7','22712037','NANDA ADHIKA BAGASWARA','22712037@students.uii.ac.id',NULL,'A',NULL,NULL),
	('e0e99376-4c56-11f0-9464-6d12112379f7','22712038','DIANITA AMIRA SALMA','22712038@students.uii.ac.id',NULL,'A',NULL,NULL),
	('e0e994e8-4c56-11f0-9464-6d12112379f7','22712039','GITA AZKA NABIILA','22712039@students.uii.ac.id',NULL,'A',NULL,NULL),
	('e0e9963c-4c56-11f0-9464-6d12112379f7','22712040','ALVIN RAHMAT SETIAWAN','22712040@students.uii.ac.id',NULL,'A',NULL,NULL),
	('e0e9fc30-4c56-11f0-9464-6d12112379f7','22712041','SYIFA HANANI RAMADHANTI','22712041@students.uii.ac.id',NULL,'A',NULL,NULL),
	('e0e9ff8c-4c56-11f0-9464-6d12112379f7','22712042','NABILA MAULIDA RACHMAN','22712042@students.uii.ac.id',NULL,'A',NULL,NULL),
	('e0ea0194-4c56-11f0-9464-6d12112379f7','22712043','ALIVIA RIZQIYANA DEWI','22712043@students.uii.ac.id',NULL,'A',NULL,NULL),
	('e0ea0360-4c56-11f0-9464-6d12112379f7','22712044','MUHAMMAD ADAM PRABASUNU','22712044@students.uii.ac.id',NULL,'A',NULL,NULL),
	('e0ea050e-4c56-11f0-9464-6d12112379f7','22712045','MARCELLINO SABASTIAN ANANTA','22712045@students.uii.ac.id',NULL,'A',NULL,NULL),
	('e0ea06da-4c56-11f0-9464-6d12112379f7','22712046','HUSNUL ARIDHA','22712046@students.uii.ac.id',NULL,'A',NULL,NULL),
	('e0ea0842-4c56-11f0-9464-6d12112379f7','22712047','INDIRA AZ-ZAHRA PUTRI AGUSTINO','22712047@students.uii.ac.id',NULL,'A',NULL,NULL),
	('e0ea09d2-4c56-11f0-9464-6d12112379f7','22712048','CLARINTA BELVA SABINA','22712048@students.uii.ac.id',NULL,'A',NULL,NULL),
	('e0ea0b30-4c56-11f0-9464-6d12112379f7','22712049','TALENTA NUGROHO SURYANTO MAHARDHIKA','22712049@students.uii.ac.id',NULL,'A',NULL,NULL),
	('e0ea0ca2-4c56-11f0-9464-6d12112379f7','22712050','PUTRI NANDA ELVIRA','22712050@students.uii.ac.id',NULL,'A',NULL,NULL),
	('e0ea0e14-4c56-11f0-9464-6d12112379f7','22712051','HELVIA NABELLA','22712051@students.uii.ac.id',NULL,'A',NULL,NULL),
	('e0ea0f5e-4c56-11f0-9464-6d12112379f7','22712052','AULIYA RAHMAWATI','22712052@students.uii.ac.id',NULL,'A',NULL,NULL),
	('e0ea10a8-4c56-11f0-9464-6d12112379f7','22712053','NAVIDA PRAMESTY','22712053@students.uii.ac.id',NULL,'A',NULL,NULL),
	('e0ea11fc-4c56-11f0-9464-6d12112379f7','22712054','FEBIAWAN ISMUNANDAR','22712054@students.uii.ac.id',NULL,'A',NULL,NULL),
	('e0ea135a-4c56-11f0-9464-6d12112379f7','22712055','DINDA NAWANG SARI','22712055@students.uii.ac.id',NULL,'A',NULL,NULL),
	('e0ea15f8-4c56-11f0-9464-6d12112379f7','22712056','LATIFA IVANKA','22712056@students.uii.ac.id',NULL,'A',NULL,NULL),
	('e0ea177e-4c56-11f0-9464-6d12112379f7','22712057','ARDIAN RIZKY MA\'ARIF MAHMUDA','22712057@students.uii.ac.id',NULL,'A',NULL,NULL),
	('e0ea18dc-4c56-11f0-9464-6d12112379f7','22712058','MUHAMMAD ILHAM HAFIDZ','22712058@students.uii.ac.id',NULL,'A',NULL,NULL),
	('e0ea1c38-4c56-11f0-9464-6d12112379f7','22712059','LUTHFIA ARIDARMIATI PUTRI','22712059@students.uii.ac.id',NULL,'A',NULL,NULL),
	('e0ea1d96-4c56-11f0-9464-6d12112379f7','22712060','SALAMA SUCI NURANI','22712060@students.uii.ac.id',NULL,'A',NULL,NULL),
	('e0ea2e6c-4c56-11f0-9464-6d12112379f7','22712061','NIKY SAFFANATUL MAULA','22712061@students.uii.ac.id',NULL,'A',NULL,NULL),
	('e0ea32ae-4c56-11f0-9464-6d12112379f7','22712062','ENDAH SARI RATNA KUMALA','22712062@students.uii.ac.id',NULL,'A',NULL,NULL),
	('e0ea33f8-4c56-11f0-9464-6d12112379f7','22712063','DANAN BUDI PRIMADI','22712063@students.uii.ac.id',NULL,'A',NULL,NULL),
	('e0ea354c-4c56-11f0-9464-6d12112379f7','22712064','DINA AYU PRAMESWARI','22712064@students.uii.ac.id',NULL,'A',NULL,NULL),
	('e0ea3696-4c56-11f0-9464-6d12112379f7','22712065','SITI ANITA APRILIA','22712065@students.uii.ac.id',NULL,'A',NULL,NULL),
	('e0ea37d6-4c56-11f0-9464-6d12112379f7','22712066','RIFQI FIRDAUS','22712066@students.uii.ac.id',NULL,'A',NULL,NULL),
	('e0ea3948-4c56-11f0-9464-6d12112379f7','22712067','DYAH ANGGRAENI','22712067@students.uii.ac.id',NULL,'A',NULL,NULL),
	('e0ea3a9c-4c56-11f0-9464-6d12112379f7','22712068','ELVIRA RAHMA KARMEILIA','22712068@students.uii.ac.id',NULL,'A',NULL,NULL),
	('e0ea3be6-4c56-11f0-9464-6d12112379f7','22712069','NADIA NABILA BALQIS','22712069@students.uii.ac.id',NULL,'A',NULL,NULL),
	('e0ea3d26-4c56-11f0-9464-6d12112379f7','22712070','MUHAMMAD MUZAFFAR FAZA','22712070@students.uii.ac.id',NULL,'A',NULL,NULL),
	('e0ea3e70-4c56-11f0-9464-6d12112379f7','22712071','QO\'IT MUHAMMAD ABDUL GHALIB','22712071@students.uii.ac.id',NULL,'A',NULL,NULL),
	('e0ea3fba-4c56-11f0-9464-6d12112379f7','22712072','DIVANA NUR FARIHA SUTOMO','22712072@students.uii.ac.id',NULL,'A',NULL,NULL),
	('e0ea40fa-4c56-11f0-9464-6d12112379f7','22712073','MUHAMMAD IKHLASUL AMAL','22712073@students.uii.ac.id',NULL,'A',NULL,NULL),
	('e0ea4244-4c56-11f0-9464-6d12112379f7','22712074','MELLY RAHMAWATI','22712074@students.uii.ac.id',NULL,'A',NULL,NULL),
	('e0ea438e-4c56-11f0-9464-6d12112379f7','22712075','RAIHAN KARIMA','22712075@students.uii.ac.id',NULL,'A',NULL,NULL),
	('e0ea44ce-4c56-11f0-9464-6d12112379f7','22712076','AKMAL WIDI RAKHMANTO','22712076@students.uii.ac.id',NULL,'A',NULL,NULL),
	('e0ea4618-4c56-11f0-9464-6d12112379f7','22712077','ANIFA IZDIHARA','22712077@students.uii.ac.id',NULL,'A',NULL,NULL),
	('e0ea4762-4c56-11f0-9464-6d12112379f7','22712078','DAFFA ADHITAMA PUTRA','22712078@students.uii.ac.id',NULL,'A',NULL,NULL),
	('e0ea48ac-4c56-11f0-9464-6d12112379f7','22712079','MUTIARA SEKAR AYU ADHEPUTRI','22712079@students.uii.ac.id',NULL,'A',NULL,NULL),
	('e0ea4b5e-4c56-11f0-9464-6d12112379f7','22712080','AYUVITA ALIFA RAHMAN','22712080@students.uii.ac.id',NULL,'A',NULL,NULL),
	('e0ea4cc6-4c56-11f0-9464-6d12112379f7','22712081','MUHAMMAD ZENRYU ASMARA','22712081@students.uii.ac.id',NULL,'A',NULL,NULL),
	('e0ea4e10-4c56-11f0-9464-6d12112379f7','22712082','GHINA ANNISA MUSTHAFA','22712082@students.uii.ac.id',NULL,'A',NULL,NULL),
	('e0ea4f5a-4c56-11f0-9464-6d12112379f7','22712083','HASNA AQILAH JASMINE','22712083@students.uii.ac.id',NULL,'A',NULL,NULL),
	('e0ea509a-4c56-11f0-9464-6d12112379f7','22712084','FADILA NATASYA TAHIR','22712084@students.uii.ac.id',NULL,'A',NULL,NULL),
	('e0ea523e-4c56-11f0-9464-6d12112379f7','22712085','AULIA HAMADA JOHAR','22712085@students.uii.ac.id',NULL,'A',NULL,NULL),
	('e0ea5388-4c56-11f0-9464-6d12112379f7','22712086','KHAIRUNNISA','22712086@students.uii.ac.id',NULL,'A',NULL,NULL),
	('e0ea54c8-4c56-11f0-9464-6d12112379f7','22712087','HELGA FEBRINA KINAYAHNTY','22712087@students.uii.ac.id',NULL,'A',NULL,NULL),
	('e0ea561c-4c56-11f0-9464-6d12112379f7','22712088','GAVIN IZZA MUHAMMAD','22712088@students.uii.ac.id',NULL,'A',NULL,NULL),
	('e0ea575c-4c56-11f0-9464-6d12112379f7','22712089','DAYU ZAKY NAFIANO','22712089@students.uii.ac.id',NULL,'A',NULL,NULL),
	('e0ea58b0-4c56-11f0-9464-6d12112379f7','22712090','PRABASWARA ULUNG LINUWIH','22712090@students.uii.ac.id',NULL,'A',NULL,NULL),
	('e0ea59fa-4c56-11f0-9464-6d12112379f7','22712091','OLIVIA PUTERI SAKINAH','22712091@students.uii.ac.id',NULL,'A',NULL,NULL),
	('e0ea5b8a-4c56-11f0-9464-6d12112379f7','22712092','NUR HAQQI FAUZIA','22712092@students.uii.ac.id',NULL,'A',NULL,NULL),
	('e0ea5d1a-4c56-11f0-9464-6d12112379f7','22712093','ADELIA TASYA VIRGINIA','22712093@students.uii.ac.id',NULL,'A',NULL,NULL),
	('e0ea5e6e-4c56-11f0-9464-6d12112379f7','22712094','FADILA HUSNIA RAHMA','22712094@students.uii.ac.id',NULL,'A',NULL,NULL),
	('e0ea5fc2-4c56-11f0-9464-6d12112379f7','22712095','ALZENA ZADA NUR SAFIRA','22712095@students.uii.ac.id',NULL,'A',NULL,NULL),
	('e0ea78a4-4c56-11f0-9464-6d12112379f7','22712096','KHUROTUL AKYUNIN','22712096@students.uii.ac.id',NULL,'A',NULL,NULL),
	('e0ea7a5c-4c56-11f0-9464-6d12112379f7','22712097','HINGGIL NUGROHO','22712097@students.uii.ac.id',NULL,'A',NULL,NULL),
	('e0ea7c78-4c56-11f0-9464-6d12112379f7','22712098','SAFIRA ROSA DIVYAPUTRI','22712098@students.uii.ac.id',NULL,'A',NULL,NULL),
	('e0eaddbc-4c56-11f0-9464-6d12112379f7','22712099','FAJRIYATI DWI MULYANI','22712099@students.uii.ac.id',NULL,'A',NULL,NULL),
	('e0eadfec-4c56-11f0-9464-6d12112379f7','22712100','IRSALINA NUR TIMAMI','22712100@students.uii.ac.id',NULL,'A',NULL,NULL),
	('e0eae190-4c56-11f0-9464-6d12112379f7','22712101','NISRINA HANIFAH AFNAN','22712101@students.uii.ac.id',NULL,'A',NULL,NULL),
	('e0eb044a-4c56-11f0-9464-6d12112379f7','22712102','ALFIA QURROTA AYUN','22712102@students.uii.ac.id',NULL,'A',NULL,NULL),
	('e0eb0e9a-4c56-11f0-9464-6d12112379f7','22712103','CALISTA MUTIARA ATSMARA','22712103@students.uii.ac.id',NULL,'A',NULL,NULL),
	('e0eb1124-4c56-11f0-9464-6d12112379f7','22712104','SALSABILA DINDA NUGRAHA','22712104@students.uii.ac.id',NULL,'A',NULL,NULL),
	('e0eb1250-4c56-11f0-9464-6d12112379f7','22712105','AGIL FERDIANSYAH AHMAD','22712105@students.uii.ac.id',NULL,'A',NULL,NULL),
	('e0eb1354-4c56-11f0-9464-6d12112379f7','22712106','DINDA THRUSDAYANA','22712106@students.uii.ac.id',NULL,'A',NULL,NULL),
	('e0eb1462-4c56-11f0-9464-6d12112379f7','22712107','NADIFA AZZAHRA PUTRI','22712107@students.uii.ac.id',NULL,'A',NULL,NULL),
	('e0eb3fbe-4c56-11f0-9464-6d12112379f7','22712108','YOGA CAESAR ANANTA','22712108@students.uii.ac.id',NULL,'A',NULL,NULL),
	('e0eb41c6-4c56-11f0-9464-6d12112379f7','22712109','FAISAL RAMLI','22712109@students.uii.ac.id',NULL,'A',NULL,NULL),
	('e0eb4324-4c56-11f0-9464-6d12112379f7','22712110','ADILLA MUTIARA ZAHRAH','22712110@students.uii.ac.id',NULL,'A',NULL,NULL),
	('e0eb443c-4c56-11f0-9464-6d12112379f7','22712111','HASNA NUR SETIYANI','22712111@students.uii.ac.id',NULL,'A',NULL,NULL),
	('e0eb4568-4c56-11f0-9464-6d12112379f7','22712112','KANIAKA VASHTI NINDITA','22712112@students.uii.ac.id',NULL,'A',NULL,NULL),
	('e0eb4680-4c56-11f0-9464-6d12112379f7','22712113','YANTI PURNAMA SARI','22712113@students.uii.ac.id',NULL,'A',NULL,NULL),
	('e0eb478e-4c56-11f0-9464-6d12112379f7','22712114','ASTRI NURUL AMANAH','22712114@students.uii.ac.id',NULL,'A',NULL,NULL),
	('e0eb4892-4c56-11f0-9464-6d12112379f7','22712115','MUHAMMAD RIDHO','22712115@students.uii.ac.id',NULL,'A',NULL,NULL),
	('e0eb49aa-4c56-11f0-9464-6d12112379f7','22712116','HERJUNANTO NUR PRIYADI','22712116@students.uii.ac.id',NULL,'A',NULL,NULL),
	('e0eb4acc-4c56-11f0-9464-6d12112379f7','22712117','NABILAH KHALISHAH ATHAYA','22712117@students.uii.ac.id',NULL,'A',NULL,NULL),
	('e0eb4bc6-4c56-11f0-9464-6d12112379f7','22712118','REHULINA DEPARI','22712118@students.uii.ac.id',NULL,'A',NULL,NULL),
	('e0eb4cde-4c56-11f0-9464-6d12112379f7','22712119','DZIKRI RIZALDI','22712119@students.uii.ac.id',NULL,'A',NULL,NULL),
	('e0eb4df6-4c56-11f0-9464-6d12112379f7','22712120','MAULFI NATSIR ASY\'ARI','22712120@students.uii.ac.id',NULL,'A',NULL,NULL),
	('e0eb4f18-4c56-11f0-9464-6d12112379f7','22712121','DITA JULIANA PRAVITA','22712121@students.uii.ac.id',NULL,'A',NULL,NULL),
	('e0eb5292-4c56-11f0-9464-6d12112379f7','22712122','NAOMI NABILA PRAMAYANTI','22712122@students.uii.ac.id',NULL,'A',NULL,NULL),
	('e0eb53be-4c56-11f0-9464-6d12112379f7','22712123','ANISYAH OCTAVIONITA','22712123@students.uii.ac.id',NULL,'A',NULL,NULL),
	('e0eb54cc-4c56-11f0-9464-6d12112379f7','22712124','SALSABILLA PERMATA HANI','22712124@students.uii.ac.id',NULL,'A',NULL,NULL),
	('e0eb55da-4c56-11f0-9464-6d12112379f7','22712125','ADINDA PUTRI SANTOSO','22712125@students.uii.ac.id',NULL,'A',NULL,NULL),
	('e0eb56e8-4c56-11f0-9464-6d12112379f7','22712126','TISYA RIZKY TRIANANDA','22712126@students.uii.ac.id',NULL,'A',NULL,NULL),
	('e0eb57f6-4c56-11f0-9464-6d12112379f7','22712127','RIANTISYA AMANDHA PRATIDINA','22712127@students.uii.ac.id',NULL,'A',NULL,NULL),
	('e0eb58fa-4c56-11f0-9464-6d12112379f7','22712128','DHIA FARAH IBTISAM','22712128@students.uii.ac.id',NULL,'A',NULL,NULL),
	('e0eb5a08-4c56-11f0-9464-6d12112379f7','22712129','ANISA TRI ASTUTI','22712129@students.uii.ac.id',NULL,'A',NULL,NULL),
	('e0eb5b20-4c56-11f0-9464-6d12112379f7','22712130','CHAESHA GYANOVLIA','22712130@students.uii.ac.id',NULL,'A',NULL,NULL),
	('e0eb5c2e-4c56-11f0-9464-6d12112379f7','22712131','HOSEA JONA YULIADA','22712131@students.uii.ac.id',NULL,'A',NULL,NULL),
	('e0eb5d3c-4c56-11f0-9464-6d12112379f7','22712132','INTAN KUSUMANINGTYAS','22712132@students.uii.ac.id',NULL,'A',NULL,NULL),
	('e0eb5e5e-4c56-11f0-9464-6d12112379f7','22712133','ELYZA NURULITA SYARI','22712133@students.uii.ac.id',NULL,'A',NULL,NULL),
	('e0eb62aa-4c56-11f0-9464-6d12112379f7','22712134','DIASTASYA AULIA PUTRI IKHROMI','22712134@students.uii.ac.id',NULL,'A',NULL,NULL),
	('e0eb6458-4c56-11f0-9464-6d12112379f7','22712135','JERRIULLAH','22712135@students.uii.ac.id',NULL,'A',NULL,NULL),
	('e0eb6584-4c56-11f0-9464-6d12112379f7','22712136','KATON PAMUNGKAS','22712136@students.uii.ac.id',NULL,'A',NULL,NULL),
	('e0eb6692-4c56-11f0-9464-6d12112379f7','23712001','ABIDAH NAJLA SALSABILA','23712001@students.uii.ac.id',NULL,'A',NULL,NULL),
	('e0eb67a0-4c56-11f0-9464-6d12112379f7','23712002','ADE RAHMA RUCITRA','23712002@students.uii.ac.id',NULL,'A',NULL,NULL),
	('e0eb68ae-4c56-11f0-9464-6d12112379f7','23712003','ADI NUGRAHA','23712003@students.uii.ac.id',NULL,'A',NULL,NULL),
	('e0eb69bc-4c56-11f0-9464-6d12112379f7','23712004','AGHSAL DWIKI NOVANDA','23712004@students.uii.ac.id',NULL,'A',NULL,NULL),
	('e0eb6aca-4c56-11f0-9464-6d12112379f7','23712005','AISYAH NOOR AENI','23712005@students.uii.ac.id',NULL,'A',NULL,NULL),
	('e0ec09bc-4c56-11f0-9464-6d12112379f7','23712006','ALIFSYA WULAN AYU NAGARI','23712006@students.uii.ac.id',NULL,'A',NULL,NULL),
	('e0ec599e-4c56-11f0-9464-6d12112379f7','23712007','ALYA RANIAZAHRA','23712007@students.uii.ac.id',NULL,'A',NULL,NULL),
	('e0ec5c14-4c56-11f0-9464-6d12112379f7','23712008','AMALIA ERITA HISBADIANA','23712008@students.uii.ac.id',NULL,'A',NULL,NULL),
	('e0ec5dea-4c56-11f0-9464-6d12112379f7','23712009','AMANDA NABILAH','23712009@students.uii.ac.id',NULL,'A',NULL,NULL),
	('e0ec5f34-4c56-11f0-9464-6d12112379f7','23712010','AMANY TAQIYYAH WARDHANI','23712010@students.uii.ac.id',NULL,'A',NULL,NULL),
	('e0ec606a-4c56-11f0-9464-6d12112379f7','23712011','ANDIRA AYU NINGRUM PURNAMA','23712011@students.uii.ac.id',NULL,'A',NULL,NULL),
	('e0ec61a0-4c56-11f0-9464-6d12112379f7','23712012','ANGGA ARDHAN DERRYAWAN','23712012@students.uii.ac.id',NULL,'A',NULL,NULL),
	('e0ec62c2-4c56-11f0-9464-6d12112379f7','23712013','ANGGHIT NAZRIL ROSYAD','23712013@students.uii.ac.id',NULL,'A',NULL,NULL),
	('e0ec63ee-4c56-11f0-9464-6d12112379f7','23712014','ANINDYA AMANDA DAMAYANTI','23712014@students.uii.ac.id',NULL,'A',NULL,NULL),
	('e0ec6510-4c56-11f0-9464-6d12112379f7','23712015','ANISA SUGIYANTI','23712015@students.uii.ac.id',NULL,'A',NULL,NULL),
	('e0ec668c-4c56-11f0-9464-6d12112379f7','23712016','ANNISA LUTHFIATISANNY','23712016@students.uii.ac.id',NULL,'A',NULL,NULL),
	('e0ec67b8-4c56-11f0-9464-6d12112379f7','23712017','ANNISA NADYA PRATIWI','23712017@students.uii.ac.id',NULL,'A',NULL,NULL),
	('e0ec68d0-4c56-11f0-9464-6d12112379f7','23712018','ARIF JAMAL AR RASYID','23712018@students.uii.ac.id',NULL,'A',NULL,NULL),
	('e0ec69fc-4c56-11f0-9464-6d12112379f7','23712019','ARNOTHALIA PERMATA PUJAKESUMA','23712019@students.uii.ac.id',NULL,'A',NULL,NULL),
	('e0ec6b1e-4c56-11f0-9464-6d12112379f7','23712020','ARVIYAN PRASETIA WENING','23712020@students.uii.ac.id',NULL,'A',NULL,NULL),
	('e0ec6c36-4c56-11f0-9464-6d12112379f7','23712021','AZKA PRAMUDYA HARTAYA','23712021@students.uii.ac.id',NULL,'A',NULL,NULL),
	('e0ec6d4e-4c56-11f0-9464-6d12112379f7','23712022','BRILIANT FELLYTA INESTHESIA','23712022@students.uii.ac.id',NULL,'A',NULL,NULL),
	('e0ec6e98-4c56-11f0-9464-6d12112379f7','23712023','CHANDRI NUGRA CHAHYANI','23712023@students.uii.ac.id',NULL,'A',NULL,NULL),
	('e0ec7190-4c56-11f0-9464-6d12112379f7','23712024','CLARISSA ANGELIA ADIPUTRI','23712024@students.uii.ac.id',NULL,'A',NULL,NULL),
	('e0ec72d0-4c56-11f0-9464-6d12112379f7','23712025','DAVID MAHENDRATA SUDARMAN','23712025@students.uii.ac.id',NULL,'A',NULL,NULL),
	('e0ec73e8-4c56-11f0-9464-6d12112379f7','23712026','DEMONTANTRI FEBRILIA PUTRI ANG','23712026@students.uii.ac.id',NULL,'A',NULL,NULL),
	('e0ec750a-4c56-11f0-9464-6d12112379f7','23712027','DIAN ASTRI NOVIANDY','23712027@students.uii.ac.id',NULL,'A',NULL,NULL),
	('e0ec7622-4c56-11f0-9464-6d12112379f7','23712028','DIANA TARISA PUTRI','23712028@students.uii.ac.id',NULL,'A',NULL,NULL),
	('e0ec7758-4c56-11f0-9464-6d12112379f7','23712029','DILA MAYSAROH','23712029@students.uii.ac.id',NULL,'A',NULL,NULL),
	('e0ec7898-4c56-11f0-9464-6d12112379f7','23712030','DUNIA AHMADA NUR ALIF','23712030@students.uii.ac.id',NULL,'A',NULL,NULL),
	('e0ec79b0-4c56-11f0-9464-6d12112379f7','23712031','DWINA PERMATASARI','23712031@students.uii.ac.id',NULL,'A',NULL,NULL),
	('e0ec7adc-4c56-11f0-9464-6d12112379f7','23712032','DYAH SEKAR AYU KUSUMANINGPUTRI','23712032@students.uii.ac.id',NULL,'A',NULL,NULL),
	('e0ec7c08-4c56-11f0-9464-6d12112379f7','23712033','ERICO RIZQI YAKSON','23712033@students.uii.ac.id',NULL,'A',NULL,NULL),
	('e0ec7d2a-4c56-11f0-9464-6d12112379f7','23712034','EVITA YULIAN JATI','23712034@students.uii.ac.id',NULL,'A',NULL,NULL),
	('e0ec7e92-4c56-11f0-9464-6d12112379f7','23712035','FADILLA RIESTY','23712035@students.uii.ac.id',NULL,'A',NULL,NULL),
	('e0ec7faa-4c56-11f0-9464-6d12112379f7','23712036','FALIH AZIS','23712036@students.uii.ac.id',NULL,'A',NULL,NULL),
	('e0ec80cc-4c56-11f0-9464-6d12112379f7','23712037','FANNY ANGGIASTUTI FATIMA','23712037@students.uii.ac.id',NULL,'A',NULL,NULL),
	('e0ec81ee-4c56-11f0-9464-6d12112379f7','23712038','FARREL MUHAMMAD ARKAAN','23712038@students.uii.ac.id',NULL,'A',NULL,NULL),
	('e0ec8306-4c56-11f0-9464-6d12112379f7','23712039','FATHIYATUL MUDZKIROH','23712039@students.uii.ac.id',NULL,'A',NULL,NULL),
	('e0ec8450-4c56-11f0-9464-6d12112379f7','23712040','FAYIK NISAUL BALAD ROSADI','23712040@students.uii.ac.id',NULL,'A',NULL,NULL),
	('e0ec85a4-4c56-11f0-9464-6d12112379f7','23712041','FIDELA RIFDHAWATI','23712041@students.uii.ac.id',NULL,'A',NULL,NULL),
	('e0ec86bc-4c56-11f0-9464-6d12112379f7','23712042','FISKA APRILIANO BARIKLANA','23712042@students.uii.ac.id',NULL,'A',NULL,NULL),
	('e0ec884c-4c56-11f0-9464-6d12112379f7','23712043','GEVIRA ALINE HILYA','23712043@students.uii.ac.id',NULL,'A',NULL,NULL),
	('e0ec8978-4c56-11f0-9464-6d12112379f7','23712044','HAFIZHOH MUQAYYAM','23712044@students.uii.ac.id',NULL,'A',NULL,NULL),
	('e0ec8b08-4c56-11f0-9464-6d12112379f7','23712045','HAIDAR AHMAD GHIFFARI','23712045@students.uii.ac.id',NULL,'A',NULL,NULL),
	('e0ec8c5c-4c56-11f0-9464-6d12112379f7','23712046','HANA DELFINA TRISATYA','23712046@students.uii.ac.id',NULL,'A',NULL,NULL),
	('e0ecad90-4c56-11f0-9464-6d12112379f7','23712047','HANIFAH RIFDA NURAINI','23712047@students.uii.ac.id',NULL,'A',NULL,NULL),
	('e0ecaee4-4c56-11f0-9464-6d12112379f7','23712048','HANINTYA FILDZA ADHANI','23712048@students.uii.ac.id',NULL,'A',NULL,NULL),
	('e0ecb006-4c56-11f0-9464-6d12112379f7','23712049','HERWINASLA PURNANABILA','23712049@students.uii.ac.id',NULL,'A',NULL,NULL),
	('e0ecb128-4c56-11f0-9464-6d12112379f7','23712050','HILDA AULIYA RINANDA','23712050@students.uii.ac.id',NULL,'A',NULL,NULL),
	('e0ecb25e-4c56-11f0-9464-6d12112379f7','23712051','IIN NURSEPTYANI WULANDARI','23712051@students.uii.ac.id',NULL,'A',NULL,NULL),
	('e0ecb380-4c56-11f0-9464-6d12112379f7','23712052','INDAH SYAVITRI','23712052@students.uii.ac.id',NULL,'A',NULL,NULL),
	('e0ecb510-4c56-11f0-9464-6d12112379f7','23712053','INDRI PURNAMASARI','23712053@students.uii.ac.id',NULL,'A',NULL,NULL),
	('e0ecb628-4c56-11f0-9464-6d12112379f7','23712054','IRFAN MAULANA SUMARNA','23712054@students.uii.ac.id',NULL,'A',NULL,NULL),
	('e0ecb74a-4c56-11f0-9464-6d12112379f7','23712055','ITSNA CHAIRUNNISA','23712055@students.uii.ac.id',NULL,'A',NULL,NULL),
	('e0ecb862-4c56-11f0-9464-6d12112379f7','23712056','JIHAN IRBAH SALSABILA','23712056@students.uii.ac.id',NULL,'A',NULL,NULL),
	('e0ecb9fc-4c56-11f0-9464-6d12112379f7','23712057','KAHAYA AININ ASYA','23712057@students.uii.ac.id',NULL,'A',NULL,NULL),
	('e0ecbb14-4c56-11f0-9464-6d12112379f7','23712058','KAMILA MAULAANI FITRI','23712058@students.uii.ac.id',NULL,'A',NULL,NULL),
	('e0ecbc2c-4c56-11f0-9464-6d12112379f7','23712059','KHANSA ALIKA FILANDRA','23712059@students.uii.ac.id',NULL,'A',NULL,NULL),
	('e0ecbd44-4c56-11f0-9464-6d12112379f7','23712060','KHOTIMAH ZAHROTUS SYIFA','23712060@students.uii.ac.id',NULL,'A',NULL,NULL),
	('e0ecbe5c-4c56-11f0-9464-6d12112379f7','23712061','LAILI NOOR FITRIYANA','23712061@students.uii.ac.id',NULL,'A',NULL,NULL),
	('e0ecbfd8-4c56-11f0-9464-6d12112379f7','23712062','LAURA AMELLIA','23712062@students.uii.ac.id',NULL,'A',NULL,NULL),
	('e0ecc0f0-4c56-11f0-9464-6d12112379f7','23712063','MARITZA JASMINE AZZAHRA','23712063@students.uii.ac.id',NULL,'A',NULL,NULL),
	('e0ecc230-4c56-11f0-9464-6d12112379f7','23712064','MEGA PUSPA NURANI','23712064@students.uii.ac.id',NULL,'A',NULL,NULL),
	('e0ecc438-4c56-11f0-9464-6d12112379f7','23712065','MOHAMMED BISMA ANANTA','23712065@students.uii.ac.id',NULL,'A',NULL,NULL),
	('e0ecc5c8-4c56-11f0-9464-6d12112379f7','23712066','MUHADZIB ASHIMULHAQ','23712066@students.uii.ac.id',NULL,'A',NULL,NULL),
	('e0ecc6ea-4c56-11f0-9464-6d12112379f7','23712067','MUHAMMAD ARIQ NAUFAL AROFIQ','23712067@students.uii.ac.id',NULL,'A',NULL,NULL),
	('e0ecc80c-4c56-11f0-9464-6d12112379f7','23712068','MUHAMMAD IHSAN MUMTAZ GHIFARI ','23712068@students.uii.ac.id',NULL,'A',NULL,NULL),
	('e0ecc924-4c56-11f0-9464-6d12112379f7','23712069','MUHAMMAD IVAN HIDAYAT','23712069@students.uii.ac.id',NULL,'A',NULL,NULL),
	('e0ecca3c-4c56-11f0-9464-6d12112379f7','23712070','MUHAMMAD RAKHA PRATAMA','23712070@students.uii.ac.id',NULL,'A',NULL,NULL),
	('e0eccb5e-4c56-11f0-9464-6d12112379f7','23712071','MUHAMMAD TAUFIQURRAHMAN GURETN','23712071@students.uii.ac.id',NULL,'A',NULL,NULL),
	('e0eccd3e-4c56-11f0-9464-6d12112379f7','23712072','MUHAMMAD WIRAWAN NEGARA','23712072@students.uii.ac.id',NULL,'A',NULL,NULL),
	('e0ecce60-4c56-11f0-9464-6d12112379f7','23712073','MUHAMMAD YUSUF ILHAM','23712073@students.uii.ac.id',NULL,'A',NULL,NULL),
	('e0eccfdc-4c56-11f0-9464-6d12112379f7','23712074','MUKHAMMAD FAKHRI','23712074@students.uii.ac.id',NULL,'A',NULL,NULL),
	('e0ecd0f4-4c56-11f0-9464-6d12112379f7','23712075','MUTIA KINTAN UTAMI','23712075@students.uii.ac.id',NULL,'A',NULL,NULL),
	('e0ecd248-4c56-11f0-9464-6d12112379f7','23712076','NADYA EKA PUTRI','23712076@students.uii.ac.id',NULL,'A',NULL,NULL),
	('e0ecd36a-4c56-11f0-9464-6d12112379f7','23712077','NAILA SALIM SUPARLAN','23712077@students.uii.ac.id',NULL,'A',NULL,NULL),
	('e0ecd48c-4c56-11f0-9464-6d12112379f7','23712078','NAUFAL AMMAR AMAANULLAH YUNUS','23712078@students.uii.ac.id',NULL,'A',NULL,NULL),
	('e0ecd5ae-4c56-11f0-9464-6d12112379f7','23712079','NAZALA SAFIRA','23712079@students.uii.ac.id',NULL,'A',NULL,NULL),
	('e0ecd6c6-4c56-11f0-9464-6d12112379f7','23712080','NIDA KHOIROTUNNISA','23712080@students.uii.ac.id',NULL,'A',NULL,NULL),
	('e0ecd7e8-4c56-11f0-9464-6d12112379f7','23712081','NISRIINAA SAARAH NUUR NABIILAH','23712081@students.uii.ac.id',NULL,'A',NULL,NULL),
	('e0ecd90a-4c56-11f0-9464-6d12112379f7','23712082','NISRINA ANGGRAENI','23712082@students.uii.ac.id',NULL,'A',NULL,NULL),
	('e0ecdab8-4c56-11f0-9464-6d12112379f7','23712083','NISRINA NABILA','23712083@students.uii.ac.id',NULL,'A',NULL,NULL),
	('e0ecdbda-4c56-11f0-9464-6d12112379f7','23712084','NORICA LUTHFI ARFIN PRASETYO','23712084@students.uii.ac.id',NULL,'A',NULL,NULL),
	('e0ecdcf2-4c56-11f0-9464-6d12112379f7','23712085','PANDU FEBRILIANTO','23712085@students.uii.ac.id',NULL,'A',NULL,NULL),
	('e0ecde0a-4c56-11f0-9464-6d12112379f7','23712086','PRAMUDITO RATMADINUGROHO','23712086@students.uii.ac.id',NULL,'A',NULL,NULL),
	('e0ece65c-4c56-11f0-9464-6d12112379f7','23712087','PRATIWI SULISTYANINGDIYAH','23712087@students.uii.ac.id',NULL,'A',NULL,NULL),
	('e0ece792-4c56-11f0-9464-6d12112379f7','23712088','RAAFI HAIDAR ARRASYID','23712088@students.uii.ac.id',NULL,'A',NULL,NULL),
	('e0ece8b4-4c56-11f0-9464-6d12112379f7','23712089','RACHEL KHANZA MUTIA','23712089@students.uii.ac.id',NULL,'A',NULL,NULL),
	('e0ece9e0-4c56-11f0-9464-6d12112379f7','23712090','RADEN MUHAMMAD BAGUS MULIAWAN','23712090@students.uii.ac.id',NULL,'A',NULL,NULL),
	('e0eceb0c-4c56-11f0-9464-6d12112379f7','23712091','RAHAJENG PURBANINGRUM ROSYADI','23712091@students.uii.ac.id',NULL,'A',NULL,NULL),
	('e0ecec2e-4c56-11f0-9464-6d12112379f7','23712092','RAISA KAMILA PUTRI','23712092@students.uii.ac.id',NULL,'A',NULL,NULL),
	('e0eced5a-4c56-11f0-9464-6d12112379f7','23712093','RAMADHANIA AFIFAH PUTRI','23712093@students.uii.ac.id',NULL,'A',NULL,NULL),
	('e0ecee7c-4c56-11f0-9464-6d12112379f7','23712094','RANA AULIA FARAH KAMILA','23712094@students.uii.ac.id',NULL,'A',NULL,NULL),
	('e0ecfb7e-4c56-11f0-9464-6d12112379f7','23712095','REDITA AULIA FAUZIYYA','23712095@students.uii.ac.id',NULL,'A',NULL,NULL),
	('e0ecfcc8-4c56-11f0-9464-6d12112379f7','23712096','RENALDY SUPRAYOGA RAMADHAN','23712096@students.uii.ac.id',NULL,'A',NULL,NULL),
	('e0ecfe08-4c56-11f0-9464-6d12112379f7','23712097','RIFA ALIFIA ATIKA','23712097@students.uii.ac.id',NULL,'A',NULL,NULL),
	('e0ecff70-4c56-11f0-9464-6d12112379f7','23712098','RINA HILMINA','23712098@students.uii.ac.id',NULL,'A',NULL,NULL),
	('e0ed00a6-4c56-11f0-9464-6d12112379f7','23712099','RISMA WIDIASTUTI','23712099@students.uii.ac.id',NULL,'A',NULL,NULL),
	('e0ed01c8-4c56-11f0-9464-6d12112379f7','23712100','RIZKI SISKA FITRIANI','23712100@students.uii.ac.id',NULL,'A',NULL,NULL),
	('e0ed02ea-4c56-11f0-9464-6d12112379f7','23712101','RIZKY NURIZZATI PUTRI','23712101@students.uii.ac.id',NULL,'A',NULL,NULL),
	('e0ed040c-4c56-11f0-9464-6d12112379f7','23712102','ROZINESTY ODELIA ARISSAPUTRI','23712102@students.uii.ac.id',NULL,'A',NULL,NULL),
	('e0ed0574-4c56-11f0-9464-6d12112379f7','23712103','RUDNABILA MUTIARA HUSNADEWI','23712103@students.uii.ac.id',NULL,'A',NULL,NULL),
	('e0ed06aa-4c56-11f0-9464-6d12112379f7','23712104','RURY ANNIDA RACHMAN','23712104@students.uii.ac.id',NULL,'A',NULL,NULL),
	('e0ed07cc-4c56-11f0-9464-6d12112379f7','23712105','SAJJAD KHAIRUNNAS','23712105@students.uii.ac.id',NULL,'A',NULL,NULL),
	('e0ed08da-4c56-11f0-9464-6d12112379f7','23712106','SAKTI PRATAMI DUVADILAN','23712106@students.uii.ac.id',NULL,'A',NULL,NULL),
	('e0ed09f2-4c56-11f0-9464-6d12112379f7','23712107','SALMA HERYSNI','23712107@students.uii.ac.id',NULL,'A',NULL,NULL),
	('e0ed0b14-4c56-11f0-9464-6d12112379f7','23712108','SALSABILA GHINA NURAINI','23712108@students.uii.ac.id',NULL,'A',NULL,NULL),
	('e0ed0c36-4c56-11f0-9464-6d12112379f7','23712109','SALSABILA ZANNUBA KURNIAWAN','23712109@students.uii.ac.id',NULL,'A',NULL,NULL),
	('e0ed0d58-4c56-11f0-9464-6d12112379f7','23712110','SATRIA LUTFI HANATA SAMUDRA','23712110@students.uii.ac.id',NULL,'A',NULL,NULL),
	('e0ed0e7a-4c56-11f0-9464-6d12112379f7','23712111','SHAFEEQ ABIYOGA FAWRESTU','23712111@students.uii.ac.id',NULL,'A',NULL,NULL),
	('e0ed0fa6-4c56-11f0-9464-6d12112379f7','23712112','SHAFINA NUHA AGUSETYAWAN','23712112@students.uii.ac.id',NULL,'A',NULL,NULL),
	('e0ed10c8-4c56-11f0-9464-6d12112379f7','23712113','SHAFIRA RAMADHANI','23712113@students.uii.ac.id',NULL,'A',NULL,NULL),
	('e0ed11e0-4c56-11f0-9464-6d12112379f7','23712114','SHANAZ NURFITRI PANGESTI','23712114@students.uii.ac.id',NULL,'A',NULL,NULL),
	('e0ed130c-4c56-11f0-9464-6d12112379f7','23712115','SHINTA MARCELYNA','23712115@students.uii.ac.id',NULL,'A',NULL,NULL),
	('e0ed1424-4c56-11f0-9464-6d12112379f7','23712116','SIROJUDDIN SABILI ZAIM MARZUKI','23712116@students.uii.ac.id',NULL,'A',NULL,NULL),
	('e0ed1546-4c56-11f0-9464-6d12112379f7','23712117','SYIFA BENITA','23712117@students.uii.ac.id',NULL,'A',NULL,NULL),
	('e0ed1668-4c56-11f0-9464-6d12112379f7','23712118','TAKHSILIN KUNTARIYATUL JANAH','23712118@students.uii.ac.id',NULL,'A',NULL,NULL),
	('e0ed1776-4c56-11f0-9464-6d12112379f7','23712119','TANIA WIRDATI PUTRI FAIZAL','23712119@students.uii.ac.id',NULL,'A',NULL,NULL),
	('e0ed18ac-4c56-11f0-9464-6d12112379f7','23712120','TAZYKA ZAKHRA RH','23712120@students.uii.ac.id',NULL,'A',NULL,NULL),
	('e0ed19ec-4c56-11f0-9464-6d12112379f7','23712121','TRIANA ADELIA ISMANDARI','23712121@students.uii.ac.id',NULL,'A',NULL,NULL),
	('e0ed1b22-4c56-11f0-9464-6d12112379f7','23712122','TRIYANA INDAH PURWATI','23712122@students.uii.ac.id',NULL,'A',NULL,NULL),
	('e0ed1c44-4c56-11f0-9464-6d12112379f7','23712123','ULIL ALBAB HABIBAH','23712123@students.uii.ac.id',NULL,'A',NULL,NULL),
	('e0ed1d5c-4c56-11f0-9464-6d12112379f7','23712124','UMI KULSUM','23712124@students.uii.ac.id',NULL,'A',NULL,NULL),
	('e0ed1e88-4c56-11f0-9464-6d12112379f7','23712125','VANIA ALIA MARETA','23712125@students.uii.ac.id',NULL,'A',NULL,NULL),
	('e0ed1faa-4c56-11f0-9464-6d12112379f7','23712126','VATIA LUCYANA HENDYCA','23712126@students.uii.ac.id',NULL,'A',NULL,NULL),
	('e0ed3670-4c56-11f0-9464-6d12112379f7','23712127','VERDINAN LARASATI','23712127@students.uii.ac.id',NULL,'A',NULL,NULL),
	('e0ed37b0-4c56-11f0-9464-6d12112379f7','23712128','VERONICA DESTIA RAMADHANI','23712128@students.uii.ac.id',NULL,'A',NULL,NULL),
	('e0ed38e6-4c56-11f0-9464-6d12112379f7','23712129','VINKAN PRAWIFA ZHAHRAH','23712129@students.uii.ac.id',NULL,'A',NULL,NULL),
	('e0ed3a1c-4c56-11f0-9464-6d12112379f7','23712130','VIOLETTA MEITRIE SUGIANTO','23712130@students.uii.ac.id',NULL,'A',NULL,NULL),
	('e0ed3b48-4c56-11f0-9464-6d12112379f7','23712131','WENDA ANNISATAMA','23712131@students.uii.ac.id',NULL,'A',NULL,NULL),
	('e0ed3c74-4c56-11f0-9464-6d12112379f7','23712132','WIDYA YURISKA PRATIWI','23712132@students.uii.ac.id',NULL,'A',NULL,NULL),
	('e0ed3d8c-4c56-11f0-9464-6d12112379f7','23712133','WINDYAN KESTRI HERDHANI','23712133@students.uii.ac.id',NULL,'A',NULL,NULL),
	('e0ed3eb8-4c56-11f0-9464-6d12112379f7','23712134','YUDHA PRATAMA','23712134@students.uii.ac.id',NULL,'A',NULL,NULL),
	('e0ed3fd0-4c56-11f0-9464-6d12112379f7','23712135','ZAVIA PUTRI SALSABILA','23712135@students.uii.ac.id',NULL,'A',NULL,NULL),
	('e0ed40fc-4c56-11f0-9464-6d12112379f7','23712136','ZULFANIA RAHMAH','23712136@students.uii.ac.id',NULL,'A',NULL,NULL),
	('e0ed4232-4c56-11f0-9464-6d12112379f7','23712137','ADIMAS MARA RIVELLINO','23712137@students.uii.ac.id',NULL,'A',NULL,NULL),
	('e0ed4354-4c56-11f0-9464-6d12112379f7','23712138','ADREA JANE PUTRI SUSANTO','23712138@students.uii.ac.id',NULL,'A',NULL,NULL),
	('e0ed4480-4c56-11f0-9464-6d12112379f7','23712139','CHAERUL HADI WIDODO','23712139@students.uii.ac.id',NULL,'A',NULL,NULL),
	('e0ed458e-4c56-11f0-9464-6d12112379f7','23712140','DELVIA SHINTA TRIESTANTI','23712140@students.uii.ac.id',NULL,'A',NULL,NULL),
	('e0ed46b0-4c56-11f0-9464-6d12112379f7','23712141','DIMAZ ABDILLAH DAUD ESSA','23712141@students.uii.ac.id',NULL,'A',NULL,NULL),
	('e0ed4804-4c56-11f0-9464-6d12112379f7','23712142','FAIRUZ MAULIDYA','23712142@students.uii.ac.id',NULL,'A',NULL,NULL),
	('e0ed493a-4c56-11f0-9464-6d12112379f7','23712143','FARIKHA NURFACHREZA','23712143@students.uii.ac.id',NULL,'A',NULL,NULL),
	('e0ed4a5c-4c56-11f0-9464-6d12112379f7','23712144','HARY SULAKSONO ADI','23712144@students.uii.ac.id',NULL,'A',NULL,NULL),
	('e0ed4b88-4c56-11f0-9464-6d12112379f7','23712145','HUSNUL HUMAIROH','23712145@students.uii.ac.id',NULL,'A',NULL,NULL),
	('e0ed4caa-4c56-11f0-9464-6d12112379f7','23712146','LATHIFAH HURUL AINI','23712146@students.uii.ac.id',NULL,'A',NULL,NULL),
	('e0ed4dd6-4c56-11f0-9464-6d12112379f7','23712147','MUHAMMAD RAFFI RISTANSYAH PUTR','23712147@students.uii.ac.id',NULL,'A',NULL,NULL),
	('e0ed4ef8-4c56-11f0-9464-6d12112379f7','23712148','NIDA FAUZIYAH','23712148@students.uii.ac.id',NULL,'A',NULL,NULL),
	('e0ed501a-4c56-11f0-9464-6d12112379f7','23712149','NUR FAUZIATUN FAIDAH','23712149@students.uii.ac.id',NULL,'A',NULL,NULL),
	('e0ed5146-4c56-11f0-9464-6d12112379f7','23712150','NURSANA A APRILLIANI TRIANTONO','23712150@students.uii.ac.id',NULL,'A',NULL,NULL),
	('e0ed5268-4c56-11f0-9464-6d12112379f7','23712151','NURVISA SYIFANA YUMNA','23712151@students.uii.ac.id',NULL,'A',NULL,NULL),
	('e0ed538a-4c56-11f0-9464-6d12112379f7','23712152','RENATA SEPHIA ALVIONA','23712152@students.uii.ac.id',NULL,'A',NULL,NULL),
	('e0ed54b6-4c56-11f0-9464-6d12112379f7','23712153','RIFKY ARIEF BUDIMAN','23712153@students.uii.ac.id',NULL,'A',NULL,NULL),
	('e0ed55e2-4c56-11f0-9464-6d12112379f7','23712154','RIZKA KUSUMADEWI','23712154@students.uii.ac.id',NULL,'A',NULL,NULL),
	('e0ed570e-4c56-11f0-9464-6d12112379f7','23712155','SEPTYA SALSABILLA','23712155@students.uii.ac.id',NULL,'A',NULL,NULL),
	('e0ed583a-4c56-11f0-9464-6d12112379f7','23712156','SITTI DWI WANI MUKHTARI','23712156@students.uii.ac.id',NULL,'A',NULL,NULL),
	('e0ed595c-4c56-11f0-9464-6d12112379f7','23712157','ZETY FITRIYANI NASHRIYATIN YUW','23712157@students.uii.ac.id',NULL,'A',NULL,NULL),
	('e0ed5a9c-4c56-11f0-9464-6d12112379f7','24712001','GHIFAR FAWWAZI','24712001@students.uii.ac.id',NULL,'A',NULL,NULL),
	('e0ed5bbe-4c56-11f0-9464-6d12112379f7','24712002','TSAVIRA NABILA','24712002@students.uii.ac.id',NULL,'A',NULL,NULL),
	('e0ed5ce0-4c56-11f0-9464-6d12112379f7','24712003','REZA WAHYUNINGSIH','24712003@students.uii.ac.id',NULL,'A',NULL,NULL),
	('e0ed5df8-4c56-11f0-9464-6d12112379f7','24712004','MUHAMMAD RAFI FALAH','24712004@students.uii.ac.id',NULL,'A',NULL,NULL),
	('e0ed5f10-4c56-11f0-9464-6d12112379f7','24712005','JILAN FANDINI PUTRI','24712005@students.uii.ac.id',NULL,'A',NULL,NULL),
	('e0ed6028-4c56-11f0-9464-6d12112379f7','24712006','ZALFA NIHAMUYASSARI KANILLA','24712006@students.uii.ac.id',NULL,'A',NULL,NULL),
	('e0ed614a-4c56-11f0-9464-6d12112379f7','24712007','NISA\' AL-FAIDA ARANIRI','24712007@students.uii.ac.id',NULL,'A',NULL,NULL),
	('e0ed626c-4c56-11f0-9464-6d12112379f7','24712008','DHANING NUGRA WICAKSANI','24712008@students.uii.ac.id',NULL,'A',NULL,NULL),
	('e0ed6384-4c56-11f0-9464-6d12112379f7','24712009','ILHAMNI ZEIN RUMATUMIA','24712009@students.uii.ac.id',NULL,'A',NULL,NULL),
	('e0ed6a32-4c56-11f0-9464-6d12112379f7','24712010','ANINDA ZUNIA PRATIWI','24712010@students.uii.ac.id',NULL,'A',NULL,NULL),
	('e0ed6b5e-4c56-11f0-9464-6d12112379f7','24712011','DANISHA IZMI BAIHAQI','24712011@students.uii.ac.id',NULL,'A',NULL,NULL),
	('e0ed6c8a-4c56-11f0-9464-6d12112379f7','24712012','KHOIRUNNISA AZZAHRA','24712012@students.uii.ac.id',NULL,'A',NULL,NULL),
	('e0ed6dac-4c56-11f0-9464-6d12112379f7','24712013','PRADHIPTA AULIA EARLYAWAN','24712013@students.uii.ac.id',NULL,'A',NULL,NULL),
	('e0ed6ece-4c56-11f0-9464-6d12112379f7','24712014','SOPHIE CARINA NURJULIANA WAHYU PRIYATNO','24712014@students.uii.ac.id',NULL,'A',NULL,NULL),
	('e0ed7022-4c56-11f0-9464-6d12112379f7','24712015','MOHAMMAD MIFTAHUL ALIM','24712015@students.uii.ac.id',NULL,'A',NULL,NULL),
	('e0ed7144-4c56-11f0-9464-6d12112379f7','24712016','ANASTASYA SYAM RAMADHANI','24712016@students.uii.ac.id',NULL,'A',NULL,NULL),
	('e0ed725c-4c56-11f0-9464-6d12112379f7','24712017','LUTHFIE FAIZAL MAULANA','24712017@students.uii.ac.id',NULL,'A',NULL,NULL),
	('e0ed737e-4c56-11f0-9464-6d12112379f7','24712018','YASFI SURYALFIHRO AL-GHOZI','24712018@students.uii.ac.id',NULL,'A',NULL,NULL),
	('e0ed7496-4c56-11f0-9464-6d12112379f7','24712019','HABIB NUR FAIZI','24712019@students.uii.ac.id',NULL,'A',NULL,NULL),
	('e0ed75b8-4c56-11f0-9464-6d12112379f7','24712020','SITI FIKTAYUNI FARKHATI','24712020@students.uii.ac.id',NULL,'A',NULL,NULL),
	('e0ed76d0-4c56-11f0-9464-6d12112379f7','24712021','DWIKI ANGGARA PUTRA','24712021@students.uii.ac.id',NULL,'A',NULL,NULL),
	('e0ed77f2-4c56-11f0-9464-6d12112379f7','24712022','ABELLIA PUTRI','24712022@students.uii.ac.id',NULL,'A',NULL,NULL),
	('e0ed790a-4c56-11f0-9464-6d12112379f7','24712023','RACHMATIA SHABRINA EKA DELLA','24712023@students.uii.ac.id',NULL,'A',NULL,NULL),
	('e0ed7a36-4c56-11f0-9464-6d12112379f7','24712024','SEKAR HALIMAH PUTRI','24712024@students.uii.ac.id',NULL,'A',NULL,NULL),
	('e0ed7bbc-4c56-11f0-9464-6d12112379f7','24712025','ARUN FATMA RIZKY ASHARI','24712025@students.uii.ac.id',NULL,'A',NULL,NULL),
	('e0ed7d06-4c56-11f0-9464-6d12112379f7','24712026','YOLANDA AGUSTIN NASUTION','24712026@students.uii.ac.id',NULL,'A',NULL,NULL),
	('e0ed7e28-4c56-11f0-9464-6d12112379f7','24712027','WILLIYA IBADI','24712027@students.uii.ac.id',NULL,'A',NULL,NULL),
	('e0ed7f5e-4c56-11f0-9464-6d12112379f7','24712028','DEARESTLY RAMADHANI BAIHAQI','24712028@students.uii.ac.id',NULL,'A',NULL,NULL),
	('e0ed8080-4c56-11f0-9464-6d12112379f7','24712029','MUTHIA NURSETYANING FADHILAH','24712029@students.uii.ac.id',NULL,'A',NULL,NULL),
	('e0ed81d4-4c56-11f0-9464-6d12112379f7','24712030','MUHAMMAD HAKIM ABYANTORO','24712030@students.uii.ac.id',NULL,'A',NULL,NULL),
	('e0ed8300-4c56-11f0-9464-6d12112379f7','24712031','MUHAMMAD RIZAL FADLY','24712031@students.uii.ac.id',NULL,'A',NULL,NULL),
	('e0ed8422-4c56-11f0-9464-6d12112379f7','24712032','JOCELYN KARINA VICTORIA','24712032@students.uii.ac.id',NULL,'A',NULL,NULL),
	('e0ed8544-4c56-11f0-9464-6d12112379f7','24712033','RIZQY ALYAA PUTRI IRAWAN','24712033@students.uii.ac.id',NULL,'A',NULL,NULL),
	('e0ed8666-4c56-11f0-9464-6d12112379f7','24712034','AFINA AULIYA LESTARI','24712034@students.uii.ac.id',NULL,'A',NULL,NULL),
	('e0ed8788-4c56-11f0-9464-6d12112379f7','24712035','SALSABILA RIANA','24712035@students.uii.ac.id',NULL,'A',NULL,NULL),
	('e0ed88aa-4c56-11f0-9464-6d12112379f7','24712036','ANNISA PUTRI PRAMITA','24712036@students.uii.ac.id',NULL,'A',NULL,NULL),
	('e0ed89d6-4c56-11f0-9464-6d12112379f7','24712037','SALMA NUR HAMIDAH IKHWAN','24712037@students.uii.ac.id',NULL,'A',NULL,NULL),
	('e0ed8af8-4c56-11f0-9464-6d12112379f7','24712038','SITA HELIDA DWI RAHMA','24712038@students.uii.ac.id',NULL,'A',NULL,NULL),
	('e0ed8c10-4c56-11f0-9464-6d12112379f7','24712039','ELLA PUTRI UTAMI ADNAN','24712039@students.uii.ac.id',NULL,'A',NULL,NULL),
	('e0ed8d32-4c56-11f0-9464-6d12112379f7','24712040','AHMAD ALVIN NOOR MUCHTAR','24712040@students.uii.ac.id',NULL,'A',NULL,NULL),
	('e0ed8e5e-4c56-11f0-9464-6d12112379f7','24712041','DYAH AYU CIPTA ARUM','24712041@students.uii.ac.id',NULL,'A',NULL,NULL),
	('e0ed8f76-4c56-11f0-9464-6d12112379f7','24712042','ABIYYI DZAKWAN HAFIZH ZAKI','24712042@students.uii.ac.id',NULL,'A',NULL,NULL),
	('e0ed908e-4c56-11f0-9464-6d12112379f7','24712043','AISHA SAVA NURAIDA','24712043@students.uii.ac.id',NULL,'A',NULL,NULL),
	('e0ed91c4-4c56-11f0-9464-6d12112379f7','24712044','MUHTIA MAHDERINA CAHYANI','24712044@students.uii.ac.id',NULL,'A',NULL,NULL),
	('e0ed92e6-4c56-11f0-9464-6d12112379f7','24712045','ESTI YUNIAR ANGGRIMULYA','24712045@students.uii.ac.id',NULL,'A',NULL,NULL),
	('e0ed9412-4c56-11f0-9464-6d12112379f7','24712046','FADHILA AMALIA ISLAMI ARIYANTI','24712046@students.uii.ac.id',NULL,'A',NULL,NULL),
	('e0ed952a-4c56-11f0-9464-6d12112379f7','24712047','VIDYA AMARA PURBOJATI','24712047@students.uii.ac.id',NULL,'A',NULL,NULL),
	('e0ed9656-4c56-11f0-9464-6d12112379f7','24712048','TINTON CANDRA SAPUTRA','24712048@students.uii.ac.id',NULL,'A',NULL,NULL),
	('e0ed9778-4c56-11f0-9464-6d12112379f7','24712049','RADHA RANIA','24712049@students.uii.ac.id',NULL,'A',NULL,NULL),
	('e0ed9d68-4c56-11f0-9464-6d12112379f7','24712050','POPPY LISPYA VEFFRIADI','24712050@students.uii.ac.id',NULL,'A',NULL,NULL),
	('e0ed9e94-4c56-11f0-9464-6d12112379f7','24712051','MARSHANDA BAYU MAULANI','24712051@students.uii.ac.id',NULL,'A',NULL,NULL),
	('e0ed9fc0-4c56-11f0-9464-6d12112379f7','24712052','SITI ZAHRA JASMINE','24712052@students.uii.ac.id',NULL,'A',NULL,NULL),
	('e0eda614-4c56-11f0-9464-6d12112379f7','24712053','TARISYA WULANDARI','24712053@students.uii.ac.id',NULL,'A',NULL,NULL),
	('e0eda754-4c56-11f0-9464-6d12112379f7','24712054','NAFI ILHAMSYAH','24712054@students.uii.ac.id',NULL,'A',NULL,NULL),
	('e0eda88a-4c56-11f0-9464-6d12112379f7','24712055','ZAKIA INTAN TIARA','24712055@students.uii.ac.id',NULL,'A',NULL,NULL),
	('e0eda9ac-4c56-11f0-9464-6d12112379f7','24712056','LATIFA SALSABILA','24712056@students.uii.ac.id',NULL,'A',NULL,NULL),
	('e0edaace-4c56-11f0-9464-6d12112379f7','24712057','SINULINGGA ARYA BIMANTARA','24712057@students.uii.ac.id',NULL,'A',NULL,NULL),
	('e0edabfa-4c56-11f0-9464-6d12112379f7','24712058','URVA NAJICHA SEPTIA ROSA','24712058@students.uii.ac.id',NULL,'A',NULL,NULL),
	('e0edad26-4c56-11f0-9464-6d12112379f7','24712059','AHSANI TAQWIM PRIHATMAJI','24712059@students.uii.ac.id',NULL,'A',NULL,NULL),
	('e0edd06c-4c56-11f0-9464-6d12112379f7','24712060','SALMA FADHILA','24712060@students.uii.ac.id',NULL,'A',NULL,NULL),
	('e0edee4e-4c56-11f0-9464-6d12112379f7','24712061','FARADZIBA AZ ZAHRA','24712061@students.uii.ac.id',NULL,'A',NULL,NULL),
	('e0edef52-4c56-11f0-9464-6d12112379f7','24712062','VENZA PERMATA DIORA','24712062@students.uii.ac.id',NULL,'A',NULL,NULL),
	('e0edf024-4c56-11f0-9464-6d12112379f7','24712063','DAYANA NASUTION','24712063@students.uii.ac.id',NULL,'A',NULL,NULL),
	('e0edf114-4c56-11f0-9464-6d12112379f7','24712064','AULIA KHOIRUNNISA','24712064@students.uii.ac.id',NULL,'A',NULL,NULL),
	('e0edf1fa-4c56-11f0-9464-6d12112379f7','24712065','HAFIDHA AINUN NAZIHAH','24712065@students.uii.ac.id',NULL,'A',NULL,NULL),
	('e0edf2cc-4c56-11f0-9464-6d12112379f7','24712066','META DECHYNTA HARVIANANDA PUTR','24712066@students.uii.ac.id',NULL,'A',NULL,NULL),
	('e0edf39e-4c56-11f0-9464-6d12112379f7','24712067','SYAFA NOURMA FADHLIA','24712067@students.uii.ac.id',NULL,'A',NULL,NULL),
	('e0edf470-4c56-11f0-9464-6d12112379f7','24712068','MELANI DWITA SARI','24712068@students.uii.ac.id',NULL,'A',NULL,NULL),
	('e0ee021c-4c56-11f0-9464-6d12112379f7','24712069','TSANIYA AHDA INDRAYANI','24712069@students.uii.ac.id',NULL,'A',NULL,NULL),
	('e0ee03e8-4c56-11f0-9464-6d12112379f7','24712070','ANINDYA PUTRI AVICIENA','24712070@students.uii.ac.id',NULL,'A',NULL,NULL),
	('e0ee051e-4c56-11f0-9464-6d12112379f7','24712071','MAHESWARI SAFA ADELA UTOMO','24712071@students.uii.ac.id',NULL,'A',NULL,NULL),
	('e0ee0640-4c56-11f0-9464-6d12112379f7','24712072','FATYA AULIYA HENING I\'TIKAFIA','24712072@students.uii.ac.id',NULL,'A',NULL,NULL),
	('e0ee0776-4c56-11f0-9464-6d12112379f7','24712073','GANJAR SATRIA PAMUNGKAS','24712073@students.uii.ac.id',NULL,'A',NULL,NULL),
	('e0ee08a2-4c56-11f0-9464-6d12112379f7','24712074','DINDA MAZAYA QINTHARA','24712074@students.uii.ac.id',NULL,'A',NULL,NULL),
	('e0ee09c4-4c56-11f0-9464-6d12112379f7','24712075','HAFIZH CAHYA ARYANSYAH','24712075@students.uii.ac.id',NULL,'A',NULL,NULL),
	('e0ee0afa-4c56-11f0-9464-6d12112379f7','24712076','ALYA ZULFA RUHERA','24712076@students.uii.ac.id',NULL,'A',NULL,NULL),
	('e0ee0c4e-4c56-11f0-9464-6d12112379f7','24712077','ALISHA SHIBA FAIQA','24712077@students.uii.ac.id',NULL,'A',NULL,NULL),
	('e0ee0dca-4c56-11f0-9464-6d12112379f7','24712078','FAJ\'RIAN HAIKAL FAROS','24712078@students.uii.ac.id',NULL,'A',NULL,NULL),
	('e0ee0f00-4c56-11f0-9464-6d12112379f7','24712079','BELLA RIZKY WAILY','24712079@students.uii.ac.id',NULL,'A',NULL,NULL),
	('e0ee1040-4c56-11f0-9464-6d12112379f7','24712080','FANY RAHMASARI','24712080@students.uii.ac.id',NULL,'A',NULL,NULL),
	('e0ee1176-4c56-11f0-9464-6d12112379f7','24712081','AZMI RAIHAN','24712081@students.uii.ac.id',NULL,'A',NULL,NULL),
	('e0ee12b6-4c56-11f0-9464-6d12112379f7','24712082','ALDISHA MUHAMMAD IZHARI','24712082@students.uii.ac.id',NULL,'A',NULL,NULL),
	('e0ee1400-4c56-11f0-9464-6d12112379f7','24712083','AMRITA FATHINA FAZA','24712083@students.uii.ac.id',NULL,'A',NULL,NULL),
	('e0ee1536-4c56-11f0-9464-6d12112379f7','24712084','KHANSANITA ATALIE SINUHAJI','24712084@students.uii.ac.id',NULL,'A',NULL,NULL),
	('e0ee168a-4c56-11f0-9464-6d12112379f7','24712085','ELZA NATHANIA NUR IZZAH','24712085@students.uii.ac.id',NULL,'A',NULL,NULL),
	('e0ee17c0-4c56-11f0-9464-6d12112379f7','24712086','FIRMAN AULIA IMANULLAH','24712086@students.uii.ac.id',NULL,'A',NULL,NULL),
	('e0ee190a-4c56-11f0-9464-6d12112379f7','24712087','FARRAHAN FAVIVERDI','24712087@students.uii.ac.id',NULL,'A',NULL,NULL),
	('e0ee1a68-4c56-11f0-9464-6d12112379f7','24712088','RANA DZAKY KHOIRUNNISA','24712088@students.uii.ac.id',NULL,'A',NULL,NULL),
	('e0ee1c2a-4c56-11f0-9464-6d12112379f7','24712089','FLORENCIA CLARA SETIAWAN ','24712089@students.uii.ac.id',NULL,'A',NULL,NULL),
	('e0ee4eca-4c56-11f0-9464-6d12112379f7','24712090','AVIATNA KHARIMA SADIDA','24712090@students.uii.ac.id',NULL,'A',NULL,NULL),
	('e0ee5028-4c56-11f0-9464-6d12112379f7','24712091','AUFANIDA ZAKIA','24712091@students.uii.ac.id',NULL,'A',NULL,NULL),
	('e0ee5154-4c56-11f0-9464-6d12112379f7','24712092','FRITZIENICO ZACHARY BASKORO','24712092@students.uii.ac.id',NULL,'A',NULL,NULL),
	('e0ee528a-4c56-11f0-9464-6d12112379f7','24712093','DIAN SYAFIRA FITRIANI','24712093@students.uii.ac.id',NULL,'A',NULL,NULL),
	('e0ee53b6-4c56-11f0-9464-6d12112379f7','24712094','DINA AROFATUL CHASANAH','24712094@students.uii.ac.id',NULL,'A',NULL,NULL),
	('e0ee54e2-4c56-11f0-9464-6d12112379f7','24712095','TIFANY NATALIA PUTRY','24712095@students.uii.ac.id',NULL,'A',NULL,NULL),
	('e0ee5604-4c56-11f0-9464-6d12112379f7','24712096','FENDA HANIEFAPRILA PURWANTO','24712096@students.uii.ac.id',NULL,'A',NULL,NULL),
	('e0ee5726-4c56-11f0-9464-6d12112379f7','24712097','MUHAMAD FIRMAN ABI HIMAWAN','24712097@students.uii.ac.id',NULL,'A',NULL,NULL),
	('e0ee5852-4c56-11f0-9464-6d12112379f7','24712098','NABILA CHAIRANI AKHYAR','24712098@students.uii.ac.id',NULL,'A',NULL,NULL),
	('e0ee596a-4c56-11f0-9464-6d12112379f7','24712099','RACHEL CATRATIN NADA','24712099@students.uii.ac.id',NULL,'A',NULL,NULL),
	('e0ee5a96-4c56-11f0-9464-6d12112379f7','24712100','ARI WAHYU LISTYAWATI','24712100@students.uii.ac.id',NULL,'A',NULL,NULL),
	('e0ee5bc2-4c56-11f0-9464-6d12112379f7','24712101','DWI ATIKA FAJRIRAYENI','24712101@students.uii.ac.id',NULL,'A',NULL,NULL),
	('e0ee5cda-4c56-11f0-9464-6d12112379f7','24712102','SENA PRAHA PRASETYA','24712102@students.uii.ac.id',NULL,'A',NULL,NULL),
	('e0ee5df2-4c56-11f0-9464-6d12112379f7','24712103','SUCIATI NURROHMAH','24712103@students.uii.ac.id',NULL,'A',NULL,NULL),
	('e0ee69dc-4c56-11f0-9464-6d12112379f7','24712104','CHOFIFAH HADIYANTI PUTRI','24712104@students.uii.ac.id',NULL,'A',NULL,NULL),
	('e0ee772e-4c56-11f0-9464-6d12112379f7','24712105','TANIA FIDELA AMANDA','24712105@students.uii.ac.id',NULL,'A',NULL,NULL),
	('e0ee78fa-4c56-11f0-9464-6d12112379f7','24712106','TEGUH WIRDIANSYAH','24712106@students.uii.ac.id',NULL,'A',NULL,NULL),
	('e0ee7a30-4c56-11f0-9464-6d12112379f7','24712107','GIBRAN AKHMAD MAULANA ARUMBINANG','24712107@students.uii.ac.id',NULL,'A',NULL,NULL),
	('e0ee7b5c-4c56-11f0-9464-6d12112379f7','24712108','DAFFA ALIEF RAMADHAN','24712108@students.uii.ac.id',NULL,'A',NULL,NULL),
	('e0ee7c88-4c56-11f0-9464-6d12112379f7','24712109','MUTIARA ANNISA','24712109@students.uii.ac.id',NULL,'A',NULL,NULL),
	('e0ee7db4-4c56-11f0-9464-6d12112379f7','24712110','DEWI MEIRA ROSA','24712110@students.uii.ac.id',NULL,'A',NULL,NULL),
	('e0ee7ed6-4c56-11f0-9464-6d12112379f7','24712111','ROSALIANA SAIDAH','24712111@students.uii.ac.id',NULL,'A',NULL,NULL),
	('e0ee8002-4c56-11f0-9464-6d12112379f7','24712112','REGGYNA AMMALIA NDARI','24712112@students.uii.ac.id',NULL,'A',NULL,NULL),
	('e0ee8138-4c56-11f0-9464-6d12112379f7','24712113','VIORAVANTI ANUGRAHENI GUSTY ARIANT','24712113@students.uii.ac.id',NULL,'A',NULL,NULL),
	('e0ee826e-4c56-11f0-9464-6d12112379f7','24712114','PUTRI RANASYAFA AURA HIDAYAT','24712114@students.uii.ac.id',NULL,'A',NULL,NULL),
	('e0ee83a4-4c56-11f0-9464-6d12112379f7','24712115','AISYA MEUTIARA HAPPY PRADISA','24712115@students.uii.ac.id',NULL,'A',NULL,NULL),
	('e0ee84da-4c56-11f0-9464-6d12112379f7','24712116','ELSA NOVANTI','24712116@students.uii.ac.id',NULL,'A',NULL,NULL),
	('e0ee8606-4c56-11f0-9464-6d12112379f7','24712117','SYIFA INDIRA KHAIRUNNISA ','24712117@students.uii.ac.id',NULL,'A',NULL,NULL),
	('e0ee8732-4c56-11f0-9464-6d12112379f7','24712118','NANDA MAFTUCHAH','24712118@students.uii.ac.id',NULL,'A',NULL,NULL),
	('e0ee8890-4c56-11f0-9464-6d12112379f7','24712119','AFSANA FAIRUZA MUSHOLLIN','24712119@students.uii.ac.id',NULL,'A',NULL,NULL),
	('e0ee89b2-4c56-11f0-9464-6d12112379f7','24712120','ZAHIRA RAHMAH FADILAH','24712120@students.uii.ac.id',NULL,'A',NULL,NULL),
	('e0ee8ade-4c56-11f0-9464-6d12112379f7','24712121','BAIQ BENING SENJARANI','24712121@students.uii.ac.id',NULL,'A',NULL,NULL),
	('e0ee8c00-4c56-11f0-9464-6d12112379f7','24712122','ALFI SACHDEVA AZIZ WAKTAR ','24712122@students.uii.ac.id',NULL,'A',NULL,NULL),
	('e0ee8d36-4c56-11f0-9464-6d12112379f7','24712123','ARINI DWI KURNIA SARI','24712123@students.uii.ac.id',NULL,'A',NULL,NULL),
	('e0ee8e58-4c56-11f0-9464-6d12112379f7','24712124','MUHAMMAD DHAFFA ASHRAF FAHREZY','24712124@students.uii.ac.id',NULL,'A',NULL,NULL),
	('e0ee8f84-4c56-11f0-9464-6d12112379f7','24712125','ANDINI WAHYU WEDANINGTYAS ','24712125@students.uii.ac.id',NULL,'A',NULL,NULL),
	('e0ee90a6-4c56-11f0-9464-6d12112379f7','24712126','TRIANDINI','24712126@students.uii.ac.id',NULL,'A',NULL,NULL),
	('e0ee91c8-4c56-11f0-9464-6d12112379f7','24712127','MUHAMMAD RAIHAN IRFANI HAIKAL','24712127@students.uii.ac.id',NULL,'A',NULL,NULL),
	('e0ee92ea-4c56-11f0-9464-6d12112379f7','24712128','FIRDHA ARISANDRA DWI ARRYANTI','24712128@students.uii.ac.id',NULL,'A',NULL,NULL),
	('e0ee9420-4c56-11f0-9464-6d12112379f7','24712129','MIFTAHUL KHOIRIYAH','24712129@students.uii.ac.id',NULL,'A',NULL,NULL),
	('e0ee9b14-4c56-11f0-9464-6d12112379f7','24712130','HEKSA AULIA','24712130@students.uii.ac.id',NULL,'A',NULL,NULL),
	('e0ee9c40-4c56-11f0-9464-6d12112379f7','24712131','AAN TRI LUTFI MUHAMMAD','24712131@students.uii.ac.id',NULL,'A',NULL,NULL),
	('e0ee9d62-4c56-11f0-9464-6d12112379f7','24712132','RAISA INDIRA NAYU','24712132@students.uii.ac.id',NULL,'A',NULL,NULL),
	('e0ee9e8e-4c56-11f0-9464-6d12112379f7','24712133','NAJIB WIDYA PRIYANGGA','24712133@students.uii.ac.id',NULL,'A',NULL,NULL),
	('e0ee9fba-4c56-11f0-9464-6d12112379f7','24712134','RIJALUDIN ABDURRAHMAN','24712134@students.uii.ac.id',NULL,'A',NULL,NULL),
	('e0eea0dc-4c56-11f0-9464-6d12112379f7','24712135','HISYAM HARTAMAN PUTRA','24712135@students.uii.ac.id',NULL,'A',NULL,NULL),
	('e0eea1f4-4c56-11f0-9464-6d12112379f7','24712136','ANDINI NURUL SUCI','24712136@students.uii.ac.id',NULL,'A',NULL,NULL),
	('e0eea320-4c56-11f0-9464-6d12112379f7','24712137','NARAVITTO AD-DIMASYQI','24712137@students.uii.ac.id',NULL,'A',NULL,NULL),
	('e0eea442-4c56-11f0-9464-6d12112379f7','24712138','MISHBAKHUL LUTHFI','24712138@students.uii.ac.id',NULL,'A',NULL,NULL),
	('e0eea564-4c56-11f0-9464-6d12112379f7','24712139','AULIA ISNAINI RAHMATUNA\'IM','24712139@students.uii.ac.id',NULL,'A',NULL,NULL),
	('e0eea686-4c56-11f0-9464-6d12112379f7','24712140','ERLIANITA RACHMAWATI','24712140@students.uii.ac.id',NULL,'A',NULL,NULL),
	('e0eea79e-4c56-11f0-9464-6d12112379f7','24712141','INTAN TSAQIILA','24712141@students.uii.ac.id',NULL,'A',NULL,NULL),
	('e0eea8c0-4c56-11f0-9464-6d12112379f7','24712142','MUHAMMAD YUSUF HILMY','24712142@students.uii.ac.id',NULL,'A',NULL,NULL),
	('e0eeaa0a-4c56-11f0-9464-6d12112379f7','24712143','NAGITA DINAYA SASTY','24712143@students.uii.ac.id',NULL,'A',NULL,NULL),
	('e0eeabc2-4c56-11f0-9464-6d12112379f7','24712144','SITI ZALZABILA OKTAVIANI PUTRI AT-TIIN','24712144@students.uii.ac.id',NULL,'A',NULL,NULL),
	('e0eeacf8-4c56-11f0-9464-6d12112379f7','24712145','DAFI IRSAN SATRIA','24712145@students.uii.ac.id',NULL,'A',NULL,NULL),
	('e0eeae2e-4c56-11f0-9464-6d12112379f7','24712146','MUHAMMAD HAFIDZ USMAN','24712146@students.uii.ac.id',NULL,'A',NULL,NULL),
	('e0eeaf50-4c56-11f0-9464-6d12112379f7','24712147','NAURA SORAYA HAZIMA AZIZ','24712147@students.uii.ac.id',NULL,'A',NULL,NULL),
	('e0eeb072-4c56-11f0-9464-6d12112379f7','24712148','MUHAMMAD ARIQ RESTYAWAN','24712148@students.uii.ac.id',NULL,'A',NULL,NULL),
	('e0eeb1d0-4c56-11f0-9464-6d12112379f7','24712149','CLARESTA DIVA AFRIZA','24712149@students.uii.ac.id',NULL,'A',NULL,NULL),
	('e0eeb2f2-4c56-11f0-9464-6d12112379f7','24712150','PUTRI AISYAH PRAMESTI WAHYUDINITA','24712150@students.uii.ac.id',NULL,'A',NULL,NULL),
	('e0eeb414-4c56-11f0-9464-6d12112379f7','24712151','NABIL HAKIM','24712151@students.uii.ac.id',NULL,'A',NULL,NULL),
	('e0eeb536-4c56-11f0-9464-6d12112379f7','24712152','RIZKI FATHURRAHMAN','24712152@students.uii.ac.id',NULL,'A',NULL,NULL),
	('e0eeb680-4c56-11f0-9464-6d12112379f7','24712153','RESTU RAGIL AJENG PINASTI','24712153@students.uii.ac.id',NULL,'A',NULL,NULL),
	('e0eeb798-4c56-11f0-9464-6d12112379f7','24712154','DONA ANERA SUPROJO','24712154@students.uii.ac.id',NULL,'A',NULL,NULL),
	('e0eeb8b0-4c56-11f0-9464-6d12112379f7','24712155','ALFITRIANI ALISLAMIC BURHAMSI PUTRI','24712155@students.uii.ac.id',NULL,'A',NULL,NULL),
	('e0eeb9d2-4c56-11f0-9464-6d12112379f7','24712156','TASYA DELFINA ANDREZA','24712156@students.uii.ac.id',NULL,'A',NULL,NULL),
	('e0eebaf4-4c56-11f0-9464-6d12112379f7','24712157','NADERA ALIA SULISTIO','24712157@students.uii.ac.id',NULL,'A',NULL,NULL),
	('e0eebc16-4c56-11f0-9464-6d12112379f7','24712158','TRIANA PUTRI UTAMI','24712158@students.uii.ac.id',NULL,'A',NULL,NULL),
	('e0eebd38-4c56-11f0-9464-6d12112379f7','24712159','RIZKY ALGHIFARI RABBANI','24712159@students.uii.ac.id',NULL,'A',NULL,NULL),
	('e0eebe64-4c56-11f0-9464-6d12112379f7','24712160','PREMITYA NUGRAHING PERTIWI','24712160@students.uii.ac.id',NULL,'A',NULL,NULL),
	('e0eebf86-4c56-11f0-9464-6d12112379f7','24712161','MARISA HANIFATUN NISA','24712161@students.uii.ac.id',NULL,'A',NULL,NULL),
	('e0eec0a8-4c56-11f0-9464-6d12112379f7','24712162','NISRINA NIBRAS SHOFI LUTHFIYA','24712162@students.uii.ac.id',NULL,'A',NULL,NULL),
	('e0eec1c0-4c56-11f0-9464-6d12112379f7','24712163','ABEL SANGGRA PUTRIAN','24712163@students.uii.ac.id',NULL,'A',NULL,NULL),
	('e0eec2e2-4c56-11f0-9464-6d12112379f7','24712164','MAHARANI EKASHAFA ARTANTI','24712164@students.uii.ac.id',NULL,'A',NULL,NULL),
	('e0eec404-4c56-11f0-9464-6d12112379f7','24712165','CHAIRUNNISA NUR AINI','24712165@students.uii.ac.id',NULL,'A',NULL,NULL),
	('e0eec51c-4c56-11f0-9464-6d12112379f7','24712166','VANESSA PERMATA PUTRI','24712166@students.uii.ac.id',NULL,'A',NULL,NULL),
	('e0eec63e-4c56-11f0-9464-6d12112379f7','24712167','VIRGI OLIVIA','24712167@students.uii.ac.id',NULL,'A',NULL,NULL),
	('e0eec756-4c56-11f0-9464-6d12112379f7','24712168','MUHAMMAD HARIS','24712168@students.uii.ac.id',NULL,'A',NULL,NULL),
	('e0eec878-4c56-11f0-9464-6d12112379f7','24712169','TALBIYAH SABDAH RIZAN TAUPIQ','24712169@students.uii.ac.id',NULL,'A',NULL,NULL),
	('e0eece7c-4c56-11f0-9464-6d12112379f7','24712170','VERGIAWAN WAHYU ANGGITA','24712170@students.uii.ac.id',NULL,'A',NULL,NULL),
	('e0eecfbc-4c56-11f0-9464-6d12112379f7','24712171','GRACIA WIDI ANJANI','24712171@students.uii.ac.id',NULL,'A',NULL,NULL),
	('e0eed0d4-4c56-11f0-9464-6d12112379f7','24712172','SIH AMALINDA NAFATIL FARIZA','24712172@students.uii.ac.id',NULL,'A',NULL,NULL),
	('e0eed1f6-4c56-11f0-9464-6d12112379f7','24712173','ZEFIRA MATASYAH','24712173@students.uii.ac.id',NULL,'A',NULL,NULL),
	('e0eed322-4c56-11f0-9464-6d12112379f7','24712174','DASCHA DEVARA BERLIANA','24712174@students.uii.ac.id',NULL,'A',NULL,NULL),
	('e0eed43a-4c56-11f0-9464-6d12112379f7','24712175','FIRLY AFLAHA SUBCHI','24712175@students.uii.ac.id',NULL,'A',NULL,NULL),
	('e0eed570-4c56-11f0-9464-6d12112379f7','24712176','AQMAL EGA PRATAMA','24712176@students.uii.ac.id',NULL,'A',NULL,NULL),
	('e0eed692-4c56-11f0-9464-6d12112379f7','24712177','ALYSSA RIONDA WARDOYO','24712177@students.uii.ac.id',NULL,'A',NULL,NULL),
	('e0eed7aa-4c56-11f0-9464-6d12112379f7','24712178','URAY HADISTSA WASA','24712178@students.uii.ac.id',NULL,'A',NULL,NULL),
	('e0eed8fe-4c56-11f0-9464-6d12112379f7','24712179','IRSYAD MUHAMMAD SUMARNA','24712179@students.uii.ac.id',NULL,'A',NULL,NULL),
	('e0eeda20-4c56-11f0-9464-6d12112379f7','24712180','IBRAHIM PASHA AL-GHIFARI','24712180@students.uii.ac.id',NULL,'A',NULL,NULL),
	('e0eedb42-4c56-11f0-9464-6d12112379f7','24712181','LUTFIA ZAHRA YANAYIR','24712181@students.uii.ac.id',NULL,'A',NULL,NULL),
	('e0eedc64-4c56-11f0-9464-6d12112379f7','24712182','ALIYYAH TSANY FIRJATUNISAH','24712182@students.uii.ac.id',NULL,'A',NULL,NULL),
	('e0eeddae-4c56-11f0-9464-6d12112379f7','24712183','EDELWEIS QURRATAA\'YUN AULIYALLAH','24712183@students.uii.ac.id',NULL,'A',NULL,NULL),
	('e0eedee4-4c56-11f0-9464-6d12112379f7','24712184','FARIZKI HANY PRASETYA','24712184@students.uii.ac.id',NULL,'A',NULL,NULL),
	('e0eee006-4c56-11f0-9464-6d12112379f7','24712185','FAHIRA RAHMA NATHANIA','24712185@students.uii.ac.id',NULL,'A',NULL,NULL),
	('e0eee128-4c56-11f0-9464-6d12112379f7','24712186','SHOLLA MUSYAFIA ULIN NUHA','24712186@students.uii.ac.id',NULL,'A',NULL,NULL),
	('e0eee240-4c56-11f0-9464-6d12112379f7','24712187','ANDJANI HANNAH PRATIWI','24712187@students.uii.ac.id',NULL,'A',NULL,NULL),
	('e0eee362-4c56-11f0-9464-6d12112379f7','24712188','NAJIBA HASNA','24712188@students.uii.ac.id',NULL,'A',NULL,NULL),
	('e0eee47a-4c56-11f0-9464-6d12112379f7','24712189','MUHAMMAD FARHAN FATHURRAHMAN','24712189@students.uii.ac.id',NULL,'A',NULL,NULL),
	('e0eee59c-4c56-11f0-9464-6d12112379f7','24712190','DARRY MUHAMMAD KHALIS','24712190@students.uii.ac.id',NULL,'A',NULL,NULL),
	('e0eee6be-4c56-11f0-9464-6d12112379f7','24712191','MONA SALSABILA','24712191@students.uii.ac.id',NULL,'A',NULL,NULL),
	('e0eee7ea-4c56-11f0-9464-6d12112379f7','24712192','NUR AZIZAH FITRIANI','24712192@students.uii.ac.id',NULL,'A',NULL,NULL),
	('e0eee90c-4c56-11f0-9464-6d12112379f7','24712193','AMADEA NAMIRA','24712193@students.uii.ac.id',NULL,'A',NULL,NULL),
	('e0eeea2e-4c56-11f0-9464-6d12112379f7','24712194','SALSABILA ALRILIA PUTRIATAMA','24712194@students.uii.ac.id',NULL,'A',NULL,NULL),
	('e0eeeb5a-4c56-11f0-9464-6d12112379f7','24712195','MELLY SEPTIANI SAPUTRI','24712195@students.uii.ac.id',NULL,'A',NULL,NULL),
	('e0eeec7c-4c56-11f0-9464-6d12112379f7','24712196','MOHAMMAD ARIQ FATTIANSYAH','24712196@students.uii.ac.id',NULL,'A',NULL,NULL),
	('e0eeeda8-4c56-11f0-9464-6d12112379f7','24712197','SALSABILA MA\'SHUMAH HAERUDIN','24712197@students.uii.ac.id',NULL,'A',NULL,NULL),
	('e0eeeeca-4c56-11f0-9464-6d12112379f7','24712198','MICHELLE RADHIYA TSABITAH KHAMBALI','24712198@students.uii.ac.id',NULL,'A',NULL,NULL),
	('e0eeefec-4c56-11f0-9464-6d12112379f7','24712199','HARMADIA JASMINE CALLISTA','24712199@students.uii.ac.id',NULL,'A',NULL,NULL),
	('e0eef10e-4c56-11f0-9464-6d12112379f7','24712200','BAGAS NAUFALINO PRADANA','24712200@students.uii.ac.id',NULL,'A',NULL,NULL),
	('e0eef230-4c56-11f0-9464-6d12112379f7','24712201','KARUNIA SAVITRI','24712201@students.uii.ac.id',NULL,'A',NULL,NULL),
	('e0eef366-4c56-11f0-9464-6d12112379f7','24712202','ANARGYA NASYWA KUSTANTO','24712202@students.uii.ac.id',NULL,'A',NULL,NULL),
	('e0eef488-4c56-11f0-9464-6d12112379f7','24712203','RAFIDA GALUH WARDANI','24712203@students.uii.ac.id',NULL,'A',NULL,NULL),
	('e0eef5b4-4c56-11f0-9464-6d12112379f7','24712204','NAILAH NASYWA RUSMAWATI','24712204@students.uii.ac.id',NULL,'A',NULL,NULL),
	('e0eef6cc-4c56-11f0-9464-6d12112379f7','24712205','DAKIYAH HASNA SALSABILA','24712205@students.uii.ac.id',NULL,'A',NULL,NULL),
	('e0eef7e4-4c56-11f0-9464-6d12112379f7','24712206','ADELIA QUINTANTI','24712206@students.uii.ac.id',NULL,'A',NULL,NULL),
	('e0eef910-4c56-11f0-9464-6d12112379f7','24712207','AURELLIA FEBRINA LISTY DAMAYANTI','24712207@students.uii.ac.id',NULL,'A',NULL,NULL),
	('e0eefa46-4c56-11f0-9464-6d12112379f7','24712208','ZHAFIRAH ZULFAH ZAHRAH','24712208@students.uii.ac.id',NULL,'A',NULL,NULL),
	('e0eefb90-4c56-11f0-9464-6d12112379f7','24712209','AISYAH FAKHIRA','24712209@students.uii.ac.id',NULL,'A',NULL,NULL),
	('e0ef0194-4c56-11f0-9464-6d12112379f7','24712210','ANDI MUHAMMAD IHSAN FAUZAN','24712210@students.uii.ac.id',NULL,'A',NULL,NULL),
	('e0ef028e-4c56-11f0-9464-6d12112379f7','24712211','MUHAMMAD YUDHA PRATAMA','24712211@students.uii.ac.id',NULL,'A',NULL,NULL),
	('e0ef0388-4c56-11f0-9464-6d12112379f7','24712212','TALYTHA AZLYA BELVA ARADHANA','24712212@students.uii.ac.id',NULL,'A',NULL,NULL),
	('e0ef0478-4c56-11f0-9464-6d12112379f7','24712213','MULLA BANI IBRAHIM YATIM','24712213@students.uii.ac.id',NULL,'A',NULL,NULL),
	('e0ef0568-4c56-11f0-9464-6d12112379f7','24712214','NUR HIMATI ALIYA','24712214@students.uii.ac.id',NULL,'A',NULL,NULL),
	('e0ef0658-4c56-11f0-9464-6d12112379f7','24712215','NOVI FARA AISHA SALMA','24712215@students.uii.ac.id',NULL,'A',NULL,NULL),
	('e0ef0748-4c56-11f0-9464-6d12112379f7','24712216','MUHAMMAD ARIQ ATMA SAIKA','24712216@students.uii.ac.id',NULL,'A',NULL,NULL),
	('e0ef0838-4c56-11f0-9464-6d12112379f7','24712217','ZAHRANI ALIFFIA PUTRI','24712217@students.uii.ac.id',NULL,'A',NULL,NULL),
	('e0ef0928-4c56-11f0-9464-6d12112379f7','24712218','NASHWA AMANDA FAWNIA MARPAUNG','24712218@students.uii.ac.id',NULL,'A',NULL,NULL),
	('e0ef0a18-4c56-11f0-9464-6d12112379f7','24712219','HAFIZHAKKY BRAMULIA','24712219@students.uii.ac.id',NULL,'A',NULL,NULL),
	('e0ef0b4e-4c56-11f0-9464-6d12112379f7','24712220','NURIDHA AJENG DINIRA','24712220@students.uii.ac.id',NULL,'A',NULL,NULL),
	('e0ef0c3e-4c56-11f0-9464-6d12112379f7','24712221','BERLIAN DWI PUTRA MULYA','24712221@students.uii.ac.id',NULL,'A',NULL,NULL),
	('e0ef0d56-4c56-11f0-9464-6d12112379f7','24712222','AZHAR FIRDAUS','24712222@students.uii.ac.id',NULL,'A',NULL,NULL),
	('e0ef0e46-4c56-11f0-9464-6d12112379f7','24712223','NURUL NADYA','24712223@students.uii.ac.id',NULL,'A',NULL,NULL),
	('e0ef0f36-4c56-11f0-9464-6d12112379f7','24712224','AGUNG BIPAYANA ADI WIBOWO','24712224@students.uii.ac.id',NULL,'A',NULL,NULL),
	('e0ef1026-4c56-11f0-9464-6d12112379f7','24712225','HENDRI YULIAN CAESAR','24712225@students.uii.ac.id',NULL,'A',NULL,NULL),
	('e0ef1120-4c56-11f0-9464-6d12112379f7','24712226','AMANDA SHAFIYYA','24712226@students.uii.ac.id',NULL,'A',NULL,NULL),
	('e0ef1210-4c56-11f0-9464-6d12112379f7','24712227','NURUL KHAIRANI ALIFYA','24712227@students.uii.ac.id',NULL,'A',NULL,NULL),
	('e0ef1300-4c56-11f0-9464-6d12112379f7','24712228','BAYU SULISTIO','24712228@students.uii.ac.id',NULL,'A',NULL,NULL),
	('e0ef13e6-4c56-11f0-9464-6d12112379f7','24712229','FARHAN DWI HANDONO','24712229@students.uii.ac.id',NULL,'A',NULL,NULL),
	('e0ef14d6-4c56-11f0-9464-6d12112379f7','24712230','LATHIFAH ZHAFIR NUGROHO','24712230@students.uii.ac.id',NULL,'A',NULL,NULL),
	('e0ef15ee-4c56-11f0-9464-6d12112379f7','24712231','RAHMAT HIDAYAT NUR ILHAMI','24712231@students.uii.ac.id',NULL,'A',NULL,NULL),
	('e0ef1710-4c56-11f0-9464-6d12112379f7','24712232','AGNES WULANDARI ','24712232@students.uii.ac.id',NULL,'A',NULL,NULL),
	('e0ef1832-4c56-11f0-9464-6d12112379f7','24712233','SHIFANA OKTAVIA SUPRIYANTO','24712233@students.uii.ac.id',NULL,'A',NULL,NULL),
	('e0ef1954-4c56-11f0-9464-6d12112379f7','24712234','NAJAKHIL UMNIYATI','24712234@students.uii.ac.id',NULL,'A',NULL,NULL),
	('e0ef1a76-4c56-11f0-9464-6d12112379f7','24712235','NABILA AMALIA RAYA','24712235@students.uii.ac.id',NULL,'A',NULL,NULL),
	('e0ef1b98-4c56-11f0-9464-6d12112379f7','24712236','MITSAQU GHALIZHA ABDANSYAKUR','24712236@students.uii.ac.id',NULL,'A',NULL,NULL),
	('e0ef1cce-4c56-11f0-9464-6d12112379f7','24712237','SYAFIRA ELFA RAMADHAN','24712237@students.uii.ac.id',NULL,'A',NULL,NULL),
	('e0ef1df0-4c56-11f0-9464-6d12112379f7','24712238','RAHMADINA DJUMAIN','24712238@students.uii.ac.id',NULL,'A',NULL,NULL),
	('e0ef1f30-4c56-11f0-9464-6d12112379f7','24712239','FATHRAH RACHMAH MADINNA MERUKH','24712239@students.uii.ac.id',NULL,'A',NULL,NULL),
	('e0ef2052-4c56-11f0-9464-6d12112379f7','24712240','NISA ISTIQOMAH','24712240@students.uii.ac.id',NULL,'A',NULL,NULL),
	('e0ef2174-4c56-11f0-9464-6d12112379f7','24712241','ALYA SAFIRA MAHARANI','24712241@students.uii.ac.id',NULL,'A',NULL,NULL),
	('e0ef22a0-4c56-11f0-9464-6d12112379f7','24712242','SHAFIRA SALMA SA\'ADAH','24712242@students.uii.ac.id',NULL,'A',NULL,NULL),
	('e0ef23b8-4c56-11f0-9464-6d12112379f7','24712243','DAVINA RAYSHA HILMAN','24712243@students.uii.ac.id',NULL,'A',NULL,NULL),
	('e0ef24da-4c56-11f0-9464-6d12112379f7','24712244','AILSA BELVA KAULIKA ','24712244@students.uii.ac.id',NULL,'A',NULL,NULL),
	('e0ef25fc-4c56-11f0-9464-6d12112379f7','24712245','ARYADIN RIZIQ IMANIAR','24712245@students.uii.ac.id',NULL,'A',NULL,NULL),
	('e0ef2714-4c56-11f0-9464-6d12112379f7','24712246','RENNITA TRIYANA FATIKASARI','24712246@students.uii.ac.id',NULL,'A',NULL,NULL),
	('e0ef2840-4c56-11f0-9464-6d12112379f7','24712247','SANIYYAH ZAHROH NABIILAH DARMAWAN','24712247@students.uii.ac.id',NULL,'A',NULL,NULL),
	('e0ef2958-4c56-11f0-9464-6d12112379f7','24712248','VICK HILYA SALSABIL','24712248@students.uii.ac.id',NULL,'A',NULL,NULL),
	('e0ef2a84-4c56-11f0-9464-6d12112379f7','24712249','MINERVA PRATAMA GEODESI','24712249@students.uii.ac.id',NULL,'A',NULL,NULL),
	('e0ef41ea-4c56-11f0-9464-6d12112379f7','24712250','PUAN MUDA FAZILA YUSSA','24712250@students.uii.ac.id',NULL,'A',NULL,NULL),
	('e0ef4320-4c56-11f0-9464-6d12112379f7','24712251','RIZKY AYU DAMAYANTI','24712251@students.uii.ac.id',NULL,'A',NULL,NULL),
	('e0ef4442-4c56-11f0-9464-6d12112379f7','24712252','MAYLAFF BEBY ANNISA NURUL ZAHRA','24712252@students.uii.ac.id',NULL,'A',NULL,NULL),
	('e0ef456e-4c56-11f0-9464-6d12112379f7','24712253','NOORMA SHABRINA FARRASINTYA','24712253@students.uii.ac.id',NULL,'A',NULL,NULL),
	('e0ef46a4-4c56-11f0-9464-6d12112379f7','24712254','NABILA KHANSA AZ ZAHRA','24712254@students.uii.ac.id',NULL,'A',NULL,NULL),
	('e0ef47c6-4c56-11f0-9464-6d12112379f7','24712255','RAHMA  AYU  MAEKA PUTRI','24712255@students.uii.ac.id',NULL,'A',NULL,NULL),
	('e0ef48e8-4c56-11f0-9464-6d12112379f7','24712256','LILI FARAHDINA','24712256@students.uii.ac.id',NULL,'A',NULL,NULL),
	('e0ef4a0a-4c56-11f0-9464-6d12112379f7','24712257','TEGUH SETIAWAN','24712257@students.uii.ac.id',NULL,'A',NULL,NULL),
	('e0ef4b2c-4c56-11f0-9464-6d12112379f7','24712258','SA\'DATUL KAMARIAH','24712258@students.uii.ac.id',NULL,'A',NULL,NULL),
	('e0ef4c4e-4c56-11f0-9464-6d12112379f7','24712259','SRI WAHYUNI EVI NAFISYAH','24712259@students.uii.ac.id',NULL,'A',NULL,NULL),
	('e0ef4d70-4c56-11f0-9464-6d12112379f7','24712260','NABILLA SIFANA DEWI','24712260@students.uii.ac.id',NULL,'A',NULL,NULL),
	('e0ef4f00-4c56-11f0-9464-6d12112379f7','24712261','CHERENS HARTA SURYANINGRUM','24712261@students.uii.ac.id',NULL,'A',NULL,NULL),
	('e0ef5036-4c56-11f0-9464-6d12112379f7','24712262','CALLISTA LATIFA BOYARISYA','24712262@students.uii.ac.id',NULL,'A',NULL,NULL),
	('e0ef5158-4c56-11f0-9464-6d12112379f7','24712263','ANNISA NABIL NADHIRA','24712263@students.uii.ac.id',NULL,'A',NULL,NULL),
	('e0ef527a-4c56-11f0-9464-6d12112379f7','24712264','ALVIRA DAMAYANTI','24712264@students.uii.ac.id',NULL,'A',NULL,NULL),
	('e0ef539c-4c56-11f0-9464-6d12112379f7','24712265','NIBROS ANWAR FAUZY','24712265@students.uii.ac.id',NULL,'A',NULL,NULL),
	('e0ef54be-4c56-11f0-9464-6d12112379f7','24712266','LULUS ICA SYAHIRA RIHADATUL A\'ISY','24712266@students.uii.ac.id',NULL,'A',NULL,NULL),
	('e0ef55ea-4c56-11f0-9464-6d12112379f7','24712267','CHAVIELDA NAJMA ZHARIFA RYSINKA','24712267@students.uii.ac.id',NULL,'A',NULL,NULL),
	('e0ef57c0-4c56-11f0-9464-6d12112379f7','24712268','SYIFA RAHMALIA ILMI','24712268@students.uii.ac.id',NULL,'A',NULL,NULL),
	('e0ef58f6-4c56-11f0-9464-6d12112379f7','24712269','JEHAF JOVIALLAIL IHZA YUSTITIA','24712269@students.uii.ac.id',NULL,'A',NULL,NULL),
	('e0ef5a2c-4c56-11f0-9464-6d12112379f7','24712270','NAJLA AZZAH FARADILA','24712270@students.uii.ac.id',NULL,'A',NULL,NULL),
	('e0ef5b4e-4c56-11f0-9464-6d12112379f7','24712271','WANDA AQILA CHAIRANI','24712271@students.uii.ac.id',NULL,'A',NULL,NULL),
	('e0ef5c70-4c56-11f0-9464-6d12112379f7','24712272','DEPITA RAHMA','24712272@students.uii.ac.id',NULL,'A',NULL,NULL),
	('e0ef5d9c-4c56-11f0-9464-6d12112379f7','24712273','EMILY TAQWAPUTRI','24712273@students.uii.ac.id',NULL,'A',NULL,NULL),
	('e0ef5ebe-4c56-11f0-9464-6d12112379f7','24712274','AINUR KHUSNUL KHOTIMAH','24712274@students.uii.ac.id',NULL,'A',NULL,NULL),
	('e0ef5fea-4c56-11f0-9464-6d12112379f7','24712275','ILHAM MUKTI FIRMANSYAH','24712275@students.uii.ac.id',NULL,'A',NULL,NULL),
	('e0ef610c-4c56-11f0-9464-6d12112379f7','24712276','MUHAMMAD RAIHAN BINTANG PAMUNGKAS','24712276@students.uii.ac.id',NULL,'A',NULL,NULL),
	('e0ef6238-4c56-11f0-9464-6d12112379f7','24712277','SAFFANA MUTHIA GHASSANI','24712277@students.uii.ac.id',NULL,'A',NULL,NULL),
	('e0ef635a-4c56-11f0-9464-6d12112379f7','24712278','RIGEL SAYYIDINA MUHAMMAD','24712278@students.uii.ac.id',NULL,'A',NULL,NULL),
	('e0ef6486-4c56-11f0-9464-6d12112379f7','24712279','FRISKA FIQI RAMADHANI ','24712279@students.uii.ac.id',NULL,'A',NULL,NULL),
	('e0ef65e4-4c56-11f0-9464-6d12112379f7','24712280','TELUNG KRIS WONG GRAGENE ','24712280@students.uii.ac.id',NULL,'A',NULL,NULL),
	('e0ef6724-4c56-11f0-9464-6d12112379f7','24712281','MAHROJA T. AR\'RACHMAN','24712281@students.uii.ac.id',NULL,'A',NULL,NULL),
	('e0ef6d5a-4c56-11f0-9464-6d12112379f7','24712282','ROHIMATUN NAILIS SA\'DIYAH','24712282@students.uii.ac.id',NULL,'A',NULL,NULL),
	('e0ef6f30-4c56-11f0-9464-6d12112379f7','24712283','FARRELL FAKHREZY RANGGITO','24712283@students.uii.ac.id',NULL,'A',NULL,NULL),
	('e0ef705c-4c56-11f0-9464-6d12112379f7','24712284','YODI KUSMAYADI','24712284@students.uii.ac.id',NULL,'A',NULL,NULL),
	('e0ef717e-4c56-11f0-9464-6d12112379f7','24712285','TSABITA ALISTYA NADIRANI','24712285@students.uii.ac.id',NULL,'A',NULL,NULL),
	('e0ef72aa-4c56-11f0-9464-6d12112379f7','24712286','IMADUL AQIL YUWONO','24712286@students.uii.ac.id',NULL,'A',NULL,NULL),
	('e0ef73d6-4c56-11f0-9464-6d12112379f7','24712287','MUHAMMAD IQBAL MAHFUZH','24712287@students.uii.ac.id',NULL,'A',NULL,NULL),
	('e0ef7656-4c56-11f0-9464-6d12112379f7','24712288','NADIA LAILI NAFISA M','24712288@students.uii.ac.id',NULL,'A',NULL,NULL),
	('e0ef7778-4c56-11f0-9464-6d12112379f7','24712289','VEBRIANA PUJI ASTUTI','24712289@students.uii.ac.id',NULL,'A',NULL,NULL),
	('e0ef7d40-4c56-11f0-9464-6d12112379f7','24712290','AZALIA YAQIN INTAN PRAMESHI','24712290@students.uii.ac.id',NULL,'A',NULL,NULL),
	('e0ef7e94-4c56-11f0-9464-6d12112379f7','24712291','DIANA TAZRIQA','24712291@students.uii.ac.id',NULL,'A',NULL,NULL),
	('e0ef7fc0-4c56-11f0-9464-6d12112379f7','24712292','MARYAM AZIZAH','24712292@students.uii.ac.id',NULL,'A',NULL,NULL),
	('e0ef80ec-4c56-11f0-9464-6d12112379f7','24712293','SALSABILA MAYZA NAURAH','24712293@students.uii.ac.id',NULL,'A',NULL,NULL),
	('e0ef8218-4c56-11f0-9464-6d12112379f7','24712294','NATYA LAKSHITA ARDHANANESWARI RIYANTO','24712294@students.uii.ac.id',NULL,'A',NULL,NULL),
	('e0ef8344-4c56-11f0-9464-6d12112379f7','24712295','NAILA HAURA AZ-ZAHRA','24712295@students.uii.ac.id',NULL,'A',NULL,NULL),
	('e0ef847a-4c56-11f0-9464-6d12112379f7','24712296','ARSYILLA AULIA\' HABSY','24712296@students.uii.ac.id',NULL,'A',NULL,NULL),
	('e0ef859c-4c56-11f0-9464-6d12112379f7','24712297','FIEDO ALTHAF ZUFARIANTO','24712297@students.uii.ac.id',NULL,'A',NULL,NULL);

/*!40000 ALTER TABLE `students` ENABLE KEYS */;
UNLOCK TABLES;


# Dump of table token_verifications
# ------------------------------------------------------------

DROP TABLE IF EXISTS `token_verifications`;

CREATE TABLE `token_verifications` (
  `id` bigint unsigned NOT NULL AUTO_INCREMENT,
  `type` varchar(255) CHARACTER SET utf8mb4 COLLATE utf8mb4_unicode_ci NOT NULL,
  `identifier` varchar(255) CHARACTER SET utf8mb4 COLLATE utf8mb4_unicode_ci NOT NULL,
  `token` varchar(255) CHARACTER SET utf8mb4 COLLATE utf8mb4_unicode_ci NOT NULL,
  `used_at` timestamp NULL DEFAULT NULL,
  `expires_at` timestamp NOT NULL,
  `used` tinyint(1) NOT NULL DEFAULT '0',
  `created_at` timestamp NULL DEFAULT NULL,
  `updated_at` timestamp NULL DEFAULT NULL,
  PRIMARY KEY (`id`)
) ENGINE=InnoDB DEFAULT CHARSET=utf8mb4 COLLATE=utf8mb4_unicode_ci;

LOCK TABLES `token_verifications` WRITE;
/*!40000 ALTER TABLE `token_verifications` DISABLE KEYS */;

INSERT INTO `token_verifications` (`id`, `type`, `identifier`, `token`, `used_at`, `expires_at`, `used`, `created_at`, `updated_at`)
VALUES
	(1,'whatsapp','6285156737668','480492','2025-06-18 13:47:33','2025-06-18 13:52:27',1,'2025-06-18 13:47:27','2025-06-18 13:47:33');

/*!40000 ALTER TABLE `token_verifications` ENABLE KEYS */;
UNLOCK TABLES;


# Dump of table users
# ------------------------------------------------------------

DROP TABLE IF EXISTS `users`;

CREATE TABLE `users` (
  `id` bigint unsigned NOT NULL AUTO_INCREMENT,
  `name` varchar(255) CHARACTER SET utf8mb4 COLLATE utf8mb4_unicode_ci NOT NULL,
  `registration_number` varchar(255) CHARACTER SET utf8mb4 COLLATE utf8mb4_unicode_ci DEFAULT NULL,
  `email` varchar(255) CHARACTER SET utf8mb4 COLLATE utf8mb4_unicode_ci DEFAULT NULL,
  `email_verified_at` timestamp NULL DEFAULT NULL,
  `password` varchar(255) CHARACTER SET utf8mb4 COLLATE utf8mb4_unicode_ci DEFAULT NULL,
  `phone` varchar(255) CHARACTER SET utf8mb4 COLLATE utf8mb4_unicode_ci DEFAULT NULL,
  `avatar` text CHARACTER SET utf8mb4 COLLATE utf8mb4_unicode_ci,
  `date_of_birth` date DEFAULT NULL,
  `remember_token` varchar(100) CHARACTER SET utf8mb4 COLLATE utf8mb4_unicode_ci DEFAULT NULL,
  `created_at` timestamp NULL DEFAULT NULL,
  `updated_at` timestamp NULL DEFAULT NULL,
  PRIMARY KEY (`id`),
  UNIQUE KEY `users_email_unique` (`email`)
) ENGINE=InnoDB DEFAULT CHARSET=utf8mb4 COLLATE=utf8mb4_unicode_ci;

LOCK TABLES `users` WRITE;
/*!40000 ALTER TABLE `users` DISABLE KEYS */;

INSERT INTO `users` (`id`, `name`, `registration_number`, `email`, `email_verified_at`, `password`, `phone`, `avatar`, `date_of_birth`, `remember_token`, `created_at`, `updated_at`)
VALUES
	(1,'Super User',NULL,'super@ecos.com',NULL,'$2y$12$TC4YOeNXTTJ91oVAtHckouW2JzWf.FsbfP0xS8b6t76srzs2DJQVe','6285156737668',NULL,NULL,NULL,'2025-05-15 15:18:29','2025-05-15 15:18:29'),
	(2,'Mahasiswa 1',NULL,'mahasiswa1@ecos.com',NULL,'$2y$12$jBHp8muDtGDVgVfS29mvP.A7.76ok.ofbDrhwcHJgAnyKzm.6ItRa',NULL,NULL,NULL,NULL,'2025-05-15 15:18:29','2025-05-15 15:18:29'),
	(3,'Mahasiswa 2',NULL,'mahasiswa2@ecos.com',NULL,'$2y$12$MW4LrMsitd27RP4L1vOWpePm4HV.ZnC35Od9KbgVoB0v3tDXTAs/2',NULL,NULL,NULL,NULL,'2025-05-15 15:18:29','2025-05-15 15:18:29'),
	(4,'Dosen 1',NULL,'dosen1@ecos.com',NULL,'$2y$12$KGec5Ov/Pq6yMPgqR2OMgumv4I.wTLMY6vekZwfrn1JLV16/wqklm',NULL,NULL,NULL,NULL,'2025-05-15 15:18:29','2025-05-15 15:18:29'),
	(5,'DPK1',NULL,'dpk1@ecos.com',NULL,'$2y$12$Tf0k3Hwdlb6KRriVA2j4Dep2EZc8vm4rt4n7n3TOPLQZTx9/At43m','6281213148709',NULL,NULL,NULL,'2025-05-15 15:18:30','2025-05-15 15:18:30'),
	(6,'Prodi',NULL,'prodi@ecos.com',NULL,'$2y$12$8bvlAq8ceIa4v6ZpGhSeB.CuBk9eZPq0uVZUuXyvTNaB8zBHqq.Hy',NULL,NULL,NULL,NULL,'2025-05-15 15:18:30','2025-05-15 15:18:30'),
	(7,'Admin RS1',NULL,'adminrs@ecos.com',NULL,'$2y$12$YS.bd2sSjAvKCg0/Qr2ipOpgclEW8fW.VP64b4D8AQl18.tglA.sK',NULL,NULL,NULL,NULL,'2025-05-15 15:18:30','2025-05-15 15:18:30'),
	(8,'Elbo Shindi Pangestu','211232637','211232637@uii.ac.id',NULL,NULL,NULL,NULL,NULL,NULL,NULL,NULL),
	(9,'dr. Aditya Tri Hernowo, Ph.D','207111301','207111301@uii.ac.id',NULL,NULL,NULL,NULL,NULL,NULL,NULL,NULL),
	(10,'dr. Agus Taufiqurrohman, M.Kes, Sp.S','017110406','017110406@uii.ac.id',NULL,NULL,NULL,NULL,NULL,NULL,NULL,NULL),
	(11,'dr. Ana Fauziyati, M.Sc., Sp.PD','047110434','047110434@uii.ac.id',NULL,NULL,NULL,NULL,NULL,NULL,NULL,NULL),
	(12,'dr. Asri Hendrawati, M.Sc','097110416','097110416@uii.ac.id',NULL,NULL,NULL,NULL,NULL,NULL,NULL,NULL),
	(13,'dr. Baiq Rohaslia Rhadiana, M.Sc, Sp. KJ','117110403','117110403@uii.ac.id',NULL,NULL,NULL,NULL,NULL,NULL,NULL,NULL),
	(14,'Dr. dr. Betty Ekawati Suryaningsih, Sp.KK','047110403','047110403@uii.ac.id',NULL,NULL,NULL,NULL,NULL,NULL,NULL,NULL),
	(15,'dr. Diani Puspa Wijaya, M.Med.Ed ','077110423','077110423@uii.ac.id',NULL,NULL,NULL,NULL,NULL,NULL,NULL,NULL),
	(16,'dr. Dwi Nur Ahsani, M.Sc','077110425','077110425@uii.ac.id',NULL,NULL,NULL,NULL,NULL,NULL,NULL,NULL),
	(17,'dr. Eko Andriyanto, M.Sc','187110406','187110406@uii.ac.id',NULL,NULL,NULL,NULL,NULL,NULL,NULL,NULL),
	(18,'dr. Emi Azmi Choironi, M.Sc., Sp.A','127110101','127110101@uii.ac.id',NULL,NULL,NULL,NULL,NULL,NULL,NULL,NULL),
	(19,'dr. Erlina Marfianti, M.Sc, Sp.PD','017110407','017110407@uii.ac.id',NULL,NULL,NULL,NULL,NULL,NULL,NULL,NULL),
	(20,'dr. Eska Agustin Putri Susanti, Sp.KJ','077110427','077110427@uii.ac.id',NULL,NULL,NULL,NULL,NULL,NULL,NULL,NULL),
	(21,'Dr. dr. Ety Sari Handayani, M.Kes','097110415','097110415@uii.ac.id',NULL,NULL,NULL,NULL,NULL,NULL,NULL,NULL),
	(22,'dr. Evy Sulistyoningrum, M.Sc','147110202','147110202@uii.ac.id',NULL,NULL,NULL,NULL,NULL,NULL,NULL,NULL),
	(23,'Dr. dr. Farida Juliantina Rachmawaty, M.Kes','017110101','017110101@uii.ac.id',NULL,NULL,NULL,NULL,NULL,NULL,NULL,NULL),
	(24,'dr. Fery Luvita Sari,M. Sc, Sp.N','117110406','117110406@uii.ac.id',NULL,NULL,NULL,NULL,NULL,NULL,NULL,NULL),
	(25,'dr. Fitria Siwi Nur Rochmah, M. Sc','097110418','097110418@uii.ac.id',NULL,NULL,NULL,NULL,NULL,NULL,NULL,NULL),
	(26,'dr. Fuad Khadafianto, M.MedEd','097110403','097110403@uii.ac.id',NULL,NULL,NULL,NULL,NULL,NULL,NULL,NULL),
	(27,'dr. Gesit Purnama Giana Deta, Sp. THT-KL','097110409','097110409@uii.ac.id',NULL,NULL,NULL,NULL,NULL,NULL,NULL,NULL),
	(28,'dr. Gita Diah Prasasti, Sp.N.','127110510','127110510@uii.ac.id',NULL,NULL,NULL,NULL,NULL,NULL,NULL,NULL),
	(29,'Dr. dr. Ika Fidianingsih, M.Sc.','057110201','057110201@uii.ac.id',NULL,NULL,NULL,NULL,NULL,NULL,NULL,NULL),
	(30,'dr. Irena Agustiningtyas, M.Sc','097110404','097110404@uii.ac.id',NULL,NULL,NULL,NULL,NULL,NULL,NULL,NULL),
	(31,'Dr. dr. Isnatin Miladiyah, M.Kes','017110409','017110409@uii.ac.id',NULL,NULL,NULL,NULL,NULL,NULL,NULL,NULL),
	(32,'dr. Kuswati, M.Sc','037110410','037110410@uii.ac.id',NULL,NULL,NULL,NULL,NULL,NULL,NULL,NULL),
	(33,'dr. Linda Rosita, M.Kes, Sp.PK(K)','017110102','017110102@uii.ac.id',NULL,NULL,NULL,NULL,NULL,NULL,NULL,NULL),
	(34,'dr. Miranti Dewi Pramaningtyas, M.Sc','097110101','097110101@uii.ac.id',NULL,NULL,NULL,NULL,NULL,NULL,NULL,NULL),
	(35,'dr. Mohammad Bherbudi Wicaksono, M.Sc., Sp.A','107110101','107110101@uii.ac.id',NULL,NULL,NULL,NULL,NULL,NULL,NULL,NULL),
	(36,'dr. Muflihah Rizkawati, M.Biomed','197100404','197100404@uii.ac.id',NULL,NULL,NULL,NULL,NULL,NULL,NULL,NULL),
	(37,'dr. Muhammad Kharisma, M.Biotech','157110401','157110401@uii.ac.id',NULL,NULL,NULL,NULL,NULL,NULL,NULL,NULL),
	(38,'dr. Muhammad Yusuf Hisam, Sp.An, FIP','107110102','107110102@uii.ac.id',NULL,NULL,NULL,NULL,NULL,NULL,NULL,NULL),
	(39,'dr. Niufti Ayu Dewi Mahila, M.Sc., Sp.FM, C.Med.','217111301','217111301@uii.ac.id',NULL,NULL,NULL,NULL,NULL,NULL,NULL,NULL),
	(40,'dr. Novyan Lusiyana, M.Sc','107110411','107110411@uii.ac.id',NULL,NULL,NULL,NULL,NULL,NULL,NULL,NULL),
	(41,'dr. Nur Aini, M.Gizi','187111307','187111307@uii.ac.id',NULL,NULL,NULL,NULL,NULL,NULL,NULL,NULL),
	(42,'dr. Nur Aisyah Jamil, M.Sc','097110102','097110102@uii.ac.id',NULL,NULL,NULL,NULL,NULL,NULL,NULL,NULL),
	(43,'dr. Pariawan Lutfi Ghazali, M.Kes','017110413','017110413@uii.ac.id',NULL,NULL,NULL,NULL,NULL,NULL,NULL,NULL),
	(44,'Dr. drg. Punik Mumpuni Wijayanti, M Kes','027110416','027110416@uii.ac.id',NULL,NULL,NULL,NULL,NULL,NULL,NULL,NULL),
	(45,'dr. R. Edi Fitriyanto, M.Gizi','017110417','017110417@uii.ac.id',NULL,NULL,NULL,NULL,NULL,NULL,NULL,NULL),
	(46,'dr. Raden Rara Dewi Sitoresmi Ayuningtyas, Sp.A, MHPE','217110407','217110407@uii.ac.id',NULL,NULL,NULL,NULL,NULL,NULL,NULL,NULL),
	(47,'dr. Rahma Yuantari, M.Sc., Sp.PK','097110104','097110104@uii.ac.id',NULL,NULL,NULL,NULL,NULL,NULL,NULL,NULL),
	(48,'dr. Riana Rahmawati, M.Kes, Ph.D','017110418','017110418@uii.ac.id',NULL,NULL,NULL,NULL,NULL,NULL,NULL,NULL),
	(49,'dr. Rissito Centricia Darumurti, Sp.N','167110411','167110411@uii.ac.id',NULL,NULL,NULL,NULL,NULL,NULL,NULL,NULL),
	(50,'dr. Rizki Fajar Utami, M.Sc','117110417','117110417@uii.ac.id',NULL,NULL,NULL,NULL,NULL,NULL,NULL,NULL),
	(51,'dr. Rizky Triutami Sukarno, M. Biomed','197100403','197100403@uii.ac.id',NULL,NULL,NULL,NULL,NULL,NULL,NULL,NULL),
	(52,'dr. Rokhima Lusiantari, M.Sc','097110419','097110419@uii.ac.id',NULL,NULL,NULL,NULL,NULL,NULL,NULL,NULL),
	(53,'Dr. dr. Rosmelia, M.Kes, Sp.KK','077110436','077110436@uii.ac.id',NULL,NULL,NULL,NULL,NULL,NULL,NULL,NULL),
	(54,'dr. Sani Rachman Soleman, M.Sc','157110402','157110402@uii.ac.id',NULL,NULL,NULL,NULL,NULL,NULL,NULL,NULL),
	(55,'Dr. dr. Siti Istianah, M.Sc','017110421','017110421@uii.ac.id',NULL,NULL,NULL,NULL,NULL,NULL,NULL,NULL),
	(56,'Dr. dr. Sufi Desrini, M.Sc','057110406','057110406@uii.ac.id',NULL,NULL,NULL,NULL,NULL,NULL,NULL,NULL),
	(57,'Dr. dr. Sunarto, M.Kes','017110423','017110423@uii.ac.id',NULL,NULL,NULL,NULL,NULL,NULL,NULL,NULL),
	(58,'dr. Syaefudin Ali Akhmad, M.Sc','017110424','017110424@uii.ac.id',NULL,NULL,NULL,NULL,NULL,NULL,NULL,NULL),
	(59,'dr. Tien Budi Febriani, M.Sc., Sp.A','037110417','037110417@uii.ac.id',NULL,NULL,NULL,NULL,NULL,NULL,NULL,NULL),
	(60,'Dr. dr. Titik Kuntari, MPH','017110426','017110426@uii.ac.id',NULL,NULL,NULL,NULL,NULL,NULL,NULL,NULL),
	(61,'Dr. dr. Titis Nurmasitoh, M.Sc','057110414','057110414@uii.ac.id',NULL,NULL,NULL,NULL,NULL,NULL,NULL,NULL),
	(62,'dr. Ukhti Jamil Rustiasari, Sp.PA','097110105','097110105@uii.ac.id',NULL,NULL,NULL,NULL,NULL,NULL,NULL,NULL),
	(63,'dr. Umatul Khoiriyah, M.Med.Ed, Ph.D','047110101','047110101@uii.ac.id',NULL,NULL,NULL,NULL,NULL,NULL,NULL,NULL),
	(64,'dr. Utami Mulyaningrum, M.Sc','057110202','057110202@uii.ac.id',NULL,NULL,NULL,NULL,NULL,NULL,NULL,NULL),
	(65,'dr. Veby Novri Yendri, Sp.THT-KL','117110411','117110411@uii.ac.id',NULL,NULL,NULL,NULL,NULL,NULL,NULL,NULL),
	(66,'dr. Vita Widyasari, MPH., Ph.D','167110413','167110413@uii.ac.id',NULL,NULL,NULL,NULL,NULL,NULL,NULL,NULL),
	(67,'dr. Yasmini Fitriyati, Sp.OG','107110103','107110103@uii.ac.id',NULL,NULL,NULL,NULL,NULL,NULL,NULL,NULL),
	(68,'dr. Yayuk Fathonah, M.Sc','167111306','167111306@uii.ac.id',NULL,NULL,NULL,NULL,NULL,NULL,NULL,NULL),
	(69,'dr. Yeny Dyah Cahyaningrum, M.Med.Ed','077110410','077110410@uii.ac.id',NULL,NULL,NULL,NULL,NULL,NULL,NULL,NULL),
	(70,'dr. Zainuri Sabta Nugraha, M.Sc.','027110430','027110430@uii.ac.id',NULL,NULL,NULL,NULL,NULL,NULL,NULL,NULL),
	(71,'dr. Abd. Basith, Sp.An-TI','107110402','107110402@uii.ac.id',NULL,NULL,NULL,NULL,NULL,NULL,NULL,NULL),
	(72,'dr. Ade Indah Wahdini, Sp.KJ','127110506','127110506@uii.ac.id',NULL,NULL,NULL,NULL,NULL,NULL,NULL,NULL),
	(73,'dr. Afifah Az Zahra','217110403','217110403@uii.ac.id',NULL,NULL,NULL,NULL,NULL,NULL,NULL,NULL),
	(74,'dr. Alfan Nur Asyhar, AIFO-K','117110401','117110401@uii.ac.id',NULL,NULL,NULL,NULL,NULL,NULL,NULL,NULL),
	(75,'dr. Anggia Fitria Agustin, Sp.PD','157110405','157110405@uii.ac.id',NULL,NULL,NULL,NULL,NULL,NULL,NULL,NULL),
	(76,'dr. Arie Nugroho, Sp.OT','107110403','107110403@uii.ac.id',NULL,NULL,NULL,NULL,NULL,NULL,NULL,NULL),
	(77,'dr. Artati Sri Redjeki, Sp.M','077110414','077110414@uii.ac.id',NULL,NULL,NULL,NULL,NULL,NULL,NULL,NULL),
	(78,'dr. Binta Setya Febrina, Sp.KJ','107110404','107110404@uii.ac.id',NULL,NULL,NULL,NULL,NULL,NULL,NULL,NULL),
	(79,'dr. Dewi Retno Wulandari Zain','117110414','117110414@uii.ac.id',NULL,NULL,NULL,NULL,NULL,NULL,NULL,NULL),
	(80,'dr. Diah Hydrawati Sari Hasibuan, MCE., Sp.OG(K)','107110416','107110416@uii.ac.id',NULL,NULL,NULL,NULL,NULL,NULL,NULL,NULL),
	(81,'dr. Dimas Satya Hendarta','107110405','107110405@uii.ac.id',NULL,NULL,NULL,NULL,NULL,NULL,NULL,NULL),
	(82,'dr. Dita Windarofah, M.Sc., Sp.A','207110402','207110402@uii.ac.id',NULL,NULL,NULL,NULL,NULL,NULL,NULL,NULL),
	(83,'DR. dr. Bambang Udji Djoko Rianto, Sp.THT(K)., M.Kes','117110412','117110412@uii.ac.id',NULL,NULL,NULL,NULL,NULL,NULL,NULL,NULL),
	(84,'Dr. dr. Bondan Agus Suryanto, S.E., M.A., AAK ','127110507','127110507@uii.ac.id',NULL,NULL,NULL,NULL,NULL,NULL,NULL,NULL),
	(85,'dr. Eka Rosmarini Sari Wulan','107110406','107110406@uii.ac.id',NULL,NULL,NULL,NULL,NULL,NULL,NULL,NULL),
	(86,'dr. Fajar Alfa Saputra','117110405','117110405@uii.ac.id',NULL,NULL,NULL,NULL,NULL,NULL,NULL,NULL),
	(87,'dr. Fitri Faiza Rachmawati, M.A.R.S','217110404','217110404@uii.ac.id',NULL,NULL,NULL,NULL,NULL,NULL,NULL,NULL),
	(88,'dr. Nur Hidayat Nugroho, Sp.Rad','107110501','107110501@uii.ac.id',NULL,NULL,NULL,NULL,NULL,NULL,NULL,NULL),
	(89,'dr. Handayani Dwi Utami, M.Sc., Sp.F','117110413','117110413@uii.ac.id',NULL,NULL,NULL,NULL,NULL,NULL,NULL,NULL),
	(90,'dr. Hanggoro Tri Rinonce, Sp.PA(K)., Ph.D','227100401','227100401@uii.ac.id',NULL,NULL,NULL,NULL,NULL,NULL,NULL,NULL),
	(91,'dr. Indera Istiadi, Sp.THT','077110502','077110502@uii.ac.id',NULL,NULL,NULL,NULL,NULL,NULL,NULL,NULL),
	(92,'dr. Isna Arifah Rahmawati','207110403','207110403@uii.ac.id',NULL,NULL,NULL,NULL,NULL,NULL,NULL,NULL),
	(93,'dr. Mahdea Kasyiva','207110404','207110404@uii.ac.id',NULL,NULL,NULL,NULL,NULL,NULL,NULL,NULL),
	(94,'DR. Med. dr. Untung Widodo, Sp.An.KIC','107110414','107110414@uii.ac.id',NULL,NULL,NULL,NULL,NULL,NULL,NULL,NULL),
	(95,'dr. Mochammad Junaidy Heriyanto, Sp.B, FINACS','017110410','017110410@uii.ac.id',NULL,NULL,NULL,NULL,NULL,NULL,NULL,NULL),
	(96,'dr. Moetrarsi Sri Kanapsijah Firngadi, DTM&H, Sp.Kj','077110412','077110412@uii.ac.id',NULL,NULL,NULL,NULL,NULL,NULL,NULL,NULL),
	(97,'dr. Muhamad Syukron Fauzi, M.Biomed','107110410','107110410@uii.ac.id',NULL,NULL,NULL,NULL,NULL,NULL,NULL,NULL),
	(98,'dr. Muhammad Roydh Prenadenta Pratama','217110405','217110405@uii.ac.id',NULL,NULL,NULL,NULL,NULL,NULL,NULL,NULL),
	(99,'dr. Muhammad Tri Saksono Darmawan, Sp.A','077110503','077110503@uii.ac.id',NULL,NULL,NULL,NULL,NULL,NULL,NULL,NULL),
	(100,'dr. Mulyani Khusnul Khotimah','167110408','167110408@uii.ac.id',NULL,NULL,NULL,NULL,NULL,NULL,NULL,NULL),
	(101,'dr. Murtafiqoh Hasanah, Sp.S','187110402','187110402@uii.ac.id',NULL,NULL,NULL,NULL,NULL,NULL,NULL,NULL),
	(102,'dr. Nurcholid Umam Kurniawan, M.Sc, Sp.A','127110503','127110503@uii.ac.id',NULL,NULL,NULL,NULL,NULL,NULL,NULL,NULL),
	(103,'dr. Nur Laili Muzayyanah, M.Sc., Sp.A','037110413','037110413@uii.ac.id',NULL,NULL,NULL,NULL,NULL,NULL,NULL,NULL),
	(104,'dr. Nurmala Widya Absari, Amd.Keb','217110406','217110406@uii.ac.id',NULL,NULL,NULL,NULL,NULL,NULL,NULL,NULL),
	(105,'dr. Ratna Amalia Fairuz','217110408','217110408@uii.ac.id',NULL,NULL,NULL,NULL,NULL,NULL,NULL,NULL),
	(106,'dr. Rina Juwita, Sp.PD','197100405','197100405@uii.ac.id',NULL,NULL,NULL,NULL,NULL,NULL,NULL,NULL),
	(107,'dr. Sheni Novita Irjayanti','217110409','217110409@uii.ac.id',NULL,NULL,NULL,NULL,NULL,NULL,NULL,NULL),
	(108,'dr. Shofiati Ashfia','217110410','217110410@uii.ac.id',NULL,NULL,NULL,NULL,NULL,NULL,NULL,NULL),
	(109,'dr. Soeroyo Machfudz, MPH, Sp.A(K)','107110415','107110415@uii.ac.id',NULL,NULL,NULL,NULL,NULL,NULL,NULL,NULL),
	(110,'dr. Syifa Nurul Asma, MPH','217110411','217110411@uii.ac.id',NULL,NULL,NULL,NULL,NULL,NULL,NULL,NULL),
	(111,'dr. Taufik Nur Yahya, Sp.BTKV., M.Ked.Klin','127110516','127110516@uii.ac.id',NULL,NULL,NULL,NULL,NULL,NULL,NULL,NULL),
	(112,'dr. Taufiq Nugroho, Sp.B','077110413','077110413@uii.ac.id',NULL,NULL,NULL,NULL,NULL,NULL,NULL,NULL),
	(113,'dr. Wahyu Adhika Nugrahadi','097110407','097110407@uii.ac.id',NULL,NULL,NULL,NULL,NULL,NULL,NULL,NULL),
	(114,'dr. Wira Muhammad Rindra','207110406','207110406@uii.ac.id',NULL,NULL,NULL,NULL,NULL,NULL,NULL,NULL),
	(115,'Dr. dr. Yaltafit Abror Jeem, M.Sc','167110414','167110414@uii.ac.id',NULL,NULL,NULL,NULL,NULL,NULL,NULL,NULL),
	(116,'dr. Yanasta Yudo Pratama, M.K.M','227110501','227110501@uii.ac.id',NULL,NULL,NULL,NULL,NULL,NULL,NULL,NULL),
	(117,'drg. Andy Yok Siswosaputro, M.Kes','107110401','107110401@uii.ac.id',NULL,NULL,NULL,NULL,NULL,NULL,NULL,NULL),
	(118,'Prof. Dr. dr. H. Soewadi, MPH, Sp.KJ(K)','077110437','077110437@uii.ac.id',NULL,NULL,NULL,NULL,NULL,NULL,NULL,NULL),
	(119,'Prof.Dr.dr.H.Rusdi Lamsudin, M.Med.Sc., Sp.S(K)','017110301','017110301@uii.ac.id',NULL,NULL,NULL,NULL,NULL,NULL,NULL,NULL),
	(120,'dr. Sofyan Suri Susilo Hadi, Sp.THT','037110416','037110416@uii.ac.id',NULL,NULL,NULL,NULL,NULL,NULL,NULL,NULL),
	(121,'Afivudien Muhammad, A.Md.AK.','037104404','037104404@uii.ac.id',NULL,NULL,NULL,NULL,NULL,NULL,NULL,NULL),
	(122,'Ahsan Agung Pribadi, A.Md.AK.','101002211','101002211@uii.ac.id',NULL,NULL,NULL,NULL,NULL,NULL,NULL,NULL),
	(123,'Ali Ubaidilah','011002430','011002430@uii.ac.id',NULL,NULL,NULL,NULL,NULL,NULL,NULL,NULL),
	(124,'Angkit Daru Prihatmoko, A.Md.AK.','157112504','157112504@uii.ac.id',NULL,NULL,NULL,NULL,NULL,NULL,NULL,NULL),
	(125,'Anny Hardiyah, A.Md.','017102402','017102402@uii.ac.id',NULL,NULL,NULL,NULL,NULL,NULL,NULL,NULL),
	(126,'Antari Retno Bintarti','007102401','007102401@uii.ac.id',NULL,NULL,NULL,NULL,NULL,NULL,NULL,NULL),
	(127,'Anton Risparyanto, S.Sos., M.IP. ','961002102','961002102@uii.ac.id',NULL,NULL,NULL,NULL,NULL,NULL,NULL,NULL),
	(128,'Arif Kuncoro, S.IP.','037102401','037102401@uii.ac.id',NULL,NULL,NULL,NULL,NULL,NULL,NULL,NULL),
	(129,'Aryanto','051002407','051002407@uii.ac.id',NULL,NULL,NULL,NULL,NULL,NULL,NULL,NULL),
	(130,'Atik Suharni, A.MK.','051002408','051002408@uii.ac.id',NULL,NULL,NULL,NULL,NULL,NULL,NULL,NULL),
	(131,'Dani Eko Siswantoro','017102405','017102405@uii.ac.id',NULL,NULL,NULL,NULL,NULL,NULL,NULL,NULL),
	(132,'Dinda Luki Tiara Isti, A.Md.AK.','151002222','151002222@uii.ac.id',NULL,NULL,NULL,NULL,NULL,NULL,NULL,NULL),
	(133,'Dwi Lestari, A.MK.','017104416','017104416@uii.ac.id',NULL,NULL,NULL,NULL,NULL,NULL,NULL,NULL),
	(134,'Eddy Susanto','047102401','047102401@uii.ac.id',NULL,NULL,NULL,NULL,NULL,NULL,NULL,NULL),
	(135,'Eni Mawarti, S.Pd.I.','111002226','111002226@uii.ac.id',NULL,NULL,NULL,NULL,NULL,NULL,NULL,NULL),
	(136,'Ernadita Budiastuti, A.Md.AK., S.Si','101002212','101002212@uii.ac.id',NULL,NULL,NULL,NULL,NULL,NULL,NULL,NULL),
	(137,'Guntoro','017104417','017104417@uii.ac.id',NULL,NULL,NULL,NULL,NULL,NULL,NULL,NULL),
	(138,'Hana Isnaini Al Husna, S.T., M.A','031002410','031002410@uii.ac.id',NULL,NULL,NULL,NULL,NULL,NULL,NULL,NULL),
	(139,'Heni Fajarwati, S.T.','091002219','091002219@uii.ac.id',NULL,NULL,NULL,NULL,NULL,NULL,NULL,NULL),
	(140,'Isnanto','121002203','121002203@uii.ac.id',NULL,NULL,NULL,NULL,NULL,NULL,NULL,NULL),
	(141,'Isti Ari Agusnivianti, A.Md.','037102403','037102403@uii.ac.id',NULL,NULL,NULL,NULL,NULL,NULL,NULL,NULL),
	(142,'Joy Falah Zamnuri','051002463','051002463@uii.ac.id',NULL,NULL,NULL,NULL,NULL,NULL,NULL,NULL),
	(143,'Jumiran','013202406','013202406@uii.ac.id',NULL,NULL,NULL,NULL,NULL,NULL,NULL,NULL),
	(144,'M. Abas Kurnaen','041002413','041002413@uii.ac.id',NULL,NULL,NULL,NULL,NULL,NULL,NULL,NULL),
	(145,'Marfi Kurniati, S.E','157112502','157112502@uii.ac.id',NULL,NULL,NULL,NULL,NULL,NULL,NULL,NULL),
	(146,'Marlina Anggraeni, S.Pt','151002225','151002225@uii.ac.id',NULL,NULL,NULL,NULL,NULL,NULL,NULL,NULL),
	(147,'Muhammad  Lukman, S.I.Kom','027102401','027102401@uii.ac.id',NULL,NULL,NULL,NULL,NULL,NULL,NULL,NULL),
	(148,'Muhammad Ali Muharom','011002423','011002423@uii.ac.id',NULL,NULL,NULL,NULL,NULL,NULL,NULL,NULL),
	(149,'Muhammad Zainudin Al Amin, S.Kom','177102501','177102501@uii.ac.id',NULL,NULL,NULL,NULL,NULL,NULL,NULL,NULL),
	(150,'Mujiyanto, S.Si.','111002227','111002227@uii.ac.id',NULL,NULL,NULL,NULL,NULL,NULL,NULL,NULL),
	(151,'Naufal Bin Naffan','111002228','111002228@uii.ac.id',NULL,NULL,NULL,NULL,NULL,NULL,NULL,NULL),
	(152,'Neni Nuraini','971002136','971002136@uii.ac.id',NULL,NULL,NULL,NULL,NULL,NULL,NULL,NULL),
	(153,'Nur Aisyah Jamil, A.Md.AK.','101002210','101002210@uii.ac.id',NULL,NULL,NULL,NULL,NULL,NULL,NULL,NULL),
	(154,'Nur Indah Yogadiasti, S.Sos','101007101','101007101@uii.ac.id',NULL,NULL,NULL,NULL,NULL,NULL,NULL,NULL),
	(155,'Nur Khairudin','101002224','101002224@uii.ac.id',NULL,NULL,NULL,NULL,NULL,NULL,NULL,NULL),
	(156,'Ponimin, S.E','031002404','031002404@uii.ac.id',NULL,NULL,NULL,NULL,NULL,NULL,NULL,NULL),
	(157,'Ramansyah, S.Kom, M.Kom','157112503','157112503@uii.ac.id',NULL,NULL,NULL,NULL,NULL,NULL,NULL,NULL),
	(158,'Redi Giyarti, A.Md. ','931002125','931002125@uii.ac.id',NULL,NULL,NULL,NULL,NULL,NULL,NULL,NULL),
	(159,'Rina Wahyuningsih, A.Md. ','971002108','971002108@uii.ac.id',NULL,NULL,NULL,NULL,NULL,NULL,NULL,NULL),
	(160,'Robit Sanusi, S.Kom','061002408','061002408@uii.ac.id',NULL,NULL,NULL,NULL,NULL,NULL,NULL,NULL),
	(161,'Romdani Prayitno, A.Md.','051002411','051002411@uii.ac.id',NULL,NULL,NULL,NULL,NULL,NULL,NULL,NULL),
	(162,'Rusdi Kamtana','047102403','047102403@uii.ac.id',NULL,NULL,NULL,NULL,NULL,NULL,NULL,NULL),
	(163,'Sigit Dermawan, S.Sos.','017102412','017102412@uii.ac.id',NULL,NULL,NULL,NULL,NULL,NULL,NULL,NULL),
	(164,'Siti Nadhiroh, S.E.','911002135','911002135@uii.ac.id',NULL,NULL,NULL,NULL,NULL,NULL,NULL,NULL),
	(165,'Siti Nur Awwalu Lathifatul Marfuah, A.Md.Kep.','071002237','071002237@uii.ac.id',NULL,NULL,NULL,NULL,NULL,NULL,NULL,NULL),
	(166,'Sri Patmawati, AMK.','071002238','071002238@uii.ac.id',NULL,NULL,NULL,NULL,NULL,NULL,NULL,NULL),
	(167,'Sri Widayati, A.Md.AK.','037104408','037104408@uii.ac.id',NULL,NULL,NULL,NULL,NULL,NULL,NULL,NULL),
	(168,'Sugiyono','017104419','017104419@uii.ac.id',NULL,NULL,NULL,NULL,NULL,NULL,NULL,NULL),
	(169,'Sujono, S.Kom., M.Kom','991002403','991002403@uii.ac.id',NULL,NULL,NULL,NULL,NULL,NULL,NULL,NULL),
	(170,'Sumantoro','011002443','011002443@uii.ac.id',NULL,NULL,NULL,NULL,NULL,NULL,NULL,NULL),
	(171,'Sus Purnomo, S.E.','071002243','071002243@uii.ac.id',NULL,NULL,NULL,NULL,NULL,NULL,NULL,NULL),
	(172,'Syukriyani Rochmawati, S.T.','137112502','137112502@uii.ac.id',NULL,NULL,NULL,NULL,NULL,NULL,NULL,NULL),
	(173,'Teguh Imam Pambudi, S.T.','051002412','051002412@uii.ac.id',NULL,NULL,NULL,NULL,NULL,NULL,NULL,NULL),
	(174,'Tri Nuraini','017102414','017102414@uii.ac.id',NULL,NULL,NULL,NULL,NULL,NULL,NULL,NULL),
	(175,'Tri Suwarno, S.Kom, M.Kom','091002224','091002224@uii.ac.id',NULL,NULL,NULL,NULL,NULL,NULL,NULL,NULL),
	(176,'Triman','981002106','981002106@uii.ac.id',NULL,NULL,NULL,NULL,NULL,NULL,NULL,NULL),
	(177,'Udin Priyono, S.Pd.Si.','111002231','111002231@uii.ac.id',NULL,NULL,NULL,NULL,NULL,NULL,NULL,NULL),
	(178,'Wahyu Adji Nugroho, S.Sos.','111002232','111002232@uii.ac.id',NULL,NULL,NULL,NULL,NULL,NULL,NULL,NULL),
	(179,'Wibowo, S.Kom., M.M.','017102415','017102415@uii.ac.id',NULL,NULL,NULL,NULL,NULL,NULL,NULL,NULL),
	(180,'Yunita Ema Hapsari, S.E.','051002413','051002413@uii.ac.id',NULL,NULL,NULL,NULL,NULL,NULL,NULL,NULL),
	(181,'Hari Setiaji, S.Kom., M.Eng','115230402','115230402@uii.ac.id',NULL,NULL,NULL,NULL,NULL,NULL,NULL,NULL),
	(182,'dr. Ima Dewi Rosmawati, M.Sc., Sp.THT-KL','8973030021','8973030021@uii.ac.id',NULL,NULL,NULL,NULL,NULL,NULL,NULL,NULL),
	(183,'dr. Wahyu Dwi Atmoko, Sp.F','8953030021','8953030021@uii.ac.id',NULL,NULL,NULL,NULL,NULL,NULL,NULL,NULL),
	(184,'dr. Rina Juwita, Sp.PD','8998720021','8998720021@uii.ac.id',NULL,NULL,NULL,NULL,NULL,NULL,NULL,NULL),
	(185,'dr. Nur Cahyani Setiawati, Sp.S','8933030021','8933030021@uii.ac.id',NULL,NULL,NULL,NULL,NULL,NULL,NULL,NULL),
	(186,'dr. Miratri Winny Risadini, Sp.KK','8923030021','8923030021@uii.ac.id',NULL,NULL,NULL,NULL,NULL,NULL,NULL,NULL),
	(187,'dr. Ani Yulianti, Sp.S','8992030021','8992030021@uii.ac.id',NULL,NULL,NULL,NULL,NULL,NULL,NULL,NULL),
	(188,'dr. Edy Purwanto, M.Si.Med., Sp.PK(K)','8927850022','8927850022@uii.ac.id',NULL,NULL,NULL,NULL,NULL,NULL,NULL,NULL),
	(189,'dr. Yosie Arief Sanjaya, Sp.AN., FIPM','8982820021','8982820021@uii.ac.id',NULL,NULL,NULL,NULL,NULL,NULL,NULL,NULL),
	(190,'dr. R. Prasetyo Budi Dewanto, M.Sc., Sp.Rad','8986850022','8986850022@uii.ac.id',NULL,NULL,NULL,NULL,NULL,NULL,NULL,NULL),
	(191,'dr. Akbar Zulkifli Osman, Sp.KJ., M.Kes','8929920021','8929920021@uii.ac.id',NULL,NULL,NULL,NULL,NULL,NULL,NULL,NULL),
	(192,'dr. Hanifa Agung Kurniawan, M.Sc., Sp.An','8903030021','8903030021@uii.ac.id',NULL,NULL,NULL,NULL,NULL,NULL,NULL,NULL),
	(193,'dr. Leni Yusanti, M.Sc., Sp.THT-KL','8913030021','8913030021@uii.ac.id',NULL,NULL,NULL,NULL,NULL,NULL,NULL,NULL),
	(194,'dr. Nurul Aini, M.Sc., Sp.PD','8943030021','8943030021@uii.ac.id',NULL,NULL,NULL,NULL,NULL,NULL,NULL,NULL),
	(195,'dr. Endrawati Tri Bowo, M.Sc., Sp.Rad(K)','8917850022','8917850022@uii.ac.id',NULL,NULL,NULL,NULL,NULL,NULL,NULL,NULL),
	(196,'dr. Nia Ariasti, Sp.M','8972820021','8972820021@uii.ac.id',NULL,NULL,NULL,NULL,NULL,NULL,NULL,NULL),
	(197,'dr. Anita Rohmah, Sp.OG','8952820021','8952820021@uii.ac.id',NULL,NULL,NULL,NULL,NULL,NULL,NULL,NULL),
	(198,'dr. Eny Musarifah, M.Sc., Sp.Rad','8929720021','8929720021@uii.ac.id',NULL,NULL,NULL,NULL,NULL,NULL,NULL,NULL),
	(199,'dr. Achmad Suparmono, Sp.OG','8962820021','8962820021@uii.ac.id',NULL,NULL,NULL,NULL,NULL,NULL,NULL,NULL),
	(200,'dr. Aji Pangki Asmaya, Sp.B','8919720021','8919720021@uii.ac.id',NULL,NULL,NULL,NULL,NULL,NULL,NULL,NULL),
	(201,'DR. dr. Bambang Udji Djoko Rianto, Sp.THT(K)., M.Kes','8830500016','8830500016@uii.ac.id',NULL,NULL,NULL,NULL,NULL,NULL,NULL,NULL),
	(202,'dr. Desvialin Ulfa Talitha','237110401','237110401@uii.ac.id',NULL,NULL,NULL,NULL,NULL,NULL,NULL,NULL),
	(203,'dr. Laksmi Damayanti','237110402','237110402@uii.ac.id',NULL,NULL,NULL,NULL,NULL,NULL,NULL,NULL),
	(204,'dr. Muhammad Addinul Huda, Sp.P','237110403','237110403@uii.ac.id',NULL,NULL,NULL,NULL,NULL,NULL,NULL,NULL),
	(205,'dr. Muhammad Fathi Banna Al Faruqi','237110404','237110404@uii.ac.id',NULL,NULL,NULL,NULL,NULL,NULL,NULL,NULL),
	(206,'dr. Rizki Hafidzah Baswedan','237110405','237110405@uii.ac.id',NULL,NULL,NULL,NULL,NULL,NULL,NULL,NULL),
	(207,'Desita Dwi Rahmatulloh, S.I.Kom','231002113','231002113@uii.ac.id',NULL,NULL,NULL,NULL,NULL,NULL,NULL,NULL),
	(208,'Arvin Muhammad Maulana, SE','231002106','231002106@uii.ac.id',NULL,NULL,NULL,NULL,NULL,NULL,NULL,NULL),
	(209,'Irfan Hilmi, S.Pd.','231002125','231002125@uii.ac.id',NULL,NULL,NULL,NULL,NULL,NULL,NULL,NULL),
	(210,'dr. Ninda Devita, M.Biomed','167110410','167110410@uii.ac.id',NULL,NULL,NULL,NULL,NULL,NULL,NULL,NULL),
	(211,'dr. Arini Rizky Wijayanti, Sp.PA','237110407','237110407@uii.ac.id',NULL,NULL,NULL,NULL,NULL,NULL,NULL,NULL),
	(212,'dr. Prita Murani Nugraheti, M.Med.Sc., Sp.PK','237110108','237110108@uii.ac.id',NULL,NULL,NULL,NULL,NULL,NULL,NULL,NULL),
	(213,'Erawati Lestari, A.Md','931002140','931002140@uii.ac.id',NULL,NULL,NULL,NULL,NULL,NULL,NULL,NULL),
	(214,'Masirah, A.Md','931002139','931002139@uii.ac.id',NULL,NULL,NULL,NULL,NULL,NULL,NULL,NULL),
	(215,'Dr. Utami, S.Kep., Ners., M.Kes','237111301','237111301@uii.ac.id',NULL,NULL,NULL,NULL,NULL,NULL,NULL,NULL),
	(216,'dr. Nasya Kamila Tsania Mas\'udi, MHPE','247110404','247110404@uii.ac.id',NULL,NULL,NULL,NULL,NULL,NULL,NULL,NULL),
	(217,'dr. Bayu Pratama Putra, Ph.D','247110402','247110402@uii.ac.id',NULL,NULL,NULL,NULL,NULL,NULL,NULL,NULL),
	(218,'dr. Intan Noor Hanifa, M.Sc','247110403','247110403@uii.ac.id',NULL,NULL,NULL,NULL,NULL,NULL,NULL,NULL),
	(219,'dr. Ahmad Mufattan','247110401','247110401@uii.ac.id',NULL,NULL,NULL,NULL,NULL,NULL,NULL,NULL),
	(220,'Indah Istianah, S.Ak.','241002119','241002119@uii.ac.id',NULL,NULL,NULL,NULL,NULL,NULL,NULL,NULL),
	(221,'Dina Aulia Rahman, S.Pd.','241002114','241002114@uii.ac.id',NULL,NULL,NULL,NULL,NULL,NULL,NULL,NULL),
	(222,'Rahma Sabila, S.Tr.Kes.','241003306','241003306@uii.ac.id',NULL,NULL,NULL,NULL,NULL,NULL,NULL,NULL),
	(223,'Nurkholis Ipang Ripai','247102601','247102601@uii.ac.id',NULL,NULL,NULL,NULL,NULL,NULL,NULL,NULL),
	(224,'Wazim Bachtiar Wanodyana','247102602','247102602@uii.ac.id',NULL,NULL,NULL,NULL,NULL,NULL,NULL,NULL),
	(225,'Imam Khoiri','247102603','247102603@uii.ac.id',NULL,NULL,NULL,NULL,NULL,NULL,NULL,NULL),
	(226,'Andra Gita Arumsari','257110401','257110401@uii.ac.id',NULL,NULL,NULL,NULL,NULL,NULL,NULL,NULL),
	(227,'Arvi Tri Sulistyani','257110402','257110402@uii.ac.id',NULL,NULL,NULL,NULL,NULL,NULL,NULL,NULL),
	(228,'Shafarina Maulia Prasudia','257110403','257110403@uii.ac.id',NULL,NULL,NULL,NULL,NULL,NULL,NULL,NULL),
	(229,'Rivadin Nurwan','257110404','257110404@uii.ac.id',NULL,NULL,NULL,NULL,NULL,NULL,NULL,NULL),
	(230,'SHALIMA ABELA DIBA','24712298','24712298@students.uii.ac.id',NULL,NULL,NULL,NULL,NULL,NULL,NULL,NULL),
	(231,'ADITYO SURYO WASISTO','22712001','22712001@students.uii.ac.id',NULL,NULL,NULL,NULL,NULL,NULL,NULL,NULL),
	(232,'WISKA VERRENZA','22712002','22712002@students.uii.ac.id',NULL,NULL,NULL,NULL,NULL,NULL,NULL,NULL),
	(233,'SINGGIH WASKITO','22712003','22712003@students.uii.ac.id',NULL,NULL,NULL,NULL,NULL,NULL,NULL,NULL),
	(234,'AHMAD NIZAM ANNIFARI','22712004','22712004@students.uii.ac.id',NULL,NULL,NULL,NULL,NULL,NULL,NULL,NULL),
	(235,'ZIDA CHABIBAH','22712005','22712005@students.uii.ac.id',NULL,NULL,NULL,NULL,NULL,NULL,NULL,NULL),
	(236,'I GEDE SURYA PERMANA','22712006','22712006@students.uii.ac.id',NULL,NULL,NULL,NULL,NULL,NULL,NULL,NULL),
	(237,'VIA RUSTIANI','22712007','22712007@students.uii.ac.id',NULL,NULL,NULL,NULL,NULL,NULL,NULL,NULL),
	(238,'NURUL FATIMAH MAULA','22712008','22712008@students.uii.ac.id',NULL,NULL,NULL,NULL,NULL,NULL,NULL,NULL),
	(239,'WISEISA ADI SUBROTO','22712009','22712009@students.uii.ac.id',NULL,NULL,NULL,NULL,NULL,NULL,NULL,NULL),
	(240,'M. FADILA RUSDI. AS','22712010','22712010@students.uii.ac.id',NULL,NULL,NULL,NULL,NULL,NULL,NULL,NULL),
	(241,'ANTIKA AYU PUTRI CAHYANI','22712011','22712011@students.uii.ac.id',NULL,NULL,NULL,NULL,NULL,NULL,NULL,NULL),
	(242,'FADHEELA SALMAA PUTRIDEWI','22712012','22712012@students.uii.ac.id',NULL,NULL,NULL,NULL,NULL,NULL,NULL,NULL),
	(243,'JAMALUDDIN HAIKHAH','22712013','22712013@students.uii.ac.id',NULL,NULL,NULL,NULL,NULL,NULL,NULL,NULL),
	(244,'NADYA AMALIA FEBRIAN NUR','22712014','22712014@students.uii.ac.id',NULL,NULL,NULL,NULL,NULL,NULL,NULL,NULL),
	(245,'SYAFIRA LAILA NURULITA','22712015','22712015@students.uii.ac.id',NULL,NULL,NULL,NULL,NULL,NULL,NULL,NULL),
	(246,'AMANDA VIANY SAVIRA','22712016','22712016@students.uii.ac.id',NULL,NULL,NULL,NULL,NULL,NULL,NULL,NULL),
	(247,'DIVA BERLIANA ADHYAKSA','22712017','22712017@students.uii.ac.id',NULL,NULL,NULL,NULL,NULL,NULL,NULL,NULL),
	(248,'JUNE REFONDA SANGPA SAFIRA','22712018','22712018@students.uii.ac.id',NULL,NULL,NULL,NULL,NULL,NULL,NULL,NULL),
	(249,'EVANIA TASNIM FAUZIAH','22712019','22712019@students.uii.ac.id',NULL,NULL,NULL,NULL,NULL,NULL,NULL,NULL),
	(250,'MUHAMMAD FALAH GHANI NURUDDIN','22712020','22712020@students.uii.ac.id',NULL,NULL,NULL,NULL,NULL,NULL,NULL,NULL),
	(251,'RAISA ARUM ALIFA PUTRI','22712021','22712021@students.uii.ac.id',NULL,NULL,NULL,NULL,NULL,NULL,NULL,NULL),
	(252,'HAFIDHANIA PENADI','22712022','22712022@students.uii.ac.id',NULL,NULL,NULL,NULL,NULL,NULL,NULL,NULL),
	(253,'RIDHWANAH NADHIRATUZ ZAHRAH','22712023','22712023@students.uii.ac.id',NULL,NULL,NULL,NULL,NULL,NULL,NULL,NULL),
	(254,'MUHAMMAD LUTHFI MAHRUS','22712024','22712024@students.uii.ac.id',NULL,NULL,NULL,NULL,NULL,NULL,NULL,NULL),
	(255,'NAUFAL ARIF ISMAIL','22712025','22712025@students.uii.ac.id',NULL,NULL,NULL,NULL,NULL,NULL,NULL,NULL),
	(256,'MOHAMAD RIZKI ADI PRASETYO','22712026','22712026@students.uii.ac.id',NULL,NULL,NULL,NULL,NULL,NULL,NULL,NULL),
	(257,'BERLYAN SEKAR WINAHYU','22712027','22712027@students.uii.ac.id',NULL,NULL,NULL,NULL,NULL,NULL,NULL,NULL),
	(258,'MUHAMMAD FARID ADNAN','22712028','22712028@students.uii.ac.id',NULL,NULL,NULL,NULL,NULL,NULL,NULL,NULL),
	(259,'HASNA SYAVIEND HAVIZZAH','22712029','22712029@students.uii.ac.id',NULL,NULL,NULL,NULL,NULL,NULL,NULL,NULL),
	(260,'DITHA MELANIA SUWANDI','22712030','22712030@students.uii.ac.id',NULL,NULL,NULL,NULL,NULL,NULL,NULL,NULL),
	(261,'FAVIAN HANDRY TSANY','22712031','22712031@students.uii.ac.id',NULL,NULL,NULL,NULL,NULL,NULL,NULL,NULL),
	(262,'JANNETA FILZA AULADWASASYAH','22712032','22712032@students.uii.ac.id',NULL,NULL,NULL,NULL,NULL,NULL,NULL,NULL),
	(263,'FARUQ MUHAMMAD SYUKRON','22712033','22712033@students.uii.ac.id',NULL,NULL,NULL,NULL,NULL,NULL,NULL,NULL),
	(264,'LABIBAH GINA SALMA','22712034','22712034@students.uii.ac.id',NULL,NULL,NULL,NULL,NULL,NULL,NULL,NULL),
	(265,'MUHAMMAD ZAKY','22712035','22712035@students.uii.ac.id',NULL,NULL,NULL,NULL,NULL,NULL,NULL,NULL),
	(266,'RULIANTY FEBRIANI','22712036','22712036@students.uii.ac.id',NULL,NULL,NULL,NULL,NULL,NULL,NULL,NULL),
	(267,'NANDA ADHIKA BAGASWARA','22712037','22712037@students.uii.ac.id',NULL,NULL,NULL,NULL,NULL,NULL,NULL,NULL),
	(268,'DIANITA AMIRA SALMA','22712038','22712038@students.uii.ac.id',NULL,NULL,NULL,NULL,NULL,NULL,NULL,NULL),
	(269,'GITA AZKA NABIILA','22712039','22712039@students.uii.ac.id',NULL,NULL,NULL,NULL,NULL,NULL,NULL,NULL),
	(270,'ALVIN RAHMAT SETIAWAN','22712040','22712040@students.uii.ac.id',NULL,NULL,NULL,NULL,NULL,NULL,NULL,NULL),
	(271,'SYIFA HANANI RAMADHANTI','22712041','22712041@students.uii.ac.id',NULL,NULL,NULL,NULL,NULL,NULL,NULL,NULL),
	(272,'NABILA MAULIDA RACHMAN','22712042','22712042@students.uii.ac.id',NULL,NULL,NULL,NULL,NULL,NULL,NULL,NULL),
	(273,'ALIVIA RIZQIYANA DEWI','22712043','22712043@students.uii.ac.id',NULL,NULL,NULL,NULL,NULL,NULL,NULL,NULL),
	(274,'MUHAMMAD ADAM PRABASUNU','22712044','22712044@students.uii.ac.id',NULL,NULL,NULL,NULL,NULL,NULL,NULL,NULL),
	(275,'MARCELLINO SABASTIAN ANANTA','22712045','22712045@students.uii.ac.id',NULL,NULL,NULL,NULL,NULL,NULL,NULL,NULL),
	(276,'HUSNUL ARIDHA','22712046','22712046@students.uii.ac.id',NULL,NULL,NULL,NULL,NULL,NULL,NULL,NULL),
	(277,'INDIRA AZ-ZAHRA PUTRI AGUSTINO','22712047','22712047@students.uii.ac.id',NULL,NULL,NULL,NULL,NULL,NULL,NULL,NULL),
	(278,'CLARINTA BELVA SABINA','22712048','22712048@students.uii.ac.id',NULL,NULL,NULL,NULL,NULL,NULL,NULL,NULL),
	(279,'TALENTA NUGROHO SURYANTO MAHARDHIKA','22712049','22712049@students.uii.ac.id',NULL,NULL,NULL,NULL,NULL,NULL,NULL,NULL),
	(280,'PUTRI NANDA ELVIRA','22712050','22712050@students.uii.ac.id',NULL,NULL,NULL,NULL,NULL,NULL,NULL,NULL),
	(281,'HELVIA NABELLA','22712051','22712051@students.uii.ac.id',NULL,NULL,NULL,NULL,NULL,NULL,NULL,NULL),
	(282,'AULIYA RAHMAWATI','22712052','22712052@students.uii.ac.id',NULL,NULL,NULL,NULL,NULL,NULL,NULL,NULL),
	(283,'NAVIDA PRAMESTY','22712053','22712053@students.uii.ac.id',NULL,NULL,NULL,NULL,NULL,NULL,NULL,NULL),
	(284,'FEBIAWAN ISMUNANDAR','22712054','22712054@students.uii.ac.id',NULL,NULL,NULL,NULL,NULL,NULL,NULL,NULL),
	(285,'DINDA NAWANG SARI','22712055','22712055@students.uii.ac.id',NULL,NULL,NULL,NULL,NULL,NULL,NULL,NULL),
	(286,'LATIFA IVANKA','22712056','22712056@students.uii.ac.id',NULL,NULL,NULL,NULL,NULL,NULL,NULL,NULL),
	(287,'ARDIAN RIZKY MA\'ARIF MAHMUDA','22712057','22712057@students.uii.ac.id',NULL,NULL,NULL,NULL,NULL,NULL,NULL,NULL),
	(288,'MUHAMMAD ILHAM HAFIDZ','22712058','22712058@students.uii.ac.id',NULL,NULL,NULL,NULL,NULL,NULL,NULL,NULL),
	(289,'LUTHFIA ARIDARMIATI PUTRI','22712059','22712059@students.uii.ac.id',NULL,NULL,NULL,NULL,NULL,NULL,NULL,NULL),
	(290,'SALAMA SUCI NURANI','22712060','22712060@students.uii.ac.id',NULL,NULL,NULL,NULL,NULL,NULL,NULL,NULL),
	(291,'NIKY SAFFANATUL MAULA','22712061','22712061@students.uii.ac.id',NULL,NULL,NULL,NULL,NULL,NULL,NULL,NULL),
	(292,'ENDAH SARI RATNA KUMALA','22712062','22712062@students.uii.ac.id',NULL,NULL,NULL,NULL,NULL,NULL,NULL,NULL),
	(293,'DANAN BUDI PRIMADI','22712063','22712063@students.uii.ac.id',NULL,NULL,NULL,NULL,NULL,NULL,NULL,NULL),
	(294,'DINA AYU PRAMESWARI','22712064','22712064@students.uii.ac.id',NULL,NULL,NULL,NULL,NULL,NULL,NULL,NULL),
	(295,'SITI ANITA APRILIA','22712065','22712065@students.uii.ac.id',NULL,NULL,NULL,NULL,NULL,NULL,NULL,NULL),
	(296,'RIFQI FIRDAUS','22712066','22712066@students.uii.ac.id',NULL,NULL,NULL,NULL,NULL,NULL,NULL,NULL),
	(297,'DYAH ANGGRAENI','22712067','22712067@students.uii.ac.id',NULL,NULL,NULL,NULL,NULL,NULL,NULL,NULL),
	(298,'ELVIRA RAHMA KARMEILIA','22712068','22712068@students.uii.ac.id',NULL,NULL,NULL,NULL,NULL,NULL,NULL,NULL),
	(299,'NADIA NABILA BALQIS','22712069','22712069@students.uii.ac.id',NULL,NULL,NULL,NULL,NULL,NULL,NULL,NULL),
	(300,'MUHAMMAD MUZAFFAR FAZA','22712070','22712070@students.uii.ac.id',NULL,NULL,NULL,NULL,NULL,NULL,NULL,NULL),
	(301,'QO\'IT MUHAMMAD ABDUL GHALIB','22712071','22712071@students.uii.ac.id',NULL,NULL,NULL,NULL,NULL,NULL,NULL,NULL),
	(302,'DIVANA NUR FARIHA SUTOMO','22712072','22712072@students.uii.ac.id',NULL,NULL,NULL,NULL,NULL,NULL,NULL,NULL),
	(303,'MUHAMMAD IKHLASUL AMAL','22712073','22712073@students.uii.ac.id',NULL,NULL,NULL,NULL,NULL,NULL,NULL,NULL),
	(304,'MELLY RAHMAWATI','22712074','22712074@students.uii.ac.id',NULL,NULL,NULL,NULL,NULL,NULL,NULL,NULL),
	(305,'RAIHAN KARIMA','22712075','22712075@students.uii.ac.id',NULL,NULL,NULL,NULL,NULL,NULL,NULL,NULL),
	(306,'AKMAL WIDI RAKHMANTO','22712076','22712076@students.uii.ac.id',NULL,NULL,NULL,NULL,NULL,NULL,NULL,NULL),
	(307,'ANIFA IZDIHARA','22712077','22712077@students.uii.ac.id',NULL,NULL,NULL,NULL,NULL,NULL,NULL,NULL),
	(308,'DAFFA ADHITAMA PUTRA','22712078','22712078@students.uii.ac.id',NULL,NULL,NULL,NULL,NULL,NULL,NULL,NULL),
	(309,'MUTIARA SEKAR AYU ADHEPUTRI','22712079','22712079@students.uii.ac.id',NULL,NULL,NULL,NULL,NULL,NULL,NULL,NULL),
	(310,'AYUVITA ALIFA RAHMAN','22712080','22712080@students.uii.ac.id',NULL,NULL,NULL,NULL,NULL,NULL,NULL,NULL),
	(311,'MUHAMMAD ZENRYU ASMARA','22712081','22712081@students.uii.ac.id',NULL,NULL,NULL,NULL,NULL,NULL,NULL,NULL),
	(312,'GHINA ANNISA MUSTHAFA','22712082','22712082@students.uii.ac.id',NULL,NULL,NULL,NULL,NULL,NULL,NULL,NULL),
	(313,'HASNA AQILAH JASMINE','22712083','22712083@students.uii.ac.id',NULL,NULL,NULL,NULL,NULL,NULL,NULL,NULL),
	(314,'FADILA NATASYA TAHIR','22712084','22712084@students.uii.ac.id',NULL,NULL,NULL,NULL,NULL,NULL,NULL,NULL),
	(315,'AULIA HAMADA JOHAR','22712085','22712085@students.uii.ac.id',NULL,NULL,NULL,NULL,NULL,NULL,NULL,NULL),
	(316,'KHAIRUNNISA','22712086','22712086@students.uii.ac.id',NULL,NULL,NULL,NULL,NULL,NULL,NULL,NULL),
	(317,'HELGA FEBRINA KINAYAHNTY','22712087','22712087@students.uii.ac.id',NULL,NULL,NULL,NULL,NULL,NULL,NULL,NULL),
	(318,'GAVIN IZZA MUHAMMAD','22712088','22712088@students.uii.ac.id',NULL,NULL,NULL,NULL,NULL,NULL,NULL,NULL),
	(319,'DAYU ZAKY NAFIANO','22712089','22712089@students.uii.ac.id',NULL,NULL,NULL,NULL,NULL,NULL,NULL,NULL),
	(320,'PRABASWARA ULUNG LINUWIH','22712090','22712090@students.uii.ac.id',NULL,NULL,NULL,NULL,NULL,NULL,NULL,NULL),
	(321,'OLIVIA PUTERI SAKINAH','22712091','22712091@students.uii.ac.id',NULL,NULL,NULL,NULL,NULL,NULL,NULL,NULL),
	(322,'NUR HAQQI FAUZIA','22712092','22712092@students.uii.ac.id',NULL,NULL,NULL,NULL,NULL,NULL,NULL,NULL),
	(323,'ADELIA TASYA VIRGINIA','22712093','22712093@students.uii.ac.id',NULL,NULL,NULL,NULL,NULL,NULL,NULL,NULL),
	(324,'FADILA HUSNIA RAHMA','22712094','22712094@students.uii.ac.id',NULL,NULL,NULL,NULL,NULL,NULL,NULL,NULL),
	(325,'ALZENA ZADA NUR SAFIRA','22712095','22712095@students.uii.ac.id',NULL,NULL,NULL,NULL,NULL,NULL,NULL,NULL),
	(326,'KHUROTUL AKYUNIN','22712096','22712096@students.uii.ac.id',NULL,NULL,NULL,NULL,NULL,NULL,NULL,NULL),
	(327,'HINGGIL NUGROHO','22712097','22712097@students.uii.ac.id',NULL,NULL,NULL,NULL,NULL,NULL,NULL,NULL),
	(328,'SAFIRA ROSA DIVYAPUTRI','22712098','22712098@students.uii.ac.id',NULL,NULL,NULL,NULL,NULL,NULL,NULL,NULL),
	(329,'FAJRIYATI DWI MULYANI','22712099','22712099@students.uii.ac.id',NULL,NULL,NULL,NULL,NULL,NULL,NULL,NULL),
	(330,'IRSALINA NUR TIMAMI','22712100','22712100@students.uii.ac.id',NULL,NULL,NULL,NULL,NULL,NULL,NULL,NULL),
	(331,'NISRINA HANIFAH AFNAN','22712101','22712101@students.uii.ac.id',NULL,NULL,NULL,NULL,NULL,NULL,NULL,NULL),
	(332,'ALFIA QURROTA AYUN','22712102','22712102@students.uii.ac.id',NULL,NULL,NULL,NULL,NULL,NULL,NULL,NULL),
	(333,'CALISTA MUTIARA ATSMARA','22712103','22712103@students.uii.ac.id',NULL,NULL,NULL,NULL,NULL,NULL,NULL,NULL),
	(334,'SALSABILA DINDA NUGRAHA','22712104','22712104@students.uii.ac.id',NULL,NULL,NULL,NULL,NULL,NULL,NULL,NULL),
	(335,'AGIL FERDIANSYAH AHMAD','22712105','22712105@students.uii.ac.id',NULL,NULL,NULL,NULL,NULL,NULL,NULL,NULL),
	(336,'DINDA THRUSDAYANA','22712106','22712106@students.uii.ac.id',NULL,NULL,NULL,NULL,NULL,NULL,NULL,NULL),
	(337,'NADIFA AZZAHRA PUTRI','22712107','22712107@students.uii.ac.id',NULL,NULL,NULL,NULL,NULL,NULL,NULL,NULL),
	(338,'YOGA CAESAR ANANTA','22712108','22712108@students.uii.ac.id',NULL,NULL,NULL,NULL,NULL,NULL,NULL,NULL),
	(339,'FAISAL RAMLI','22712109','22712109@students.uii.ac.id',NULL,NULL,NULL,NULL,NULL,NULL,NULL,NULL),
	(340,'ADILLA MUTIARA ZAHRAH','22712110','22712110@students.uii.ac.id',NULL,NULL,NULL,NULL,NULL,NULL,NULL,NULL),
	(341,'HASNA NUR SETIYANI','22712111','22712111@students.uii.ac.id',NULL,NULL,NULL,NULL,NULL,NULL,NULL,NULL),
	(342,'KANIAKA VASHTI NINDITA','22712112','22712112@students.uii.ac.id',NULL,NULL,NULL,NULL,NULL,NULL,NULL,NULL),
	(343,'YANTI PURNAMA SARI','22712113','22712113@students.uii.ac.id',NULL,NULL,NULL,NULL,NULL,NULL,NULL,NULL),
	(344,'ASTRI NURUL AMANAH','22712114','22712114@students.uii.ac.id',NULL,NULL,NULL,NULL,NULL,NULL,NULL,NULL),
	(345,'MUHAMMAD RIDHO','22712115','22712115@students.uii.ac.id',NULL,NULL,NULL,NULL,NULL,NULL,NULL,NULL),
	(346,'HERJUNANTO NUR PRIYADI','22712116','22712116@students.uii.ac.id',NULL,NULL,NULL,NULL,NULL,NULL,NULL,NULL),
	(347,'NABILAH KHALISHAH ATHAYA','22712117','22712117@students.uii.ac.id',NULL,NULL,NULL,NULL,NULL,NULL,NULL,NULL),
	(348,'REHULINA DEPARI','22712118','22712118@students.uii.ac.id',NULL,NULL,NULL,NULL,NULL,NULL,NULL,NULL),
	(349,'DZIKRI RIZALDI','22712119','22712119@students.uii.ac.id',NULL,NULL,NULL,NULL,NULL,NULL,NULL,NULL),
	(350,'MAULFI NATSIR ASY\'ARI','22712120','22712120@students.uii.ac.id',NULL,NULL,NULL,NULL,NULL,NULL,NULL,NULL),
	(351,'DITA JULIANA PRAVITA','22712121','22712121@students.uii.ac.id',NULL,NULL,NULL,NULL,NULL,NULL,NULL,NULL),
	(352,'NAOMI NABILA PRAMAYANTI','22712122','22712122@students.uii.ac.id',NULL,NULL,NULL,NULL,NULL,NULL,NULL,NULL),
	(353,'ANISYAH OCTAVIONITA','22712123','22712123@students.uii.ac.id',NULL,NULL,NULL,NULL,NULL,NULL,NULL,NULL),
	(354,'SALSABILLA PERMATA HANI','22712124','22712124@students.uii.ac.id',NULL,NULL,NULL,NULL,NULL,NULL,NULL,NULL),
	(355,'ADINDA PUTRI SANTOSO','22712125','22712125@students.uii.ac.id',NULL,NULL,NULL,NULL,NULL,NULL,NULL,NULL),
	(356,'TISYA RIZKY TRIANANDA','22712126','22712126@students.uii.ac.id',NULL,NULL,NULL,NULL,NULL,NULL,NULL,NULL),
	(357,'RIANTISYA AMANDHA PRATIDINA','22712127','22712127@students.uii.ac.id',NULL,NULL,NULL,NULL,NULL,NULL,NULL,NULL),
	(358,'DHIA FARAH IBTISAM','22712128','22712128@students.uii.ac.id',NULL,NULL,NULL,NULL,NULL,NULL,NULL,NULL),
	(359,'ANISA TRI ASTUTI','22712129','22712129@students.uii.ac.id',NULL,NULL,NULL,NULL,NULL,NULL,NULL,NULL),
	(360,'CHAESHA GYANOVLIA','22712130','22712130@students.uii.ac.id',NULL,NULL,NULL,NULL,NULL,NULL,NULL,NULL),
	(361,'HOSEA JONA YULIADA','22712131','22712131@students.uii.ac.id',NULL,NULL,NULL,NULL,NULL,NULL,NULL,NULL),
	(362,'INTAN KUSUMANINGTYAS','22712132','22712132@students.uii.ac.id',NULL,NULL,NULL,NULL,NULL,NULL,NULL,NULL),
	(363,'ELYZA NURULITA SYARI','22712133','22712133@students.uii.ac.id',NULL,NULL,NULL,NULL,NULL,NULL,NULL,NULL),
	(364,'DIASTASYA AULIA PUTRI IKHROMI','22712134','22712134@students.uii.ac.id',NULL,NULL,NULL,NULL,NULL,NULL,NULL,NULL),
	(365,'JERRIULLAH','22712135','22712135@students.uii.ac.id',NULL,NULL,NULL,NULL,NULL,NULL,NULL,NULL),
	(366,'KATON PAMUNGKAS','22712136','22712136@students.uii.ac.id',NULL,NULL,NULL,NULL,NULL,NULL,NULL,NULL),
	(367,'ABIDAH NAJLA SALSABILA','23712001','23712001@students.uii.ac.id',NULL,NULL,NULL,NULL,NULL,NULL,NULL,NULL),
	(368,'ADE RAHMA RUCITRA','23712002','23712002@students.uii.ac.id',NULL,NULL,NULL,NULL,NULL,NULL,NULL,NULL),
	(369,'ADI NUGRAHA','23712003','23712003@students.uii.ac.id',NULL,NULL,NULL,NULL,NULL,NULL,NULL,NULL),
	(370,'AGHSAL DWIKI NOVANDA','23712004','23712004@students.uii.ac.id',NULL,NULL,NULL,NULL,NULL,NULL,NULL,NULL),
	(371,'AISYAH NOOR AENI','23712005','23712005@students.uii.ac.id',NULL,NULL,NULL,NULL,NULL,NULL,NULL,NULL),
	(372,'ALIFSYA WULAN AYU NAGARI','23712006','23712006@students.uii.ac.id',NULL,NULL,NULL,NULL,NULL,NULL,NULL,NULL),
	(373,'ALYA RANIAZAHRA','23712007','23712007@students.uii.ac.id',NULL,NULL,NULL,NULL,NULL,NULL,NULL,NULL),
	(374,'AMALIA ERITA HISBADIANA','23712008','23712008@students.uii.ac.id',NULL,NULL,NULL,NULL,NULL,NULL,NULL,NULL),
	(375,'AMANDA NABILAH','23712009','23712009@students.uii.ac.id',NULL,NULL,NULL,NULL,NULL,NULL,NULL,NULL),
	(376,'AMANY TAQIYYAH WARDHANI','23712010','23712010@students.uii.ac.id',NULL,NULL,NULL,NULL,NULL,NULL,NULL,NULL),
	(377,'ANDIRA AYU NINGRUM PURNAMA','23712011','23712011@students.uii.ac.id',NULL,NULL,NULL,NULL,NULL,NULL,NULL,NULL),
	(378,'ANGGA ARDHAN DERRYAWAN','23712012','23712012@students.uii.ac.id',NULL,NULL,NULL,NULL,NULL,NULL,NULL,NULL),
	(379,'ANGGHIT NAZRIL ROSYAD','23712013','23712013@students.uii.ac.id',NULL,NULL,NULL,NULL,NULL,NULL,NULL,NULL),
	(380,'ANINDYA AMANDA DAMAYANTI','23712014','23712014@students.uii.ac.id',NULL,NULL,NULL,NULL,NULL,NULL,NULL,NULL),
	(381,'ANISA SUGIYANTI','23712015','23712015@students.uii.ac.id',NULL,NULL,NULL,NULL,NULL,NULL,NULL,NULL),
	(382,'ANNISA LUTHFIATISANNY','23712016','23712016@students.uii.ac.id',NULL,NULL,NULL,NULL,NULL,NULL,NULL,NULL),
	(383,'ANNISA NADYA PRATIWI','23712017','23712017@students.uii.ac.id',NULL,NULL,NULL,NULL,NULL,NULL,NULL,NULL),
	(384,'ARIF JAMAL AR RASYID','23712018','23712018@students.uii.ac.id',NULL,NULL,NULL,NULL,NULL,NULL,NULL,NULL),
	(385,'ARNOTHALIA PERMATA PUJAKESUMA','23712019','23712019@students.uii.ac.id',NULL,NULL,NULL,NULL,NULL,NULL,NULL,NULL),
	(386,'ARVIYAN PRASETIA WENING','23712020','23712020@students.uii.ac.id',NULL,NULL,NULL,NULL,NULL,NULL,NULL,NULL),
	(387,'AZKA PRAMUDYA HARTAYA','23712021','23712021@students.uii.ac.id',NULL,NULL,NULL,NULL,NULL,NULL,NULL,NULL),
	(388,'BRILIANT FELLYTA INESTHESIA','23712022','23712022@students.uii.ac.id',NULL,NULL,NULL,NULL,NULL,NULL,NULL,NULL),
	(389,'CHANDRI NUGRA CHAHYANI','23712023','23712023@students.uii.ac.id',NULL,NULL,NULL,NULL,NULL,NULL,NULL,NULL),
	(390,'CLARISSA ANGELIA ADIPUTRI','23712024','23712024@students.uii.ac.id',NULL,NULL,NULL,NULL,NULL,NULL,NULL,NULL),
	(391,'DAVID MAHENDRATA SUDARMAN','23712025','23712025@students.uii.ac.id',NULL,NULL,NULL,NULL,NULL,NULL,NULL,NULL),
	(392,'DEMONTANTRI FEBRILIA PUTRI ANG','23712026','23712026@students.uii.ac.id',NULL,NULL,NULL,NULL,NULL,NULL,NULL,NULL),
	(393,'DIAN ASTRI NOVIANDY','23712027','23712027@students.uii.ac.id',NULL,NULL,NULL,NULL,NULL,NULL,NULL,NULL),
	(394,'DIANA TARISA PUTRI','23712028','23712028@students.uii.ac.id',NULL,NULL,NULL,NULL,NULL,NULL,NULL,NULL),
	(395,'DILA MAYSAROH','23712029','23712029@students.uii.ac.id',NULL,NULL,NULL,NULL,NULL,NULL,NULL,NULL),
	(396,'DUNIA AHMADA NUR ALIF','23712030','23712030@students.uii.ac.id',NULL,NULL,NULL,NULL,NULL,NULL,NULL,NULL),
	(397,'DWINA PERMATASARI','23712031','23712031@students.uii.ac.id',NULL,NULL,NULL,NULL,NULL,NULL,NULL,NULL),
	(398,'DYAH SEKAR AYU KUSUMANINGPUTRI','23712032','23712032@students.uii.ac.id',NULL,NULL,NULL,NULL,NULL,NULL,NULL,NULL),
	(399,'ERICO RIZQI YAKSON','23712033','23712033@students.uii.ac.id',NULL,NULL,NULL,NULL,NULL,NULL,NULL,NULL),
	(400,'EVITA YULIAN JATI','23712034','23712034@students.uii.ac.id',NULL,NULL,NULL,NULL,NULL,NULL,NULL,NULL),
	(401,'FADILLA RIESTY','23712035','23712035@students.uii.ac.id',NULL,NULL,NULL,NULL,NULL,NULL,NULL,NULL),
	(402,'FALIH AZIS','23712036','23712036@students.uii.ac.id',NULL,NULL,NULL,NULL,NULL,NULL,NULL,NULL),
	(403,'FANNY ANGGIASTUTI FATIMA','23712037','23712037@students.uii.ac.id',NULL,NULL,NULL,NULL,NULL,NULL,NULL,NULL),
	(404,'FARREL MUHAMMAD ARKAAN','23712038','23712038@students.uii.ac.id',NULL,NULL,NULL,NULL,NULL,NULL,NULL,NULL),
	(405,'FATHIYATUL MUDZKIROH','23712039','23712039@students.uii.ac.id',NULL,NULL,NULL,NULL,NULL,NULL,NULL,NULL),
	(406,'FAYIK NISAUL BALAD ROSADI','23712040','23712040@students.uii.ac.id',NULL,NULL,NULL,NULL,NULL,NULL,NULL,NULL),
	(407,'FIDELA RIFDHAWATI','23712041','23712041@students.uii.ac.id',NULL,NULL,NULL,NULL,NULL,NULL,NULL,NULL),
	(408,'FISKA APRILIANO BARIKLANA','23712042','23712042@students.uii.ac.id',NULL,NULL,NULL,NULL,NULL,NULL,NULL,NULL),
	(409,'GEVIRA ALINE HILYA','23712043','23712043@students.uii.ac.id',NULL,NULL,NULL,NULL,NULL,NULL,NULL,NULL),
	(410,'HAFIZHOH MUQAYYAM','23712044','23712044@students.uii.ac.id',NULL,NULL,NULL,NULL,NULL,NULL,NULL,NULL),
	(411,'HAIDAR AHMAD GHIFFARI','23712045','23712045@students.uii.ac.id',NULL,NULL,NULL,NULL,NULL,NULL,NULL,NULL),
	(412,'HANA DELFINA TRISATYA','23712046','23712046@students.uii.ac.id',NULL,NULL,NULL,NULL,NULL,NULL,NULL,NULL),
	(413,'HANIFAH RIFDA NURAINI','23712047','23712047@students.uii.ac.id',NULL,NULL,NULL,NULL,NULL,NULL,NULL,NULL),
	(414,'HANINTYA FILDZA ADHANI','23712048','23712048@students.uii.ac.id',NULL,NULL,NULL,NULL,NULL,NULL,NULL,NULL),
	(415,'HERWINASLA PURNANABILA','23712049','23712049@students.uii.ac.id',NULL,NULL,NULL,NULL,NULL,NULL,NULL,NULL),
	(416,'HILDA AULIYA RINANDA','23712050','23712050@students.uii.ac.id',NULL,NULL,NULL,NULL,NULL,NULL,NULL,NULL),
	(417,'IIN NURSEPTYANI WULANDARI','23712051','23712051@students.uii.ac.id',NULL,NULL,NULL,NULL,NULL,NULL,NULL,NULL),
	(418,'INDAH SYAVITRI','23712052','23712052@students.uii.ac.id',NULL,NULL,NULL,NULL,NULL,NULL,NULL,NULL),
	(419,'INDRI PURNAMASARI','23712053','23712053@students.uii.ac.id',NULL,NULL,NULL,NULL,NULL,NULL,NULL,NULL),
	(420,'IRFAN MAULANA SUMARNA','23712054','23712054@students.uii.ac.id',NULL,NULL,NULL,NULL,NULL,NULL,NULL,NULL),
	(421,'ITSNA CHAIRUNNISA','23712055','23712055@students.uii.ac.id',NULL,NULL,NULL,NULL,NULL,NULL,NULL,NULL),
	(422,'JIHAN IRBAH SALSABILA','23712056','23712056@students.uii.ac.id',NULL,NULL,NULL,NULL,NULL,NULL,NULL,NULL),
	(423,'KAHAYA AININ ASYA','23712057','23712057@students.uii.ac.id',NULL,NULL,NULL,NULL,NULL,NULL,NULL,NULL),
	(424,'KAMILA MAULAANI FITRI','23712058','23712058@students.uii.ac.id',NULL,NULL,NULL,NULL,NULL,NULL,NULL,NULL),
	(425,'KHANSA ALIKA FILANDRA','23712059','23712059@students.uii.ac.id',NULL,NULL,NULL,NULL,NULL,NULL,NULL,NULL),
	(426,'KHOTIMAH ZAHROTUS SYIFA','23712060','23712060@students.uii.ac.id',NULL,NULL,NULL,NULL,NULL,NULL,NULL,NULL),
	(427,'LAILI NOOR FITRIYANA','23712061','23712061@students.uii.ac.id',NULL,NULL,NULL,NULL,NULL,NULL,NULL,NULL),
	(428,'LAURA AMELLIA','23712062','23712062@students.uii.ac.id',NULL,NULL,NULL,NULL,NULL,NULL,NULL,NULL),
	(429,'MARITZA JASMINE AZZAHRA','23712063','23712063@students.uii.ac.id',NULL,NULL,NULL,NULL,NULL,NULL,NULL,NULL),
	(430,'MEGA PUSPA NURANI','23712064','23712064@students.uii.ac.id',NULL,NULL,NULL,NULL,NULL,NULL,NULL,NULL),
	(431,'MOHAMMED BISMA ANANTA','23712065','23712065@students.uii.ac.id',NULL,NULL,NULL,NULL,NULL,NULL,NULL,NULL),
	(432,'MUHADZIB ASHIMULHAQ','23712066','23712066@students.uii.ac.id',NULL,NULL,NULL,NULL,NULL,NULL,NULL,NULL),
	(433,'MUHAMMAD ARIQ NAUFAL AROFIQ','23712067','23712067@students.uii.ac.id',NULL,NULL,NULL,NULL,NULL,NULL,NULL,NULL),
	(434,'MUHAMMAD IHSAN MUMTAZ GHIFARI ','23712068','23712068@students.uii.ac.id',NULL,NULL,NULL,NULL,NULL,NULL,NULL,NULL),
	(435,'MUHAMMAD IVAN HIDAYAT','23712069','23712069@students.uii.ac.id',NULL,NULL,NULL,NULL,NULL,NULL,NULL,NULL),
	(436,'MUHAMMAD RAKHA PRATAMA','23712070','23712070@students.uii.ac.id',NULL,NULL,NULL,NULL,NULL,NULL,NULL,NULL),
	(437,'MUHAMMAD TAUFIQURRAHMAN GURETN','23712071','23712071@students.uii.ac.id',NULL,NULL,NULL,NULL,NULL,NULL,NULL,NULL),
	(438,'MUHAMMAD WIRAWAN NEGARA','23712072','23712072@students.uii.ac.id',NULL,NULL,NULL,NULL,NULL,NULL,NULL,NULL),
	(439,'MUHAMMAD YUSUF ILHAM','23712073','23712073@students.uii.ac.id',NULL,NULL,NULL,NULL,NULL,NULL,NULL,NULL),
	(440,'MUKHAMMAD FAKHRI','23712074','23712074@students.uii.ac.id',NULL,NULL,NULL,NULL,NULL,NULL,NULL,NULL),
	(441,'MUTIA KINTAN UTAMI','23712075','23712075@students.uii.ac.id',NULL,NULL,NULL,NULL,NULL,NULL,NULL,NULL),
	(442,'NADYA EKA PUTRI','23712076','23712076@students.uii.ac.id',NULL,NULL,NULL,NULL,NULL,NULL,NULL,NULL),
	(443,'NAILA SALIM SUPARLAN','23712077','23712077@students.uii.ac.id',NULL,NULL,NULL,NULL,NULL,NULL,NULL,NULL),
	(444,'NAUFAL AMMAR AMAANULLAH YUNUS','23712078','23712078@students.uii.ac.id',NULL,NULL,NULL,NULL,NULL,NULL,NULL,NULL),
	(445,'NAZALA SAFIRA','23712079','23712079@students.uii.ac.id',NULL,NULL,NULL,NULL,NULL,NULL,NULL,NULL),
	(446,'NIDA KHOIROTUNNISA','23712080','23712080@students.uii.ac.id',NULL,NULL,NULL,NULL,NULL,NULL,NULL,NULL),
	(447,'NISRIINAA SAARAH NUUR NABIILAH','23712081','23712081@students.uii.ac.id',NULL,NULL,NULL,NULL,NULL,NULL,NULL,NULL),
	(448,'NISRINA ANGGRAENI','23712082','23712082@students.uii.ac.id',NULL,NULL,NULL,NULL,NULL,NULL,NULL,NULL),
	(449,'NISRINA NABILA','23712083','23712083@students.uii.ac.id',NULL,NULL,NULL,NULL,NULL,NULL,NULL,NULL),
	(450,'NORICA LUTHFI ARFIN PRASETYO','23712084','23712084@students.uii.ac.id',NULL,NULL,NULL,NULL,NULL,NULL,NULL,NULL),
	(451,'PANDU FEBRILIANTO','23712085','23712085@students.uii.ac.id',NULL,NULL,NULL,NULL,NULL,NULL,NULL,NULL),
	(452,'PRAMUDITO RATMADINUGROHO','23712086','23712086@students.uii.ac.id',NULL,NULL,NULL,NULL,NULL,NULL,NULL,NULL),
	(453,'PRATIWI SULISTYANINGDIYAH','23712087','23712087@students.uii.ac.id',NULL,NULL,NULL,NULL,NULL,NULL,NULL,NULL),
	(454,'RAAFI HAIDAR ARRASYID','23712088','23712088@students.uii.ac.id',NULL,NULL,NULL,NULL,NULL,NULL,NULL,NULL),
	(455,'RACHEL KHANZA MUTIA','23712089','23712089@students.uii.ac.id',NULL,NULL,NULL,NULL,NULL,NULL,NULL,NULL),
	(456,'RADEN MUHAMMAD BAGUS MULIAWAN','23712090','23712090@students.uii.ac.id',NULL,NULL,NULL,NULL,NULL,NULL,NULL,NULL),
	(457,'RAHAJENG PURBANINGRUM ROSYADI','23712091','23712091@students.uii.ac.id',NULL,NULL,NULL,NULL,NULL,NULL,NULL,NULL),
	(458,'RAISA KAMILA PUTRI','23712092','23712092@students.uii.ac.id',NULL,NULL,NULL,NULL,NULL,NULL,NULL,NULL),
	(459,'RAMADHANIA AFIFAH PUTRI','23712093','23712093@students.uii.ac.id',NULL,NULL,NULL,NULL,NULL,NULL,NULL,NULL),
	(460,'RANA AULIA FARAH KAMILA','23712094','23712094@students.uii.ac.id',NULL,NULL,NULL,NULL,NULL,NULL,NULL,NULL),
	(461,'REDITA AULIA FAUZIYYA','23712095','23712095@students.uii.ac.id',NULL,NULL,NULL,NULL,NULL,NULL,NULL,NULL),
	(462,'RENALDY SUPRAYOGA RAMADHAN','23712096','23712096@students.uii.ac.id',NULL,NULL,NULL,NULL,NULL,NULL,NULL,NULL),
	(463,'RIFA ALIFIA ATIKA','23712097','23712097@students.uii.ac.id',NULL,NULL,NULL,NULL,NULL,NULL,NULL,NULL),
	(464,'RINA HILMINA','23712098','23712098@students.uii.ac.id',NULL,NULL,NULL,NULL,NULL,NULL,NULL,NULL),
	(465,'RISMA WIDIASTUTI','23712099','23712099@students.uii.ac.id',NULL,NULL,NULL,NULL,NULL,NULL,NULL,NULL),
	(466,'RIZKI SISKA FITRIANI','23712100','23712100@students.uii.ac.id',NULL,NULL,NULL,NULL,NULL,NULL,NULL,NULL),
	(467,'RIZKY NURIZZATI PUTRI','23712101','23712101@students.uii.ac.id',NULL,NULL,NULL,NULL,NULL,NULL,NULL,NULL),
	(468,'ROZINESTY ODELIA ARISSAPUTRI','23712102','23712102@students.uii.ac.id',NULL,NULL,NULL,NULL,NULL,NULL,NULL,NULL),
	(469,'RUDNABILA MUTIARA HUSNADEWI','23712103','23712103@students.uii.ac.id',NULL,NULL,NULL,NULL,NULL,NULL,NULL,NULL),
	(470,'RURY ANNIDA RACHMAN','23712104','23712104@students.uii.ac.id',NULL,NULL,NULL,NULL,NULL,NULL,NULL,NULL),
	(471,'SAJJAD KHAIRUNNAS','23712105','23712105@students.uii.ac.id',NULL,NULL,NULL,NULL,NULL,NULL,NULL,NULL),
	(472,'SAKTI PRATAMI DUVADILAN','23712106','23712106@students.uii.ac.id',NULL,NULL,NULL,NULL,NULL,NULL,NULL,NULL),
	(473,'SALMA HERYSNI','23712107','23712107@students.uii.ac.id',NULL,NULL,NULL,NULL,NULL,NULL,NULL,NULL),
	(474,'SALSABILA GHINA NURAINI','23712108','23712108@students.uii.ac.id',NULL,NULL,NULL,NULL,NULL,NULL,NULL,NULL),
	(475,'SALSABILA ZANNUBA KURNIAWAN','23712109','23712109@students.uii.ac.id',NULL,NULL,NULL,NULL,NULL,NULL,NULL,NULL),
	(476,'SATRIA LUTFI HANATA SAMUDRA','23712110','23712110@students.uii.ac.id',NULL,NULL,NULL,NULL,NULL,NULL,NULL,NULL),
	(477,'SHAFEEQ ABIYOGA FAWRESTU','23712111','23712111@students.uii.ac.id',NULL,NULL,NULL,NULL,NULL,NULL,NULL,NULL),
	(478,'SHAFINA NUHA AGUSETYAWAN','23712112','23712112@students.uii.ac.id',NULL,NULL,NULL,NULL,NULL,NULL,NULL,NULL),
	(479,'SHAFIRA RAMADHANI','23712113','23712113@students.uii.ac.id',NULL,NULL,NULL,NULL,NULL,NULL,NULL,NULL),
	(480,'SHANAZ NURFITRI PANGESTI','23712114','23712114@students.uii.ac.id',NULL,NULL,NULL,NULL,NULL,NULL,NULL,NULL),
	(481,'SHINTA MARCELYNA','23712115','23712115@students.uii.ac.id',NULL,NULL,NULL,NULL,NULL,NULL,NULL,NULL),
	(482,'SIROJUDDIN SABILI ZAIM MARZUKI','23712116','23712116@students.uii.ac.id',NULL,NULL,NULL,NULL,NULL,NULL,NULL,NULL),
	(483,'SYIFA BENITA','23712117','23712117@students.uii.ac.id',NULL,NULL,NULL,NULL,NULL,NULL,NULL,NULL),
	(484,'TAKHSILIN KUNTARIYATUL JANAH','23712118','23712118@students.uii.ac.id',NULL,NULL,NULL,NULL,NULL,NULL,NULL,NULL),
	(485,'TANIA WIRDATI PUTRI FAIZAL','23712119','23712119@students.uii.ac.id',NULL,NULL,NULL,NULL,NULL,NULL,NULL,NULL),
	(486,'TAZYKA ZAKHRA RH','23712120','23712120@students.uii.ac.id',NULL,NULL,NULL,NULL,NULL,NULL,NULL,NULL),
	(487,'TRIANA ADELIA ISMANDARI','23712121','23712121@students.uii.ac.id',NULL,NULL,NULL,NULL,NULL,NULL,NULL,NULL),
	(488,'TRIYANA INDAH PURWATI','23712122','23712122@students.uii.ac.id',NULL,NULL,NULL,NULL,NULL,NULL,NULL,NULL),
	(489,'ULIL ALBAB HABIBAH','23712123','23712123@students.uii.ac.id',NULL,NULL,NULL,NULL,NULL,NULL,NULL,NULL),
	(490,'UMI KULSUM','23712124','23712124@students.uii.ac.id',NULL,NULL,NULL,NULL,NULL,NULL,NULL,NULL),
	(491,'VANIA ALIA MARETA','23712125','23712125@students.uii.ac.id',NULL,NULL,NULL,NULL,NULL,NULL,NULL,NULL),
	(492,'VATIA LUCYANA HENDYCA','23712126','23712126@students.uii.ac.id',NULL,NULL,NULL,NULL,NULL,NULL,NULL,NULL),
	(493,'VERDINAN LARASATI','23712127','23712127@students.uii.ac.id',NULL,NULL,NULL,NULL,NULL,NULL,NULL,NULL),
	(494,'VERONICA DESTIA RAMADHANI','23712128','23712128@students.uii.ac.id',NULL,NULL,NULL,NULL,NULL,NULL,NULL,NULL),
	(495,'VINKAN PRAWIFA ZHAHRAH','23712129','23712129@students.uii.ac.id',NULL,NULL,NULL,NULL,NULL,NULL,NULL,NULL),
	(496,'VIOLETTA MEITRIE SUGIANTO','23712130','23712130@students.uii.ac.id',NULL,NULL,NULL,NULL,NULL,NULL,NULL,NULL),
	(497,'WENDA ANNISATAMA','23712131','23712131@students.uii.ac.id',NULL,NULL,NULL,NULL,NULL,NULL,NULL,NULL),
	(498,'WIDYA YURISKA PRATIWI','23712132','23712132@students.uii.ac.id',NULL,NULL,NULL,NULL,NULL,NULL,NULL,NULL),
	(499,'WINDYAN KESTRI HERDHANI','23712133','23712133@students.uii.ac.id',NULL,NULL,NULL,NULL,NULL,NULL,NULL,NULL),
	(500,'YUDHA PRATAMA','23712134','23712134@students.uii.ac.id',NULL,NULL,NULL,NULL,NULL,NULL,NULL,NULL),
	(501,'ZAVIA PUTRI SALSABILA','23712135','23712135@students.uii.ac.id',NULL,NULL,NULL,NULL,NULL,NULL,NULL,NULL),
	(502,'ZULFANIA RAHMAH','23712136','23712136@students.uii.ac.id',NULL,NULL,NULL,NULL,NULL,NULL,NULL,NULL),
	(503,'ADIMAS MARA RIVELLINO','23712137','23712137@students.uii.ac.id',NULL,NULL,NULL,NULL,NULL,NULL,NULL,NULL),
	(504,'ADREA JANE PUTRI SUSANTO','23712138','23712138@students.uii.ac.id',NULL,NULL,NULL,NULL,NULL,NULL,NULL,NULL),
	(505,'CHAERUL HADI WIDODO','23712139','23712139@students.uii.ac.id',NULL,NULL,NULL,NULL,NULL,NULL,NULL,NULL),
	(506,'DELVIA SHINTA TRIESTANTI','23712140','23712140@students.uii.ac.id',NULL,NULL,NULL,NULL,NULL,NULL,NULL,NULL),
	(507,'DIMAZ ABDILLAH DAUD ESSA','23712141','23712141@students.uii.ac.id',NULL,NULL,NULL,NULL,NULL,NULL,NULL,NULL),
	(508,'FAIRUZ MAULIDYA','23712142','23712142@students.uii.ac.id',NULL,NULL,NULL,NULL,NULL,NULL,NULL,NULL),
	(509,'FARIKHA NURFACHREZA','23712143','23712143@students.uii.ac.id',NULL,NULL,NULL,NULL,NULL,NULL,NULL,NULL),
	(510,'HARY SULAKSONO ADI','23712144','23712144@students.uii.ac.id',NULL,NULL,NULL,NULL,NULL,NULL,NULL,NULL),
	(511,'HUSNUL HUMAIROH','23712145','23712145@students.uii.ac.id',NULL,NULL,NULL,NULL,NULL,NULL,NULL,NULL),
	(512,'LATHIFAH HURUL AINI','23712146','23712146@students.uii.ac.id',NULL,NULL,NULL,NULL,NULL,NULL,NULL,NULL),
	(513,'MUHAMMAD RAFFI RISTANSYAH PUTR','23712147','23712147@students.uii.ac.id',NULL,NULL,NULL,NULL,NULL,NULL,NULL,NULL),
	(514,'NIDA FAUZIYAH','23712148','23712148@students.uii.ac.id',NULL,NULL,NULL,NULL,NULL,NULL,NULL,NULL),
	(515,'NUR FAUZIATUN FAIDAH','23712149','23712149@students.uii.ac.id',NULL,NULL,NULL,NULL,NULL,NULL,NULL,NULL),
	(516,'NURSANA A APRILLIANI TRIANTONO','23712150','23712150@students.uii.ac.id',NULL,NULL,NULL,NULL,NULL,NULL,NULL,NULL),
	(517,'NURVISA SYIFANA YUMNA','23712151','23712151@students.uii.ac.id',NULL,NULL,NULL,NULL,NULL,NULL,NULL,NULL),
	(518,'RENATA SEPHIA ALVIONA','23712152','23712152@students.uii.ac.id',NULL,NULL,NULL,NULL,NULL,NULL,NULL,NULL),
	(519,'RIFKY ARIEF BUDIMAN','23712153','23712153@students.uii.ac.id',NULL,NULL,NULL,NULL,NULL,NULL,NULL,NULL),
	(520,'RIZKA KUSUMADEWI','23712154','23712154@students.uii.ac.id',NULL,NULL,NULL,NULL,NULL,NULL,NULL,NULL),
	(521,'SEPTYA SALSABILLA','23712155','23712155@students.uii.ac.id',NULL,NULL,NULL,NULL,NULL,NULL,NULL,NULL),
	(522,'SITTI DWI WANI MUKHTARI','23712156','23712156@students.uii.ac.id',NULL,NULL,NULL,NULL,NULL,NULL,NULL,NULL),
	(523,'ZETY FITRIYANI NASHRIYATIN YUW','23712157','23712157@students.uii.ac.id',NULL,NULL,NULL,NULL,NULL,NULL,NULL,NULL),
	(524,'GHIFAR FAWWAZI','24712001','24712001@students.uii.ac.id',NULL,NULL,NULL,NULL,NULL,NULL,NULL,NULL),
	(525,'TSAVIRA NABILA','24712002','24712002@students.uii.ac.id',NULL,NULL,NULL,NULL,NULL,NULL,NULL,NULL),
	(526,'REZA WAHYUNINGSIH','24712003','24712003@students.uii.ac.id',NULL,NULL,NULL,NULL,NULL,NULL,NULL,NULL),
	(527,'MUHAMMAD RAFI FALAH','24712004','24712004@students.uii.ac.id',NULL,NULL,NULL,NULL,NULL,NULL,NULL,NULL),
	(528,'JILAN FANDINI PUTRI','24712005','24712005@students.uii.ac.id',NULL,NULL,NULL,NULL,NULL,NULL,NULL,NULL),
	(529,'ZALFA NIHAMUYASSARI KANILLA','24712006','24712006@students.uii.ac.id',NULL,NULL,NULL,NULL,NULL,NULL,NULL,NULL),
	(530,'NISA\' AL-FAIDA ARANIRI','24712007','24712007@students.uii.ac.id',NULL,NULL,NULL,NULL,NULL,NULL,NULL,NULL),
	(531,'DHANING NUGRA WICAKSANI','24712008','24712008@students.uii.ac.id',NULL,NULL,NULL,NULL,NULL,NULL,NULL,NULL),
	(532,'ILHAMNI ZEIN RUMATUMIA','24712009','24712009@students.uii.ac.id',NULL,NULL,NULL,NULL,NULL,NULL,NULL,NULL),
	(533,'ANINDA ZUNIA PRATIWI','24712010','24712010@students.uii.ac.id',NULL,NULL,NULL,NULL,NULL,NULL,NULL,NULL),
	(534,'DANISHA IZMI BAIHAQI','24712011','24712011@students.uii.ac.id',NULL,NULL,NULL,NULL,NULL,NULL,NULL,NULL),
	(535,'KHOIRUNNISA AZZAHRA','24712012','24712012@students.uii.ac.id',NULL,NULL,NULL,NULL,NULL,NULL,NULL,NULL),
	(536,'PRADHIPTA AULIA EARLYAWAN','24712013','24712013@students.uii.ac.id',NULL,NULL,NULL,NULL,NULL,NULL,NULL,NULL),
	(537,'SOPHIE CARINA NURJULIANA WAHYU PRIYATNO','24712014','24712014@students.uii.ac.id',NULL,NULL,NULL,NULL,NULL,NULL,NULL,NULL),
	(538,'MOHAMMAD MIFTAHUL ALIM','24712015','24712015@students.uii.ac.id',NULL,NULL,NULL,NULL,NULL,NULL,NULL,NULL),
	(539,'ANASTASYA SYAM RAMADHANI','24712016','24712016@students.uii.ac.id',NULL,NULL,NULL,NULL,NULL,NULL,NULL,NULL),
	(540,'LUTHFIE FAIZAL MAULANA','24712017','24712017@students.uii.ac.id',NULL,NULL,NULL,NULL,NULL,NULL,NULL,NULL),
	(541,'YASFI SURYALFIHRO AL-GHOZI','24712018','24712018@students.uii.ac.id',NULL,NULL,NULL,NULL,NULL,NULL,NULL,NULL),
	(542,'HABIB NUR FAIZI','24712019','24712019@students.uii.ac.id',NULL,NULL,NULL,NULL,NULL,NULL,NULL,NULL),
	(543,'SITI FIKTAYUNI FARKHATI','24712020','24712020@students.uii.ac.id',NULL,NULL,NULL,NULL,NULL,NULL,NULL,NULL),
	(544,'DWIKI ANGGARA PUTRA','24712021','24712021@students.uii.ac.id',NULL,NULL,NULL,NULL,NULL,NULL,NULL,NULL),
	(545,'ABELLIA PUTRI','24712022','24712022@students.uii.ac.id',NULL,NULL,NULL,NULL,NULL,NULL,NULL,NULL),
	(546,'RACHMATIA SHABRINA EKA DELLA','24712023','24712023@students.uii.ac.id',NULL,NULL,NULL,NULL,NULL,NULL,NULL,NULL),
	(547,'SEKAR HALIMAH PUTRI','24712024','24712024@students.uii.ac.id',NULL,NULL,NULL,NULL,NULL,NULL,NULL,NULL),
	(548,'ARUN FATMA RIZKY ASHARI','24712025','24712025@students.uii.ac.id',NULL,NULL,NULL,NULL,NULL,NULL,NULL,NULL),
	(549,'YOLANDA AGUSTIN NASUTION','24712026','24712026@students.uii.ac.id',NULL,NULL,NULL,NULL,NULL,NULL,NULL,NULL),
	(550,'WILLIYA IBADI','24712027','24712027@students.uii.ac.id',NULL,NULL,NULL,NULL,NULL,NULL,NULL,NULL),
	(551,'DEARESTLY RAMADHANI BAIHAQI','24712028','24712028@students.uii.ac.id',NULL,NULL,NULL,NULL,NULL,NULL,NULL,NULL),
	(552,'MUTHIA NURSETYANING FADHILAH','24712029','24712029@students.uii.ac.id',NULL,NULL,NULL,NULL,NULL,NULL,NULL,NULL),
	(553,'MUHAMMAD HAKIM ABYANTORO','24712030','24712030@students.uii.ac.id',NULL,NULL,NULL,NULL,NULL,NULL,NULL,NULL),
	(554,'MUHAMMAD RIZAL FADLY','24712031','24712031@students.uii.ac.id',NULL,NULL,NULL,NULL,NULL,NULL,NULL,NULL),
	(555,'JOCELYN KARINA VICTORIA','24712032','24712032@students.uii.ac.id',NULL,NULL,NULL,NULL,NULL,NULL,NULL,NULL),
	(556,'RIZQY ALYAA PUTRI IRAWAN','24712033','24712033@students.uii.ac.id',NULL,NULL,NULL,NULL,NULL,NULL,NULL,NULL),
	(557,'AFINA AULIYA LESTARI','24712034','24712034@students.uii.ac.id',NULL,NULL,NULL,NULL,NULL,NULL,NULL,NULL),
	(558,'SALSABILA RIANA','24712035','24712035@students.uii.ac.id',NULL,NULL,NULL,NULL,NULL,NULL,NULL,NULL),
	(559,'ANNISA PUTRI PRAMITA','24712036','24712036@students.uii.ac.id',NULL,NULL,NULL,NULL,NULL,NULL,NULL,NULL),
	(560,'SALMA NUR HAMIDAH IKHWAN','24712037','24712037@students.uii.ac.id',NULL,NULL,NULL,NULL,NULL,NULL,NULL,NULL),
	(561,'SITA HELIDA DWI RAHMA','24712038','24712038@students.uii.ac.id',NULL,NULL,NULL,NULL,NULL,NULL,NULL,NULL),
	(562,'ELLA PUTRI UTAMI ADNAN','24712039','24712039@students.uii.ac.id',NULL,NULL,NULL,NULL,NULL,NULL,NULL,NULL),
	(563,'AHMAD ALVIN NOOR MUCHTAR','24712040','24712040@students.uii.ac.id',NULL,NULL,NULL,NULL,NULL,NULL,NULL,NULL),
	(564,'DYAH AYU CIPTA ARUM','24712041','24712041@students.uii.ac.id',NULL,NULL,NULL,NULL,NULL,NULL,NULL,NULL),
	(565,'ABIYYI DZAKWAN HAFIZH ZAKI','24712042','24712042@students.uii.ac.id',NULL,NULL,NULL,NULL,NULL,NULL,NULL,NULL),
	(566,'AISHA SAVA NURAIDA','24712043','24712043@students.uii.ac.id',NULL,NULL,NULL,NULL,NULL,NULL,NULL,NULL),
	(567,'MUHTIA MAHDERINA CAHYANI','24712044','24712044@students.uii.ac.id',NULL,NULL,NULL,NULL,NULL,NULL,NULL,NULL),
	(568,'ESTI YUNIAR ANGGRIMULYA','24712045','24712045@students.uii.ac.id',NULL,NULL,NULL,NULL,NULL,NULL,NULL,NULL),
	(569,'FADHILA AMALIA ISLAMI ARIYANTI','24712046','24712046@students.uii.ac.id',NULL,NULL,NULL,NULL,NULL,NULL,NULL,NULL),
	(570,'VIDYA AMARA PURBOJATI','24712047','24712047@students.uii.ac.id',NULL,NULL,NULL,NULL,NULL,NULL,NULL,NULL),
	(571,'TINTON CANDRA SAPUTRA','24712048','24712048@students.uii.ac.id',NULL,NULL,NULL,NULL,NULL,NULL,NULL,NULL),
	(572,'RADHA RANIA','24712049','24712049@students.uii.ac.id',NULL,NULL,NULL,NULL,NULL,NULL,NULL,NULL),
	(573,'POPPY LISPYA VEFFRIADI','24712050','24712050@students.uii.ac.id',NULL,NULL,NULL,NULL,NULL,NULL,NULL,NULL),
	(574,'MARSHANDA BAYU MAULANI','24712051','24712051@students.uii.ac.id',NULL,NULL,NULL,NULL,NULL,NULL,NULL,NULL),
	(575,'SITI ZAHRA JASMINE','24712052','24712052@students.uii.ac.id',NULL,NULL,NULL,NULL,NULL,NULL,NULL,NULL),
	(576,'TARISYA WULANDARI','24712053','24712053@students.uii.ac.id',NULL,NULL,NULL,NULL,NULL,NULL,NULL,NULL),
	(577,'NAFI ILHAMSYAH','24712054','24712054@students.uii.ac.id',NULL,NULL,NULL,NULL,NULL,NULL,NULL,NULL),
	(578,'ZAKIA INTAN TIARA','24712055','24712055@students.uii.ac.id',NULL,NULL,NULL,NULL,NULL,NULL,NULL,NULL),
	(579,'LATIFA SALSABILA','24712056','24712056@students.uii.ac.id',NULL,NULL,NULL,NULL,NULL,NULL,NULL,NULL),
	(580,'SINULINGGA ARYA BIMANTARA','24712057','24712057@students.uii.ac.id',NULL,NULL,NULL,NULL,NULL,NULL,NULL,NULL),
	(581,'URVA NAJICHA SEPTIA ROSA','24712058','24712058@students.uii.ac.id',NULL,NULL,NULL,NULL,NULL,NULL,NULL,NULL),
	(582,'AHSANI TAQWIM PRIHATMAJI','24712059','24712059@students.uii.ac.id',NULL,NULL,NULL,NULL,NULL,NULL,NULL,NULL),
	(583,'SALMA FADHILA','24712060','24712060@students.uii.ac.id',NULL,NULL,NULL,NULL,NULL,NULL,NULL,NULL),
	(584,'FARADZIBA AZ ZAHRA','24712061','24712061@students.uii.ac.id',NULL,NULL,NULL,NULL,NULL,NULL,NULL,NULL),
	(585,'VENZA PERMATA DIORA','24712062','24712062@students.uii.ac.id',NULL,NULL,NULL,NULL,NULL,NULL,NULL,NULL),
	(586,'DAYANA NASUTION','24712063','24712063@students.uii.ac.id',NULL,NULL,NULL,NULL,NULL,NULL,NULL,NULL),
	(587,'AULIA KHOIRUNNISA','24712064','24712064@students.uii.ac.id',NULL,NULL,NULL,NULL,NULL,NULL,NULL,NULL),
	(588,'HAFIDHA AINUN NAZIHAH','24712065','24712065@students.uii.ac.id',NULL,NULL,NULL,NULL,NULL,NULL,NULL,NULL),
	(589,'META DECHYNTA HARVIANANDA PUTR','24712066','24712066@students.uii.ac.id',NULL,NULL,NULL,NULL,NULL,NULL,NULL,NULL),
	(590,'SYAFA NOURMA FADHLIA','24712067','24712067@students.uii.ac.id',NULL,NULL,NULL,NULL,NULL,NULL,NULL,NULL),
	(591,'MELANI DWITA SARI','24712068','24712068@students.uii.ac.id',NULL,NULL,NULL,NULL,NULL,NULL,NULL,NULL),
	(592,'TSANIYA AHDA INDRAYANI','24712069','24712069@students.uii.ac.id',NULL,NULL,NULL,NULL,NULL,NULL,NULL,NULL),
	(593,'ANINDYA PUTRI AVICIENA','24712070','24712070@students.uii.ac.id',NULL,NULL,NULL,NULL,NULL,NULL,NULL,NULL),
	(594,'MAHESWARI SAFA ADELA UTOMO','24712071','24712071@students.uii.ac.id',NULL,NULL,NULL,NULL,NULL,NULL,NULL,NULL),
	(595,'FATYA AULIYA HENING I\'TIKAFIA','24712072','24712072@students.uii.ac.id',NULL,NULL,NULL,NULL,NULL,NULL,NULL,NULL),
	(596,'GANJAR SATRIA PAMUNGKAS','24712073','24712073@students.uii.ac.id',NULL,NULL,NULL,NULL,NULL,NULL,NULL,NULL),
	(597,'DINDA MAZAYA QINTHARA','24712074','24712074@students.uii.ac.id',NULL,NULL,NULL,NULL,NULL,NULL,NULL,NULL),
	(598,'HAFIZH CAHYA ARYANSYAH','24712075','24712075@students.uii.ac.id',NULL,NULL,NULL,NULL,NULL,NULL,NULL,NULL),
	(599,'ALYA ZULFA RUHERA','24712076','24712076@students.uii.ac.id',NULL,NULL,NULL,NULL,NULL,NULL,NULL,NULL),
	(600,'ALISHA SHIBA FAIQA','24712077','24712077@students.uii.ac.id',NULL,NULL,NULL,NULL,NULL,NULL,NULL,NULL),
	(601,'FAJ\'RIAN HAIKAL FAROS','24712078','24712078@students.uii.ac.id',NULL,NULL,NULL,NULL,NULL,NULL,NULL,NULL),
	(602,'BELLA RIZKY WAILY','24712079','24712079@students.uii.ac.id',NULL,NULL,NULL,NULL,NULL,NULL,NULL,NULL),
	(603,'FANY RAHMASARI','24712080','24712080@students.uii.ac.id',NULL,NULL,NULL,NULL,NULL,NULL,NULL,NULL),
	(604,'AZMI RAIHAN','24712081','24712081@students.uii.ac.id',NULL,NULL,NULL,NULL,NULL,NULL,NULL,NULL),
	(605,'ALDISHA MUHAMMAD IZHARI','24712082','24712082@students.uii.ac.id',NULL,NULL,NULL,NULL,NULL,NULL,NULL,NULL),
	(606,'AMRITA FATHINA FAZA','24712083','24712083@students.uii.ac.id',NULL,NULL,NULL,NULL,NULL,NULL,NULL,NULL),
	(607,'KHANSANITA ATALIE SINUHAJI','24712084','24712084@students.uii.ac.id',NULL,NULL,NULL,NULL,NULL,NULL,NULL,NULL),
	(608,'ELZA NATHANIA NUR IZZAH','24712085','24712085@students.uii.ac.id',NULL,NULL,NULL,NULL,NULL,NULL,NULL,NULL),
	(609,'FIRMAN AULIA IMANULLAH','24712086','24712086@students.uii.ac.id',NULL,NULL,NULL,NULL,NULL,NULL,NULL,NULL),
	(610,'FARRAHAN FAVIVERDI','24712087','24712087@students.uii.ac.id',NULL,NULL,NULL,NULL,NULL,NULL,NULL,NULL),
	(611,'RANA DZAKY KHOIRUNNISA','24712088','24712088@students.uii.ac.id',NULL,NULL,NULL,NULL,NULL,NULL,NULL,NULL),
	(612,'FLORENCIA CLARA SETIAWAN ','24712089','24712089@students.uii.ac.id',NULL,NULL,NULL,NULL,NULL,NULL,NULL,NULL),
	(613,'AVIATNA KHARIMA SADIDA','24712090','24712090@students.uii.ac.id',NULL,NULL,NULL,NULL,NULL,NULL,NULL,NULL),
	(614,'AUFANIDA ZAKIA','24712091','24712091@students.uii.ac.id',NULL,NULL,NULL,NULL,NULL,NULL,NULL,NULL),
	(615,'FRITZIENICO ZACHARY BASKORO','24712092','24712092@students.uii.ac.id',NULL,NULL,NULL,NULL,NULL,NULL,NULL,NULL),
	(616,'DIAN SYAFIRA FITRIANI','24712093','24712093@students.uii.ac.id',NULL,NULL,NULL,NULL,NULL,NULL,NULL,NULL),
	(617,'DINA AROFATUL CHASANAH','24712094','24712094@students.uii.ac.id',NULL,NULL,NULL,NULL,NULL,NULL,NULL,NULL),
	(618,'TIFANY NATALIA PUTRY','24712095','24712095@students.uii.ac.id',NULL,NULL,NULL,NULL,NULL,NULL,NULL,NULL),
	(619,'FENDA HANIEFAPRILA PURWANTO','24712096','24712096@students.uii.ac.id',NULL,NULL,NULL,NULL,NULL,NULL,NULL,NULL),
	(620,'MUHAMAD FIRMAN ABI HIMAWAN','24712097','24712097@students.uii.ac.id',NULL,NULL,NULL,NULL,NULL,NULL,NULL,NULL),
	(621,'NABILA CHAIRANI AKHYAR','24712098','24712098@students.uii.ac.id',NULL,NULL,NULL,NULL,NULL,NULL,NULL,NULL),
	(622,'RACHEL CATRATIN NADA','24712099','24712099@students.uii.ac.id',NULL,NULL,NULL,NULL,NULL,NULL,NULL,NULL),
	(623,'ARI WAHYU LISTYAWATI','24712100','24712100@students.uii.ac.id',NULL,NULL,NULL,NULL,NULL,NULL,NULL,NULL),
	(624,'DWI ATIKA FAJRIRAYENI','24712101','24712101@students.uii.ac.id',NULL,NULL,NULL,NULL,NULL,NULL,NULL,NULL),
	(625,'SENA PRAHA PRASETYA','24712102','24712102@students.uii.ac.id',NULL,NULL,NULL,NULL,NULL,NULL,NULL,NULL),
	(626,'SUCIATI NURROHMAH','24712103','24712103@students.uii.ac.id',NULL,NULL,NULL,NULL,NULL,NULL,NULL,NULL),
	(627,'CHOFIFAH HADIYANTI PUTRI','24712104','24712104@students.uii.ac.id',NULL,NULL,NULL,NULL,NULL,NULL,NULL,NULL),
	(628,'TANIA FIDELA AMANDA','24712105','24712105@students.uii.ac.id',NULL,NULL,NULL,NULL,NULL,NULL,NULL,NULL),
	(629,'TEGUH WIRDIANSYAH','24712106','24712106@students.uii.ac.id',NULL,NULL,NULL,NULL,NULL,NULL,NULL,NULL),
	(630,'GIBRAN AKHMAD MAULANA ARUMBINANG','24712107','24712107@students.uii.ac.id',NULL,NULL,NULL,NULL,NULL,NULL,NULL,NULL),
	(631,'DAFFA ALIEF RAMADHAN','24712108','24712108@students.uii.ac.id',NULL,NULL,NULL,NULL,NULL,NULL,NULL,NULL),
	(632,'MUTIARA ANNISA','24712109','24712109@students.uii.ac.id',NULL,NULL,NULL,NULL,NULL,NULL,NULL,NULL),
	(633,'DEWI MEIRA ROSA','24712110','24712110@students.uii.ac.id',NULL,NULL,NULL,NULL,NULL,NULL,NULL,NULL),
	(634,'ROSALIANA SAIDAH','24712111','24712111@students.uii.ac.id',NULL,NULL,NULL,NULL,NULL,NULL,NULL,NULL),
	(635,'REGGYNA AMMALIA NDARI','24712112','24712112@students.uii.ac.id',NULL,NULL,NULL,NULL,NULL,NULL,NULL,NULL),
	(636,'VIORAVANTI ANUGRAHENI GUSTY ARIANT','24712113','24712113@students.uii.ac.id',NULL,NULL,NULL,NULL,NULL,NULL,NULL,NULL),
	(637,'PUTRI RANASYAFA AURA HIDAYAT','24712114','24712114@students.uii.ac.id',NULL,NULL,NULL,NULL,NULL,NULL,NULL,NULL),
	(638,'AISYA MEUTIARA HAPPY PRADISA','24712115','24712115@students.uii.ac.id',NULL,NULL,NULL,NULL,NULL,NULL,NULL,NULL),
	(639,'ELSA NOVANTI','24712116','24712116@students.uii.ac.id',NULL,NULL,NULL,NULL,NULL,NULL,NULL,NULL),
	(640,'SYIFA INDIRA KHAIRUNNISA ','24712117','24712117@students.uii.ac.id',NULL,NULL,NULL,NULL,NULL,NULL,NULL,NULL),
	(641,'NANDA MAFTUCHAH','24712118','24712118@students.uii.ac.id',NULL,NULL,NULL,NULL,NULL,NULL,NULL,NULL),
	(642,'AFSANA FAIRUZA MUSHOLLIN','24712119','24712119@students.uii.ac.id',NULL,NULL,NULL,NULL,NULL,NULL,NULL,NULL),
	(643,'ZAHIRA RAHMAH FADILAH','24712120','24712120@students.uii.ac.id',NULL,NULL,NULL,NULL,NULL,NULL,NULL,NULL),
	(644,'BAIQ BENING SENJARANI','24712121','24712121@students.uii.ac.id',NULL,NULL,NULL,NULL,NULL,NULL,NULL,NULL),
	(645,'ALFI SACHDEVA AZIZ WAKTAR ','24712122','24712122@students.uii.ac.id',NULL,NULL,NULL,NULL,NULL,NULL,NULL,NULL),
	(646,'ARINI DWI KURNIA SARI','24712123','24712123@students.uii.ac.id',NULL,NULL,NULL,NULL,NULL,NULL,NULL,NULL),
	(647,'MUHAMMAD DHAFFA ASHRAF FAHREZY','24712124','24712124@students.uii.ac.id',NULL,NULL,NULL,NULL,NULL,NULL,NULL,NULL),
	(648,'ANDINI WAHYU WEDANINGTYAS ','24712125','24712125@students.uii.ac.id',NULL,NULL,NULL,NULL,NULL,NULL,NULL,NULL),
	(649,'TRIANDINI','24712126','24712126@students.uii.ac.id',NULL,NULL,NULL,NULL,NULL,NULL,NULL,NULL),
	(650,'MUHAMMAD RAIHAN IRFANI HAIKAL','24712127','24712127@students.uii.ac.id',NULL,NULL,NULL,NULL,NULL,NULL,NULL,NULL),
	(651,'FIRDHA ARISANDRA DWI ARRYANTI','24712128','24712128@students.uii.ac.id',NULL,NULL,NULL,NULL,NULL,NULL,NULL,NULL),
	(652,'MIFTAHUL KHOIRIYAH','24712129','24712129@students.uii.ac.id',NULL,NULL,NULL,NULL,NULL,NULL,NULL,NULL),
	(653,'HEKSA AULIA','24712130','24712130@students.uii.ac.id',NULL,NULL,NULL,NULL,NULL,NULL,NULL,NULL),
	(654,'AAN TRI LUTFI MUHAMMAD','24712131','24712131@students.uii.ac.id',NULL,NULL,NULL,NULL,NULL,NULL,NULL,NULL),
	(655,'RAISA INDIRA NAYU','24712132','24712132@students.uii.ac.id',NULL,NULL,NULL,NULL,NULL,NULL,NULL,NULL),
	(656,'NAJIB WIDYA PRIYANGGA','24712133','24712133@students.uii.ac.id',NULL,NULL,NULL,NULL,NULL,NULL,NULL,NULL),
	(657,'RIJALUDIN ABDURRAHMAN','24712134','24712134@students.uii.ac.id',NULL,NULL,NULL,NULL,NULL,NULL,NULL,NULL),
	(658,'HISYAM HARTAMAN PUTRA','24712135','24712135@students.uii.ac.id',NULL,NULL,NULL,NULL,NULL,NULL,NULL,NULL),
	(659,'ANDINI NURUL SUCI','24712136','24712136@students.uii.ac.id',NULL,NULL,NULL,NULL,NULL,NULL,NULL,NULL),
	(660,'NARAVITTO AD-DIMASYQI','24712137','24712137@students.uii.ac.id',NULL,NULL,NULL,NULL,NULL,NULL,NULL,NULL),
	(661,'MISHBAKHUL LUTHFI','24712138','24712138@students.uii.ac.id',NULL,NULL,NULL,NULL,NULL,NULL,NULL,NULL),
	(662,'AULIA ISNAINI RAHMATUNA\'IM','24712139','24712139@students.uii.ac.id',NULL,NULL,NULL,NULL,NULL,NULL,NULL,NULL),
	(663,'ERLIANITA RACHMAWATI','24712140','24712140@students.uii.ac.id',NULL,NULL,NULL,NULL,NULL,NULL,NULL,NULL),
	(664,'INTAN TSAQIILA','24712141','24712141@students.uii.ac.id',NULL,NULL,NULL,NULL,NULL,NULL,NULL,NULL),
	(665,'MUHAMMAD YUSUF HILMY','24712142','24712142@students.uii.ac.id',NULL,NULL,NULL,NULL,NULL,NULL,NULL,NULL),
	(666,'NAGITA DINAYA SASTY','24712143','24712143@students.uii.ac.id',NULL,NULL,NULL,NULL,NULL,NULL,NULL,NULL),
	(667,'SITI ZALZABILA OKTAVIANI PUTRI AT-TIIN','24712144','24712144@students.uii.ac.id',NULL,NULL,NULL,NULL,NULL,NULL,NULL,NULL),
	(668,'DAFI IRSAN SATRIA','24712145','24712145@students.uii.ac.id',NULL,NULL,NULL,NULL,NULL,NULL,NULL,NULL),
	(669,'MUHAMMAD HAFIDZ USMAN','24712146','24712146@students.uii.ac.id',NULL,NULL,NULL,NULL,NULL,NULL,NULL,NULL),
	(670,'NAURA SORAYA HAZIMA AZIZ','24712147','24712147@students.uii.ac.id',NULL,NULL,NULL,NULL,NULL,NULL,NULL,NULL),
	(671,'MUHAMMAD ARIQ RESTYAWAN','24712148','24712148@students.uii.ac.id',NULL,NULL,NULL,NULL,NULL,NULL,NULL,NULL),
	(672,'CLARESTA DIVA AFRIZA','24712149','24712149@students.uii.ac.id',NULL,NULL,NULL,NULL,NULL,NULL,NULL,NULL),
	(673,'PUTRI AISYAH PRAMESTI WAHYUDINITA','24712150','24712150@students.uii.ac.id',NULL,NULL,NULL,NULL,NULL,NULL,NULL,NULL),
	(674,'NABIL HAKIM','24712151','24712151@students.uii.ac.id',NULL,NULL,NULL,NULL,NULL,NULL,NULL,NULL),
	(675,'RIZKI FATHURRAHMAN','24712152','24712152@students.uii.ac.id',NULL,NULL,NULL,NULL,NULL,NULL,NULL,NULL),
	(676,'RESTU RAGIL AJENG PINASTI','24712153','24712153@students.uii.ac.id',NULL,NULL,NULL,NULL,NULL,NULL,NULL,NULL),
	(677,'DONA ANERA SUPROJO','24712154','24712154@students.uii.ac.id',NULL,NULL,NULL,NULL,NULL,NULL,NULL,NULL),
	(678,'ALFITRIANI ALISLAMIC BURHAMSI PUTRI','24712155','24712155@students.uii.ac.id',NULL,NULL,NULL,NULL,NULL,NULL,NULL,NULL),
	(679,'TASYA DELFINA ANDREZA','24712156','24712156@students.uii.ac.id',NULL,NULL,NULL,NULL,NULL,NULL,NULL,NULL),
	(680,'NADERA ALIA SULISTIO','24712157','24712157@students.uii.ac.id',NULL,NULL,NULL,NULL,NULL,NULL,NULL,NULL),
	(681,'TRIANA PUTRI UTAMI','24712158','24712158@students.uii.ac.id',NULL,NULL,NULL,NULL,NULL,NULL,NULL,NULL),
	(682,'RIZKY ALGHIFARI RABBANI','24712159','24712159@students.uii.ac.id',NULL,NULL,NULL,NULL,NULL,NULL,NULL,NULL),
	(683,'PREMITYA NUGRAHING PERTIWI','24712160','24712160@students.uii.ac.id',NULL,NULL,NULL,NULL,NULL,NULL,NULL,NULL),
	(684,'MARISA HANIFATUN NISA','24712161','24712161@students.uii.ac.id',NULL,NULL,NULL,NULL,NULL,NULL,NULL,NULL),
	(685,'NISRINA NIBRAS SHOFI LUTHFIYA','24712162','24712162@students.uii.ac.id',NULL,NULL,NULL,NULL,NULL,NULL,NULL,NULL),
	(686,'ABEL SANGGRA PUTRIAN','24712163','24712163@students.uii.ac.id',NULL,NULL,NULL,NULL,NULL,NULL,NULL,NULL),
	(687,'MAHARANI EKASHAFA ARTANTI','24712164','24712164@students.uii.ac.id',NULL,NULL,NULL,NULL,NULL,NULL,NULL,NULL),
	(688,'CHAIRUNNISA NUR AINI','24712165','24712165@students.uii.ac.id',NULL,NULL,NULL,NULL,NULL,NULL,NULL,NULL),
	(689,'VANESSA PERMATA PUTRI','24712166','24712166@students.uii.ac.id',NULL,NULL,NULL,NULL,NULL,NULL,NULL,NULL),
	(690,'VIRGI OLIVIA','24712167','24712167@students.uii.ac.id',NULL,NULL,NULL,NULL,NULL,NULL,NULL,NULL),
	(691,'MUHAMMAD HARIS','24712168','24712168@students.uii.ac.id',NULL,NULL,NULL,NULL,NULL,NULL,NULL,NULL),
	(692,'TALBIYAH SABDAH RIZAN TAUPIQ','24712169','24712169@students.uii.ac.id',NULL,NULL,NULL,NULL,NULL,NULL,NULL,NULL),
	(693,'VERGIAWAN WAHYU ANGGITA','24712170','24712170@students.uii.ac.id',NULL,NULL,NULL,NULL,NULL,NULL,NULL,NULL),
	(694,'GRACIA WIDI ANJANI','24712171','24712171@students.uii.ac.id',NULL,NULL,NULL,NULL,NULL,NULL,NULL,NULL),
	(695,'SIH AMALINDA NAFATIL FARIZA','24712172','24712172@students.uii.ac.id',NULL,NULL,NULL,NULL,NULL,NULL,NULL,NULL),
	(696,'ZEFIRA MATASYAH','24712173','24712173@students.uii.ac.id',NULL,NULL,NULL,NULL,NULL,NULL,NULL,NULL),
	(697,'DASCHA DEVARA BERLIANA','24712174','24712174@students.uii.ac.id',NULL,NULL,NULL,NULL,NULL,NULL,NULL,NULL),
	(698,'FIRLY AFLAHA SUBCHI','24712175','24712175@students.uii.ac.id',NULL,NULL,NULL,NULL,NULL,NULL,NULL,NULL),
	(699,'AQMAL EGA PRATAMA','24712176','24712176@students.uii.ac.id',NULL,NULL,NULL,NULL,NULL,NULL,NULL,NULL),
	(700,'ALYSSA RIONDA WARDOYO','24712177','24712177@students.uii.ac.id',NULL,NULL,NULL,NULL,NULL,NULL,NULL,NULL),
	(701,'URAY HADISTSA WASA','24712178','24712178@students.uii.ac.id',NULL,NULL,NULL,NULL,NULL,NULL,NULL,NULL),
	(702,'IRSYAD MUHAMMAD SUMARNA','24712179','24712179@students.uii.ac.id',NULL,NULL,NULL,NULL,NULL,NULL,NULL,NULL),
	(703,'IBRAHIM PASHA AL-GHIFARI','24712180','24712180@students.uii.ac.id',NULL,NULL,NULL,NULL,NULL,NULL,NULL,NULL),
	(704,'LUTFIA ZAHRA YANAYIR','24712181','24712181@students.uii.ac.id',NULL,NULL,NULL,NULL,NULL,NULL,NULL,NULL),
	(705,'ALIYYAH TSANY FIRJATUNISAH','24712182','24712182@students.uii.ac.id',NULL,NULL,NULL,NULL,NULL,NULL,NULL,NULL),
	(706,'EDELWEIS QURRATAA\'YUN AULIYALLAH','24712183','24712183@students.uii.ac.id',NULL,NULL,NULL,NULL,NULL,NULL,NULL,NULL),
	(707,'FARIZKI HANY PRASETYA','24712184','24712184@students.uii.ac.id',NULL,NULL,NULL,NULL,NULL,NULL,NULL,NULL),
	(708,'FAHIRA RAHMA NATHANIA','24712185','24712185@students.uii.ac.id',NULL,NULL,NULL,NULL,NULL,NULL,NULL,NULL),
	(709,'SHOLLA MUSYAFIA ULIN NUHA','24712186','24712186@students.uii.ac.id',NULL,NULL,NULL,NULL,NULL,NULL,NULL,NULL),
	(710,'ANDJANI HANNAH PRATIWI','24712187','24712187@students.uii.ac.id',NULL,NULL,NULL,NULL,NULL,NULL,NULL,NULL),
	(711,'NAJIBA HASNA','24712188','24712188@students.uii.ac.id',NULL,NULL,NULL,NULL,NULL,NULL,NULL,NULL),
	(712,'MUHAMMAD FARHAN FATHURRAHMAN','24712189','24712189@students.uii.ac.id',NULL,NULL,NULL,NULL,NULL,NULL,NULL,NULL),
	(713,'DARRY MUHAMMAD KHALIS','24712190','24712190@students.uii.ac.id',NULL,NULL,NULL,NULL,NULL,NULL,NULL,NULL),
	(714,'MONA SALSABILA','24712191','24712191@students.uii.ac.id',NULL,NULL,NULL,NULL,NULL,NULL,NULL,NULL),
	(715,'NUR AZIZAH FITRIANI','24712192','24712192@students.uii.ac.id',NULL,NULL,NULL,NULL,NULL,NULL,NULL,NULL),
	(716,'AMADEA NAMIRA','24712193','24712193@students.uii.ac.id',NULL,NULL,NULL,NULL,NULL,NULL,NULL,NULL),
	(717,'SALSABILA ALRILIA PUTRIATAMA','24712194','24712194@students.uii.ac.id',NULL,NULL,NULL,NULL,NULL,NULL,NULL,NULL),
	(718,'MELLY SEPTIANI SAPUTRI','24712195','24712195@students.uii.ac.id',NULL,NULL,NULL,NULL,NULL,NULL,NULL,NULL),
	(719,'MOHAMMAD ARIQ FATTIANSYAH','24712196','24712196@students.uii.ac.id',NULL,NULL,NULL,NULL,NULL,NULL,NULL,NULL),
	(720,'SALSABILA MA\'SHUMAH HAERUDIN','24712197','24712197@students.uii.ac.id',NULL,NULL,NULL,NULL,NULL,NULL,NULL,NULL),
	(721,'MICHELLE RADHIYA TSABITAH KHAMBALI','24712198','24712198@students.uii.ac.id',NULL,NULL,NULL,NULL,NULL,NULL,NULL,NULL),
	(722,'HARMADIA JASMINE CALLISTA','24712199','24712199@students.uii.ac.id',NULL,NULL,NULL,NULL,NULL,NULL,NULL,NULL),
	(723,'BAGAS NAUFALINO PRADANA','24712200','24712200@students.uii.ac.id',NULL,NULL,NULL,NULL,NULL,NULL,NULL,NULL),
	(724,'KARUNIA SAVITRI','24712201','24712201@students.uii.ac.id',NULL,NULL,NULL,NULL,NULL,NULL,NULL,NULL),
	(725,'ANARGYA NASYWA KUSTANTO','24712202','24712202@students.uii.ac.id',NULL,NULL,NULL,NULL,NULL,NULL,NULL,NULL),
	(726,'RAFIDA GALUH WARDANI','24712203','24712203@students.uii.ac.id',NULL,NULL,NULL,NULL,NULL,NULL,NULL,NULL),
	(727,'NAILAH NASYWA RUSMAWATI','24712204','24712204@students.uii.ac.id',NULL,NULL,NULL,NULL,NULL,NULL,NULL,NULL),
	(728,'DAKIYAH HASNA SALSABILA','24712205','24712205@students.uii.ac.id',NULL,NULL,NULL,NULL,NULL,NULL,NULL,NULL),
	(729,'ADELIA QUINTANTI','24712206','24712206@students.uii.ac.id',NULL,NULL,NULL,NULL,NULL,NULL,NULL,NULL),
	(730,'AURELLIA FEBRINA LISTY DAMAYANTI','24712207','24712207@students.uii.ac.id',NULL,NULL,NULL,NULL,NULL,NULL,NULL,NULL),
	(731,'ZHAFIRAH ZULFAH ZAHRAH','24712208','24712208@students.uii.ac.id',NULL,NULL,NULL,NULL,NULL,NULL,NULL,NULL),
	(732,'AISYAH FAKHIRA','24712209','24712209@students.uii.ac.id',NULL,NULL,NULL,NULL,NULL,NULL,NULL,NULL),
	(733,'ANDI MUHAMMAD IHSAN FAUZAN','24712210','24712210@students.uii.ac.id',NULL,NULL,NULL,NULL,NULL,NULL,NULL,NULL),
	(734,'MUHAMMAD YUDHA PRATAMA','24712211','24712211@students.uii.ac.id',NULL,NULL,NULL,NULL,NULL,NULL,NULL,NULL),
	(735,'TALYTHA AZLYA BELVA ARADHANA','24712212','24712212@students.uii.ac.id',NULL,NULL,NULL,NULL,NULL,NULL,NULL,NULL),
	(736,'MULLA BANI IBRAHIM YATIM','24712213','24712213@students.uii.ac.id',NULL,NULL,NULL,NULL,NULL,NULL,NULL,NULL),
	(737,'NUR HIMATI ALIYA','24712214','24712214@students.uii.ac.id',NULL,NULL,NULL,NULL,NULL,NULL,NULL,NULL),
	(738,'NOVI FARA AISHA SALMA','24712215','24712215@students.uii.ac.id',NULL,NULL,NULL,NULL,NULL,NULL,NULL,NULL),
	(739,'MUHAMMAD ARIQ ATMA SAIKA','24712216','24712216@students.uii.ac.id',NULL,NULL,NULL,NULL,NULL,NULL,NULL,NULL),
	(740,'ZAHRANI ALIFFIA PUTRI','24712217','24712217@students.uii.ac.id',NULL,NULL,NULL,NULL,NULL,NULL,NULL,NULL),
	(741,'NASHWA AMANDA FAWNIA MARPAUNG','24712218','24712218@students.uii.ac.id',NULL,NULL,NULL,NULL,NULL,NULL,NULL,NULL),
	(742,'HAFIZHAKKY BRAMULIA','24712219','24712219@students.uii.ac.id',NULL,NULL,NULL,NULL,NULL,NULL,NULL,NULL),
	(743,'NURIDHA AJENG DINIRA','24712220','24712220@students.uii.ac.id',NULL,NULL,NULL,NULL,NULL,NULL,NULL,NULL),
	(744,'BERLIAN DWI PUTRA MULYA','24712221','24712221@students.uii.ac.id',NULL,NULL,NULL,NULL,NULL,NULL,NULL,NULL),
	(745,'AZHAR FIRDAUS','24712222','24712222@students.uii.ac.id',NULL,NULL,NULL,NULL,NULL,NULL,NULL,NULL),
	(746,'NURUL NADYA','24712223','24712223@students.uii.ac.id',NULL,NULL,NULL,NULL,NULL,NULL,NULL,NULL),
	(747,'AGUNG BIPAYANA ADI WIBOWO','24712224','24712224@students.uii.ac.id',NULL,NULL,NULL,NULL,NULL,NULL,NULL,NULL),
	(748,'HENDRI YULIAN CAESAR','24712225','24712225@students.uii.ac.id',NULL,NULL,NULL,NULL,NULL,NULL,NULL,NULL),
	(749,'AMANDA SHAFIYYA','24712226','24712226@students.uii.ac.id',NULL,NULL,NULL,NULL,NULL,NULL,NULL,NULL),
	(750,'NURUL KHAIRANI ALIFYA','24712227','24712227@students.uii.ac.id',NULL,NULL,NULL,NULL,NULL,NULL,NULL,NULL),
	(751,'BAYU SULISTIO','24712228','24712228@students.uii.ac.id',NULL,NULL,NULL,NULL,NULL,NULL,NULL,NULL),
	(752,'FARHAN DWI HANDONO','24712229','24712229@students.uii.ac.id',NULL,NULL,NULL,NULL,NULL,NULL,NULL,NULL),
	(753,'LATHIFAH ZHAFIR NUGROHO','24712230','24712230@students.uii.ac.id',NULL,NULL,NULL,NULL,NULL,NULL,NULL,NULL),
	(754,'RAHMAT HIDAYAT NUR ILHAMI','24712231','24712231@students.uii.ac.id',NULL,NULL,NULL,NULL,NULL,NULL,NULL,NULL),
	(755,'AGNES WULANDARI ','24712232','24712232@students.uii.ac.id',NULL,NULL,NULL,NULL,NULL,NULL,NULL,NULL),
	(756,'SHIFANA OKTAVIA SUPRIYANTO','24712233','24712233@students.uii.ac.id',NULL,NULL,NULL,NULL,NULL,NULL,NULL,NULL),
	(757,'NAJAKHIL UMNIYATI','24712234','24712234@students.uii.ac.id',NULL,NULL,NULL,NULL,NULL,NULL,NULL,NULL),
	(758,'NABILA AMALIA RAYA','24712235','24712235@students.uii.ac.id',NULL,NULL,NULL,NULL,NULL,NULL,NULL,NULL),
	(759,'MITSAQU GHALIZHA ABDANSYAKUR','24712236','24712236@students.uii.ac.id',NULL,NULL,NULL,NULL,NULL,NULL,NULL,NULL),
	(760,'SYAFIRA ELFA RAMADHAN','24712237','24712237@students.uii.ac.id',NULL,NULL,NULL,NULL,NULL,NULL,NULL,NULL),
	(761,'RAHMADINA DJUMAIN','24712238','24712238@students.uii.ac.id',NULL,NULL,NULL,NULL,NULL,NULL,NULL,NULL),
	(762,'FATHRAH RACHMAH MADINNA MERUKH','24712239','24712239@students.uii.ac.id',NULL,NULL,NULL,NULL,NULL,NULL,NULL,NULL),
	(763,'NISA ISTIQOMAH','24712240','24712240@students.uii.ac.id',NULL,NULL,NULL,NULL,NULL,NULL,NULL,NULL),
	(764,'ALYA SAFIRA MAHARANI','24712241','24712241@students.uii.ac.id',NULL,NULL,NULL,NULL,NULL,NULL,NULL,NULL),
	(765,'SHAFIRA SALMA SA\'ADAH','24712242','24712242@students.uii.ac.id',NULL,NULL,NULL,NULL,NULL,NULL,NULL,NULL),
	(766,'DAVINA RAYSHA HILMAN','24712243','24712243@students.uii.ac.id',NULL,NULL,NULL,NULL,NULL,NULL,NULL,NULL),
	(767,'AILSA BELVA KAULIKA ','24712244','24712244@students.uii.ac.id',NULL,NULL,NULL,NULL,NULL,NULL,NULL,NULL),
	(768,'ARYADIN RIZIQ IMANIAR','24712245','24712245@students.uii.ac.id',NULL,NULL,NULL,NULL,NULL,NULL,NULL,NULL),
	(769,'RENNITA TRIYANA FATIKASARI','24712246','24712246@students.uii.ac.id',NULL,NULL,NULL,NULL,NULL,NULL,NULL,NULL),
	(770,'SANIYYAH ZAHROH NABIILAH DARMAWAN','24712247','24712247@students.uii.ac.id',NULL,NULL,NULL,NULL,NULL,NULL,NULL,NULL),
	(771,'VICK HILYA SALSABIL','24712248','24712248@students.uii.ac.id',NULL,NULL,NULL,NULL,NULL,NULL,NULL,NULL),
	(772,'MINERVA PRATAMA GEODESI','24712249','24712249@students.uii.ac.id',NULL,NULL,NULL,NULL,NULL,NULL,NULL,NULL),
	(773,'PUAN MUDA FAZILA YUSSA','24712250','24712250@students.uii.ac.id',NULL,NULL,NULL,NULL,NULL,NULL,NULL,NULL),
	(774,'RIZKY AYU DAMAYANTI','24712251','24712251@students.uii.ac.id',NULL,NULL,NULL,NULL,NULL,NULL,NULL,NULL),
	(775,'MAYLAFF BEBY ANNISA NURUL ZAHRA','24712252','24712252@students.uii.ac.id',NULL,NULL,NULL,NULL,NULL,NULL,NULL,NULL),
	(776,'NOORMA SHABRINA FARRASINTYA','24712253','24712253@students.uii.ac.id',NULL,NULL,NULL,NULL,NULL,NULL,NULL,NULL),
	(777,'NABILA KHANSA AZ ZAHRA','24712254','24712254@students.uii.ac.id',NULL,NULL,NULL,NULL,NULL,NULL,NULL,NULL),
	(778,'RAHMA  AYU  MAEKA PUTRI','24712255','24712255@students.uii.ac.id',NULL,NULL,NULL,NULL,NULL,NULL,NULL,NULL),
	(779,'LILI FARAHDINA','24712256','24712256@students.uii.ac.id',NULL,NULL,NULL,NULL,NULL,NULL,NULL,NULL),
	(780,'TEGUH SETIAWAN','24712257','24712257@students.uii.ac.id',NULL,NULL,NULL,NULL,NULL,NULL,NULL,NULL),
	(781,'SA\'DATUL KAMARIAH','24712258','24712258@students.uii.ac.id',NULL,NULL,NULL,NULL,NULL,NULL,NULL,NULL),
	(782,'SRI WAHYUNI EVI NAFISYAH','24712259','24712259@students.uii.ac.id',NULL,NULL,NULL,NULL,NULL,NULL,NULL,NULL),
	(783,'NABILLA SIFANA DEWI','24712260','24712260@students.uii.ac.id',NULL,NULL,NULL,NULL,NULL,NULL,NULL,NULL),
	(784,'CHERENS HARTA SURYANINGRUM','24712261','24712261@students.uii.ac.id',NULL,NULL,NULL,NULL,NULL,NULL,NULL,NULL),
	(785,'CALLISTA LATIFA BOYARISYA','24712262','24712262@students.uii.ac.id',NULL,NULL,NULL,NULL,NULL,NULL,NULL,NULL),
	(786,'ANNISA NABIL NADHIRA','24712263','24712263@students.uii.ac.id',NULL,NULL,NULL,NULL,NULL,NULL,NULL,NULL),
	(787,'ALVIRA DAMAYANTI','24712264','24712264@students.uii.ac.id',NULL,NULL,NULL,NULL,NULL,NULL,NULL,NULL),
	(788,'NIBROS ANWAR FAUZY','24712265','24712265@students.uii.ac.id',NULL,NULL,NULL,NULL,NULL,NULL,NULL,NULL),
	(789,'LULUS ICA SYAHIRA RIHADATUL A\'ISY','24712266','24712266@students.uii.ac.id',NULL,NULL,NULL,NULL,NULL,NULL,NULL,NULL),
	(790,'CHAVIELDA NAJMA ZHARIFA RYSINKA','24712267','24712267@students.uii.ac.id',NULL,NULL,NULL,NULL,NULL,NULL,NULL,NULL),
	(791,'SYIFA RAHMALIA ILMI','24712268','24712268@students.uii.ac.id',NULL,NULL,NULL,NULL,NULL,NULL,NULL,NULL),
	(792,'JEHAF JOVIALLAIL IHZA YUSTITIA','24712269','24712269@students.uii.ac.id',NULL,NULL,NULL,NULL,NULL,NULL,NULL,NULL),
	(793,'NAJLA AZZAH FARADILA','24712270','24712270@students.uii.ac.id',NULL,NULL,NULL,NULL,NULL,NULL,NULL,NULL),
	(794,'WANDA AQILA CHAIRANI','24712271','24712271@students.uii.ac.id',NULL,NULL,NULL,NULL,NULL,NULL,NULL,NULL),
	(795,'DEPITA RAHMA','24712272','24712272@students.uii.ac.id',NULL,NULL,NULL,NULL,NULL,NULL,NULL,NULL),
	(796,'EMILY TAQWAPUTRI','24712273','24712273@students.uii.ac.id',NULL,NULL,NULL,NULL,NULL,NULL,NULL,NULL),
	(797,'AINUR KHUSNUL KHOTIMAH','24712274','24712274@students.uii.ac.id',NULL,NULL,NULL,NULL,NULL,NULL,NULL,NULL),
	(798,'ILHAM MUKTI FIRMANSYAH','24712275','24712275@students.uii.ac.id',NULL,NULL,NULL,NULL,NULL,NULL,NULL,NULL),
	(799,'MUHAMMAD RAIHAN BINTANG PAMUNGKAS','24712276','24712276@students.uii.ac.id',NULL,NULL,NULL,NULL,NULL,NULL,NULL,NULL),
	(800,'SAFFANA MUTHIA GHASSANI','24712277','24712277@students.uii.ac.id',NULL,NULL,NULL,NULL,NULL,NULL,NULL,NULL),
	(801,'RIGEL SAYYIDINA MUHAMMAD','24712278','24712278@students.uii.ac.id',NULL,NULL,NULL,NULL,NULL,NULL,NULL,NULL),
	(802,'FRISKA FIQI RAMADHANI ','24712279','24712279@students.uii.ac.id',NULL,NULL,NULL,NULL,NULL,NULL,NULL,NULL),
	(803,'TELUNG KRIS WONG GRAGENE ','24712280','24712280@students.uii.ac.id',NULL,NULL,NULL,NULL,NULL,NULL,NULL,NULL),
	(804,'MAHROJA T. AR\'RACHMAN','24712281','24712281@students.uii.ac.id',NULL,NULL,NULL,NULL,NULL,NULL,NULL,NULL),
	(805,'ROHIMATUN NAILIS SA\'DIYAH','24712282','24712282@students.uii.ac.id',NULL,NULL,NULL,NULL,NULL,NULL,NULL,NULL),
	(806,'FARRELL FAKHREZY RANGGITO','24712283','24712283@students.uii.ac.id',NULL,NULL,NULL,NULL,NULL,NULL,NULL,NULL),
	(807,'YODI KUSMAYADI','24712284','24712284@students.uii.ac.id',NULL,NULL,NULL,NULL,NULL,NULL,NULL,NULL),
	(808,'TSABITA ALISTYA NADIRANI','24712285','24712285@students.uii.ac.id',NULL,NULL,NULL,NULL,NULL,NULL,NULL,NULL),
	(809,'IMADUL AQIL YUWONO','24712286','24712286@students.uii.ac.id',NULL,NULL,NULL,NULL,NULL,NULL,NULL,NULL),
	(810,'MUHAMMAD IQBAL MAHFUZH','24712287','24712287@students.uii.ac.id',NULL,NULL,NULL,NULL,NULL,NULL,NULL,NULL),
	(811,'NADIA LAILI NAFISA M','24712288','24712288@students.uii.ac.id',NULL,NULL,NULL,NULL,NULL,NULL,NULL,NULL),
	(812,'VEBRIANA PUJI ASTUTI','24712289','24712289@students.uii.ac.id',NULL,NULL,NULL,NULL,NULL,NULL,NULL,NULL),
	(813,'AZALIA YAQIN INTAN PRAMESHI','24712290','24712290@students.uii.ac.id',NULL,NULL,NULL,NULL,NULL,NULL,NULL,NULL),
	(814,'DIANA TAZRIQA','24712291','24712291@students.uii.ac.id',NULL,NULL,NULL,NULL,NULL,NULL,NULL,NULL),
	(815,'MARYAM AZIZAH','24712292','24712292@students.uii.ac.id',NULL,NULL,NULL,NULL,NULL,NULL,NULL,NULL),
	(816,'SALSABILA MAYZA NAURAH','24712293','24712293@students.uii.ac.id',NULL,NULL,NULL,NULL,NULL,NULL,NULL,NULL),
	(817,'NATYA LAKSHITA ARDHANANESWARI RIYANTO','24712294','24712294@students.uii.ac.id',NULL,NULL,NULL,NULL,NULL,NULL,NULL,NULL),
	(818,'NAILA HAURA AZ-ZAHRA','24712295','24712295@students.uii.ac.id',NULL,NULL,NULL,NULL,NULL,NULL,NULL,NULL),
	(819,'ARSYILLA AULIA\' HABSY','24712296','24712296@students.uii.ac.id',NULL,NULL,NULL,NULL,NULL,NULL,NULL,NULL),
	(820,'FIEDO ALTHAF ZUFARIANTO','24712297','24712297@students.uii.ac.id',NULL,NULL,NULL,NULL,NULL,NULL,NULL,NULL);

/*!40000 ALTER TABLE `users` ENABLE KEYS */;
UNLOCK TABLES;



/*!40111 SET SQL_NOTES=@OLD_SQL_NOTES */;
/*!40101 SET SQL_MODE=@OLD_SQL_MODE */;
/*!40014 SET FOREIGN_KEY_CHECKS=@OLD_FOREIGN_KEY_CHECKS */;
/*!40101 SET CHARACTER_SET_CLIENT=@OLD_CHARACTER_SET_CLIENT */;
/*!40101 SET CHARACTER_SET_RESULTS=@OLD_CHARACTER_SET_RESULTS */;
/*!40101 SET COLLATION_CONNECTION=@OLD_COLLATION_CONNECTION */;
